order_id,order_date,order_time,menu_item_id,item_name,category,price
1,2023-01-01,0 days 11:38:36,109,Korean Beef Bowl,Asian,17.95
2,2023-01-01,0 days 11:57:40,108,Tofu Pad Thai,Asian,14.5
2,2023-01-01,0 days 11:57:40,124,Spaghetti,Italian,14.5
2,2023-01-01,0 days 11:57:40,117,Chicken Burrito,Mexican,12.95
2,2023-01-01,0 days 11:57:40,129,Mushroom Ravioli,Italian,15.5
2,2023-01-01,0 days 11:57:40,106,French Fries,American,7.0
3,2023-01-01,0 days 12:12:28,117,Chicken Burrito,Mexican,12.95
3,2023-01-01,0 days 12:12:28,119,Chicken Torta,Mexican,11.95
4,2023-01-01,0 days 12:16:31,117,Chicken Burrito,Mexican,12.95
5,2023-01-01,0 days 12:21:30,117,Chicken Burrito,Mexican,12.95
6,2023-01-01,0 days 12:29:36,101,Hamburger,American,12.95
6,2023-01-01,0 days 12:29:36,114,Potstickers,Asian,9.0
7,2023-01-01,0 days 12:50:37,123,Chips & Guacamole,Mexican,9.0
8,2023-01-01,0 days 12:51:37,123,Chips & Guacamole,Mexican,9.0
9,2023-01-01,0 days 12:52:01,108,Tofu Pad Thai,Asian,14.5
9,2023-01-01,0 days 12:52:01,126,Fettuccine Alfredo,Italian,14.5
9,2023-01-01,0 days 12:52:01,110,Pork Ramen,Asian,17.95
9,2023-01-01,0 days 12:52:01,117,Chicken Burrito,Mexican,12.95
9,2023-01-01,0 days 12:52:01,117,Chicken Burrito,Mexican,12.95
9,2023-01-01,0 days 12:52:01,129,Mushroom Ravioli,Italian,15.5
9,2023-01-01,0 days 12:52:01,122,Chips & Salsa,Mexican,7.0
9,2023-01-01,0 days 12:52:01,130,Shrimp Scampi,Italian,19.95
9,2023-01-01,0 days 12:52:01,132,Eggplant Parmesan,Italian,16.95
10,2023-01-01,0 days 13:00:15,129,Mushroom Ravioli,Italian,15.5
10,2023-01-01,0 days 13:00:15,105,Mac & Cheese,American,7.0
11,2023-01-01,0 days 13:02:59,101,Hamburger,American,12.95
11,2023-01-01,0 days 13:02:59,102,Cheeseburger,American,13.95
11,2023-01-01,0 days 13:02:59,102,Cheeseburger,American,13.95
11,2023-01-01,0 days 13:02:59,113,Edamame,Asian,5.0
12,2023-01-01,0 days 13:04:41,102,Cheeseburger,American,13.95
12,2023-01-01,0 days 13:04:41,102,Cheeseburger,American,13.95
12,2023-01-01,0 days 13:04:41,104,Veggie Burger,American,10.5
12,2023-01-01,0 days 13:04:41,117,Chicken Burrito,Mexican,12.95
13,2023-01-01,0 days 13:11:55,129,Mushroom Ravioli,Italian,15.5
14,2023-01-01,0 days 13:14:19,114,Potstickers,Asian,9.0
15,2023-01-01,0 days 13:33:00,107,Orange Chicken,Asian,16.5
15,2023-01-01,0 days 13:33:00,124,Spaghetti,Italian,14.5
15,2023-01-01,0 days 13:33:00,121,Cheese Quesadillas,Mexican,10.5
15,2023-01-01,0 days 13:33:00,114,Potstickers,Asian,9.0
16,2023-01-01,0 days 13:34:07,125,Spaghetti & Meatballs,Italian,17.95
16,2023-01-01,0 days 13:34:07,111,California Roll,Asian,11.95
16,2023-01-01,0 days 13:34:07,106,French Fries,American,7.0
17,2023-01-01,0 days 13:53:00,101,Hamburger,American,12.95
17,2023-01-01,0 days 13:53:00,116,Steak Tacos,Mexican,13.95
17,2023-01-01,0 days 13:53:00,124,Spaghetti,Italian,14.5
17,2023-01-01,0 days 13:53:00,125,Spaghetti & Meatballs,Italian,17.95
17,2023-01-01,0 days 13:53:00,117,Chicken Burrito,Mexican,12.95
17,2023-01-01,0 days 13:53:00,127,Meat Lasagna,Italian,17.95
17,2023-01-01,0 days 13:53:00,128,Cheese Lasagna,Italian,15.5
17,2023-01-01,0 days 13:53:00,129,Mushroom Ravioli,Italian,15.5
17,2023-01-01,0 days 13:53:00,118,Steak Burrito,Mexican,14.95
17,2023-01-01,0 days 13:53:00,131,Chicken Parmesan,Italian,17.95
18,2023-01-01,0 days 13:57:08,111,California Roll,Asian,11.95
19,2023-01-01,0 days 13:59:09,110,Pork Ramen,Asian,17.95
19,2023-01-01,0 days 13:59:09,120,Steak Torta,Mexican,13.95
20,2023-01-01,0 days 14:03:08,107,Orange Chicken,Asian,16.5
20,2023-01-01,0 days 14:03:08,124,Spaghetti,Italian,14.5
21,2023-01-01,0 days 14:14:29,110,Pork Ramen,Asian,17.95
22,2023-01-01,0 days 14:16:26,124,Spaghetti,Italian,14.5
22,2023-01-01,0 days 14:16:26,110,Pork Ramen,Asian,17.95
22,2023-01-01,0 days 14:16:26,105,Mac & Cheese,American,7.0
23,2023-01-01,0 days 14:19:03,105,Mac & Cheese,American,7.0
24,2023-01-01,0 days 14:23:01,101,Hamburger,American,12.95
24,2023-01-01,0 days 14:23:01,110,Pork Ramen,Asian,17.95
24,2023-01-01,0 days 14:23:01,113,Edamame,Asian,5.0
24,2023-01-01,0 days 14:23:01,119,Chicken Torta,Mexican,11.95
25,2023-01-01,0 days 14:44:44,120,Steak Torta,Mexican,13.95
25,2023-01-01,0 days 14:44:44,106,French Fries,American,7.0
26,2023-01-01,0 days 14:54:26,108,Tofu Pad Thai,Asian,14.5
26,2023-01-01,0 days 14:54:26,132,Eggplant Parmesan,Italian,16.95
27,2023-01-01,0 days 15:11:17,101,Hamburger,American,12.95
27,2023-01-01,0 days 15:11:17,108,Tofu Pad Thai,Asian,14.5
27,2023-01-01,0 days 15:11:17,131,Chicken Parmesan,Italian,17.95
28,2023-01-01,0 days 15:35:46,103,Hot Dog,American,9.0
29,2023-01-01,0 days 15:41:01,126,Fettuccine Alfredo,Italian,14.5
30,2023-01-01,0 days 15:41:25,106,French Fries,American,7.0
31,2023-01-01,0 days 15:50:18,129,Mushroom Ravioli,Italian,15.5
31,2023-01-01,0 days 15:50:18,113,Edamame,Asian,5.0
32,2023-01-01,0 days 15:53:18,107,Orange Chicken,Asian,16.5
32,2023-01-01,0 days 15:53:18,126,Fettuccine Alfredo,Italian,14.5
32,2023-01-01,0 days 15:53:18,110,Pork Ramen,Asian,17.95
32,2023-01-01,0 days 15:53:18,117,Chicken Burrito,Mexican,12.95
33,2023-01-01,0 days 15:54:08,101,Hamburger,American,12.95
33,2023-01-01,0 days 15:54:08,126,Fettuccine Alfredo,Italian,14.5
34,2023-01-01,0 days 16:21:21,114,Potstickers,Asian,9.0
35,2023-01-01,0 days 16:32:04,126,Fettuccine Alfredo,Italian,14.5
35,2023-01-01,0 days 16:32:04,112,Salmon Roll,Asian,14.95
35,2023-01-01,0 days 16:32:04,113,Edamame,Asian,5.0
35,2023-01-01,0 days 16:32:04,106,French Fries,American,7.0
36,2023-01-01,0 days 16:54:09,101,Hamburger,American,12.95
36,2023-01-01,0 days 16:54:09,108,Tofu Pad Thai,Asian,14.5
37,2023-01-01,0 days 16:56:09,117,Chicken Burrito,Mexican,12.95
37,2023-01-01,0 days 16:56:09,129,Mushroom Ravioli,Italian,15.5
38,2023-01-01,0 days 17:03:00,109,Korean Beef Bowl,Asian,17.95
38,2023-01-01,0 days 17:03:00,110,Pork Ramen,Asian,17.95
39,2023-01-01,0 days 17:07:23,117,Chicken Burrito,Mexican,12.95
40,2023-01-01,0 days 17:14:36,125,Spaghetti & Meatballs,Italian,17.95
40,2023-01-01,0 days 17:14:36,105,Mac & Cheese,American,7.0
41,2023-01-01,0 days 17:15:20,125,Spaghetti & Meatballs,Italian,17.95
41,2023-01-01,0 days 17:15:20,126,Fettuccine Alfredo,Italian,14.5
42,2023-01-01,0 days 17:28:09,107,Orange Chicken,Asian,16.5
42,2023-01-01,0 days 17:28:09,124,Spaghetti,Italian,14.5
42,2023-01-01,0 days 17:28:09,129,Mushroom Ravioli,Italian,15.5
42,2023-01-01,0 days 17:28:09,118,Steak Burrito,Mexican,14.95
43,2023-01-01,0 days 17:38:34,103,Hot Dog,American,9.0
43,2023-01-01,0 days 17:38:34,117,Chicken Burrito,Mexican,12.95
43,2023-01-01,0 days 17:38:34,118,Steak Burrito,Mexican,14.95
44,2023-01-01,0 days 17:54:20,130,Shrimp Scampi,Italian,19.95
45,2023-01-01,0 days 17:55:48,125,Spaghetti & Meatballs,Italian,17.95
45,2023-01-01,0 days 17:55:48,109,Korean Beef Bowl,Asian,17.95
45,2023-01-01,0 days 17:55:48,106,French Fries,American,7.0
46,2023-01-01,0 days 18:25:51,104,Veggie Burger,American,10.5
46,2023-01-01,0 days 18:25:51,108,Tofu Pad Thai,Asian,14.5
46,2023-01-01,0 days 18:25:51,106,French Fries,American,7.0
47,2023-01-01,0 days 18:26:34,105,Mac & Cheese,American,7.0
47,2023-01-01,0 days 18:26:34,132,Eggplant Parmesan,Italian,16.95
48,2023-01-01,0 days 18:26:42,104,Veggie Burger,American,10.5
48,2023-01-01,0 days 18:26:42,126,Fettuccine Alfredo,Italian,14.5
48,2023-01-01,0 days 18:26:42,119,Chicken Torta,Mexican,11.95
48,2023-01-01,0 days 18:26:42,122,Chips & Salsa,Mexican,7.0
49,2023-01-01,0 days 18:33:00,120,Steak Torta,Mexican,13.95
51,2023-01-01,0 days 18:48:28,101,Hamburger,American,12.95
51,2023-01-01,0 days 18:48:28,112,Salmon Roll,Asian,14.95
52,2023-01-01,0 days 18:53:02,109,Korean Beef Bowl,Asian,17.95
52,2023-01-01,0 days 18:53:02,129,Mushroom Ravioli,Italian,15.5
52,2023-01-01,0 days 18:53:02,122,Chips & Salsa,Mexican,7.0
53,2023-01-01,0 days 18:54:17,112,Salmon Roll,Asian,14.95
53,2023-01-01,0 days 18:54:17,123,Chips & Guacamole,Mexican,9.0
54,2023-01-01,0 days 19:01:45,119,Chicken Torta,Mexican,11.95
54,2023-01-01,0 days 19:01:45,106,French Fries,American,7.0
55,2023-01-01,0 days 19:03:19,118,Steak Burrito,Mexican,14.95
55,2023-01-01,0 days 19:03:19,122,Chips & Salsa,Mexican,7.0
56,2023-01-01,0 days 19:07:00,108,Tofu Pad Thai,Asian,14.5
56,2023-01-01,0 days 19:07:00,128,Cheese Lasagna,Italian,15.5
56,2023-01-01,0 days 19:07:00,105,Mac & Cheese,American,7.0
57,2023-01-01,0 days 19:10:51,108,Tofu Pad Thai,Asian,14.5
58,2023-01-01,0 days 19:30:40,124,Spaghetti,Italian,14.5
58,2023-01-01,0 days 19:30:40,113,Edamame,Asian,5.0
59,2023-01-01,0 days 19:40:08,127,Meat Lasagna,Italian,17.95
59,2023-01-01,0 days 19:40:08,112,Salmon Roll,Asian,14.95
59,2023-01-01,0 days 19:40:08,113,Edamame,Asian,5.0
60,2023-01-01,0 days 20:05:16,104,Veggie Burger,American,10.5
60,2023-01-01,0 days 20:05:16,125,Spaghetti & Meatballs,Italian,17.95
61,2023-01-01,0 days 20:08:43,101,Hamburger,American,12.95
61,2023-01-01,0 days 20:08:43,117,Chicken Burrito,Mexican,12.95
62,2023-01-01,0 days 20:50:16,101,Hamburger,American,12.95
62,2023-01-01,0 days 20:50:16,123,Chips & Guacamole,Mexican,9.0
63,2023-01-01,0 days 20:51:42,112,Salmon Roll,Asian,14.95
64,2023-01-01,0 days 20:52:08,107,Orange Chicken,Asian,16.5
65,2023-01-01,0 days 21:16:00,112,Salmon Roll,Asian,14.95
65,2023-01-01,0 days 21:16:00,120,Steak Torta,Mexican,13.95
65,2023-01-01,0 days 21:16:00,122,Chips & Salsa,Mexican,7.0
65,2023-01-01,0 days 21:16:00,123,Chips & Guacamole,Mexican,9.0
66,2023-01-01,0 days 21:47:55,108,Tofu Pad Thai,Asian,14.5
66,2023-01-01,0 days 21:47:55,110,Pork Ramen,Asian,17.95
67,2023-01-01,0 days 22:03:40,105,Mac & Cheese,American,7.0
68,2023-01-01,0 days 22:07:32,108,Tofu Pad Thai,Asian,14.5
68,2023-01-01,0 days 22:07:32,117,Chicken Burrito,Mexican,12.95
68,2023-01-01,0 days 22:07:32,117,Chicken Burrito,Mexican,12.95
69,2023-01-01,0 days 22:12:13,101,Hamburger,American,12.95
70,2023-01-02,0 days 11:38:51,127,Meat Lasagna,Italian,17.95
70,2023-01-02,0 days 11:38:51,121,Cheese Quesadillas,Mexican,10.5
71,2023-01-02,0 days 11:40:50,106,French Fries,American,7.0
72,2023-01-02,0 days 11:57:25,131,Chicken Parmesan,Italian,17.95
73,2023-01-02,0 days 11:58:56,106,French Fries,American,7.0
74,2023-01-02,0 days 12:01:12,124,Spaghetti,Italian,14.5
74,2023-01-02,0 days 12:01:12,129,Mushroom Ravioli,Italian,15.5
74,2023-01-02,0 days 12:01:12,130,Shrimp Scampi,Italian,19.95
74,2023-01-02,0 days 12:01:12,123,Chips & Guacamole,Mexican,9.0
75,2023-01-02,0 days 12:10:15,117,Chicken Burrito,Mexican,12.95
75,2023-01-02,0 days 12:10:15,128,Cheese Lasagna,Italian,15.5
75,2023-01-02,0 days 12:10:15,111,California Roll,Asian,11.95
76,2023-01-02,0 days 12:21:17,107,Orange Chicken,Asian,16.5
76,2023-01-02,0 days 12:21:17,109,Korean Beef Bowl,Asian,17.95
76,2023-01-02,0 days 12:21:17,127,Meat Lasagna,Italian,17.95
76,2023-01-02,0 days 12:21:17,122,Chips & Salsa,Mexican,7.0
77,2023-01-02,0 days 12:22:46,101,Hamburger,American,12.95
77,2023-01-02,0 days 12:22:46,109,Korean Beef Bowl,Asian,17.95
78,2023-01-02,0 days 12:28:14,107,Orange Chicken,Asian,16.5
78,2023-01-02,0 days 12:28:14,108,Tofu Pad Thai,Asian,14.5
78,2023-01-02,0 days 12:28:14,125,Spaghetti & Meatballs,Italian,17.95
78,2023-01-02,0 days 12:28:14,110,Pork Ramen,Asian,17.95
78,2023-01-02,0 days 12:28:14,122,Chips & Salsa,Mexican,7.0
78,2023-01-02,0 days 12:28:14,106,French Fries,American,7.0
79,2023-01-02,0 days 12:29:11,110,Pork Ramen,Asian,17.95
79,2023-01-02,0 days 12:29:11,112,Salmon Roll,Asian,14.95
79,2023-01-02,0 days 12:29:11,106,French Fries,American,7.0
80,2023-01-02,0 days 12:35:38,113,Edamame,Asian,5.0
80,2023-01-02,0 days 12:35:38,106,French Fries,American,7.0
81,2023-01-02,0 days 12:40:01,106,French Fries,American,7.0
82,2023-01-02,0 days 12:45:51,107,Orange Chicken,Asian,16.5
82,2023-01-02,0 days 12:45:51,102,Cheeseburger,American,13.95
82,2023-01-02,0 days 12:45:51,122,Chips & Salsa,Mexican,7.0
82,2023-01-02,0 days 12:45:51,132,Eggplant Parmesan,Italian,16.95
83,2023-01-02,0 days 12:53:27,105,Mac & Cheese,American,7.0
84,2023-01-02,0 days 13:13:41,113,Edamame,Asian,5.0
85,2023-01-02,0 days 13:34:49,108,Tofu Pad Thai,Asian,14.5
85,2023-01-02,0 days 13:34:49,108,Tofu Pad Thai,Asian,14.5
85,2023-01-02,0 days 13:34:49,117,Chicken Burrito,Mexican,12.95
85,2023-01-02,0 days 13:34:49,114,Potstickers,Asian,9.0
86,2023-01-02,0 days 13:40:31,109,Korean Beef Bowl,Asian,17.95
87,2023-01-02,0 days 14:01:02,110,Pork Ramen,Asian,17.95
87,2023-01-02,0 days 14:01:02,129,Mushroom Ravioli,Italian,15.5
87,2023-01-02,0 days 14:01:02,123,Chips & Guacamole,Mexican,9.0
87,2023-01-02,0 days 14:01:02,123,Chips & Guacamole,Mexican,9.0
88,2023-01-02,0 days 14:10:08,124,Spaghetti,Italian,14.5
89,2023-01-02,0 days 14:30:19,121,Cheese Quesadillas,Mexican,10.5
89,2023-01-02,0 days 14:30:19,106,French Fries,American,7.0
90,2023-01-02,0 days 15:08:48,120,Steak Torta,Mexican,13.95
90,2023-01-02,0 days 15:08:48,106,French Fries,American,7.0
91,2023-01-02,0 days 15:14:43,101,Hamburger,American,12.95
91,2023-01-02,0 days 15:14:43,104,Veggie Burger,American,10.5
91,2023-01-02,0 days 15:14:43,113,Edamame,Asian,5.0
92,2023-01-02,0 days 15:17:02,101,Hamburger,American,12.95
92,2023-01-02,0 days 15:17:02,117,Chicken Burrito,Mexican,12.95
92,2023-01-02,0 days 15:17:02,117,Chicken Burrito,Mexican,12.95
92,2023-01-02,0 days 15:17:02,127,Meat Lasagna,Italian,17.95
92,2023-01-02,0 days 15:17:02,113,Edamame,Asian,5.0
92,2023-01-02,0 days 15:17:02,118,Steak Burrito,Mexican,14.95
92,2023-01-02,0 days 15:17:02,131,Chicken Parmesan,Italian,17.95
92,2023-01-02,0 days 15:17:02,123,Chips & Guacamole,Mexican,9.0
92,2023-01-02,0 days 15:17:02,114,Potstickers,Asian,9.0
93,2023-01-02,0 days 15:29:31,120,Steak Torta,Mexican,13.95
94,2023-01-02,0 days 16:17:16,110,Pork Ramen,Asian,17.95
94,2023-01-02,0 days 16:17:16,105,Mac & Cheese,American,7.0
95,2023-01-02,0 days 16:18:04,111,California Roll,Asian,11.95
95,2023-01-02,0 days 16:18:04,118,Steak Burrito,Mexican,14.95
96,2023-01-02,0 days 16:21:20,111,California Roll,Asian,11.95
97,2023-01-02,0 days 16:45:33,107,Orange Chicken,Asian,16.5
98,2023-01-02,0 days 17:18:18,108,Tofu Pad Thai,Asian,14.5
98,2023-01-02,0 days 17:18:18,111,California Roll,Asian,11.95
99,2023-01-02,0 days 17:45:42,117,Chicken Burrito,Mexican,12.95
100,2023-01-02,0 days 17:46:17,109,Korean Beef Bowl,Asian,17.95
101,2023-01-02,0 days 17:51:33,102,Cheeseburger,American,13.95
101,2023-01-02,0 days 17:51:33,113,Edamame,Asian,5.0
101,2023-01-02,0 days 17:51:33,121,Cheese Quesadillas,Mexican,10.5
101,2023-01-02,0 days 17:51:33,122,Chips & Salsa,Mexican,7.0
102,2023-01-02,0 days 17:54:04,101,Hamburger,American,12.95
102,2023-01-02,0 days 17:54:04,119,Chicken Torta,Mexican,11.95
103,2023-01-02,0 days 18:02:09,123,Chips & Guacamole,Mexican,9.0
104,2023-01-02,0 days 18:02:12,101,Hamburger,American,12.95
104,2023-01-02,0 days 18:02:12,103,Hot Dog,American,9.0
104,2023-01-02,0 days 18:02:12,127,Meat Lasagna,Italian,17.95
104,2023-01-02,0 days 18:02:12,132,Eggplant Parmesan,Italian,16.95
105,2023-01-02,0 days 18:12:01,109,Korean Beef Bowl,Asian,17.95
105,2023-01-02,0 days 18:12:01,113,Edamame,Asian,5.0
105,2023-01-02,0 days 18:12:01,119,Chicken Torta,Mexican,11.95
106,2023-01-02,0 days 18:12:13,129,Mushroom Ravioli,Italian,15.5
106,2023-01-02,0 days 18:12:13,122,Chips & Salsa,Mexican,7.0
107,2023-01-02,0 days 18:25:09,102,Cheeseburger,American,13.95
107,2023-01-02,0 days 18:25:09,117,Chicken Burrito,Mexican,12.95
107,2023-01-02,0 days 18:25:09,122,Chips & Salsa,Mexican,7.0
107,2023-01-02,0 days 18:25:09,132,Eggplant Parmesan,Italian,16.95
108,2023-01-02,0 days 18:25:25,108,Tofu Pad Thai,Asian,14.5
108,2023-01-02,0 days 18:25:25,109,Korean Beef Bowl,Asian,17.95
108,2023-01-02,0 days 18:25:25,123,Chips & Guacamole,Mexican,9.0
109,2023-01-02,0 days 18:27:50,110,Pork Ramen,Asian,17.95
109,2023-01-02,0 days 18:27:50,117,Chicken Burrito,Mexican,12.95
109,2023-01-02,0 days 18:27:50,113,Edamame,Asian,5.0
109,2023-01-02,0 days 18:27:50,119,Chicken Torta,Mexican,11.95
110,2023-01-02,0 days 18:36:19,107,Orange Chicken,Asian,16.5
110,2023-01-02,0 days 18:36:19,111,California Roll,Asian,11.95
110,2023-01-02,0 days 18:36:19,121,Cheese Quesadillas,Mexican,10.5
110,2023-01-02,0 days 18:36:19,122,Chips & Salsa,Mexican,7.0
111,2023-01-02,0 days 18:38:01,102,Cheeseburger,American,13.95
111,2023-01-02,0 days 18:38:01,124,Spaghetti,Italian,14.5
111,2023-01-02,0 days 18:38:01,113,Edamame,Asian,5.0
111,2023-01-02,0 days 18:38:01,130,Shrimp Scampi,Italian,19.95
112,2023-01-02,0 days 18:41:40,113,Edamame,Asian,5.0
113,2023-01-02,0 days 18:50:21,102,Cheeseburger,American,13.95
113,2023-01-02,0 days 18:50:21,129,Mushroom Ravioli,Italian,15.5
113,2023-01-02,0 days 18:50:21,105,Mac & Cheese,American,7.0
114,2023-01-02,0 days 18:59:32,113,Edamame,Asian,5.0
114,2023-01-02,0 days 18:59:32,120,Steak Torta,Mexican,13.95
115,2023-01-02,0 days 19:05:17,107,Orange Chicken,Asian,16.5
115,2023-01-02,0 days 19:05:17,111,California Roll,Asian,11.95
115,2023-01-02,0 days 19:05:17,106,French Fries,American,7.0
116,2023-01-02,0 days 19:18:49,124,Spaghetti,Italian,14.5
117,2023-01-02,0 days 19:23:02,118,Steak Burrito,Mexican,14.95
117,2023-01-02,0 days 19:23:02,120,Steak Torta,Mexican,13.95
118,2023-01-02,0 days 19:26:59,119,Chicken Torta,Mexican,11.95
118,2023-01-02,0 days 19:26:59,131,Chicken Parmesan,Italian,17.95
119,2023-01-02,0 days 19:32:29,125,Spaghetti & Meatballs,Italian,17.95
120,2023-01-02,0 days 19:35:07,108,Tofu Pad Thai,Asian,14.5
120,2023-01-02,0 days 19:35:07,109,Korean Beef Bowl,Asian,17.95
120,2023-01-02,0 days 19:35:07,131,Chicken Parmesan,Italian,17.95
121,2023-01-02,0 days 19:38:48,101,Hamburger,American,12.95
121,2023-01-02,0 days 19:38:48,125,Spaghetti & Meatballs,Italian,17.95
121,2023-01-02,0 days 19:38:48,120,Steak Torta,Mexican,13.95
121,2023-01-02,0 days 19:38:48,105,Mac & Cheese,American,7.0
122,2023-01-02,0 days 19:50:19,117,Chicken Burrito,Mexican,12.95
123,2023-01-02,0 days 20:12:09,110,Pork Ramen,Asian,17.95
124,2023-01-02,0 days 20:12:34,101,Hamburger,American,12.95
124,2023-01-02,0 days 20:12:34,120,Steak Torta,Mexican,13.95
124,2023-01-02,0 days 20:12:34,122,Chips & Salsa,Mexican,7.0
124,2023-01-02,0 days 20:12:34,114,Potstickers,Asian,9.0
126,2023-01-02,0 days 20:53:42,132,Eggplant Parmesan,Italian,16.95
127,2023-01-02,0 days 20:58:23,113,Edamame,Asian,5.0
128,2023-01-02,0 days 21:05:06,122,Chips & Salsa,Mexican,7.0
129,2023-01-02,0 days 21:13:02,107,Orange Chicken,Asian,16.5
129,2023-01-02,0 days 21:13:02,114,Potstickers,Asian,9.0
130,2023-01-02,0 days 21:14:55,109,Korean Beef Bowl,Asian,17.95
130,2023-01-02,0 days 21:14:55,110,Pork Ramen,Asian,17.95
130,2023-01-02,0 days 21:14:55,129,Mushroom Ravioli,Italian,15.5
130,2023-01-02,0 days 21:14:55,105,Mac & Cheese,American,7.0
131,2023-01-02,0 days 21:33:10,104,Veggie Burger,American,10.5
131,2023-01-02,0 days 21:33:10,124,Spaghetti,Italian,14.5
131,2023-01-02,0 days 21:33:10,126,Fettuccine Alfredo,Italian,14.5
131,2023-01-02,0 days 21:33:10,123,Chips & Guacamole,Mexican,9.0
132,2023-01-02,0 days 21:42:45,113,Edamame,Asian,5.0
133,2023-01-02,0 days 22:00:17,101,Hamburger,American,12.95
133,2023-01-02,0 days 22:00:17,109,Korean Beef Bowl,Asian,17.95
133,2023-01-02,0 days 22:00:17,114,Potstickers,Asian,9.0
134,2023-01-02,0 days 22:13:24,107,Orange Chicken,Asian,16.5
134,2023-01-02,0 days 22:13:24,105,Mac & Cheese,American,7.0
134,2023-01-02,0 days 22:13:24,123,Chips & Guacamole,Mexican,9.0
135,2023-01-02,0 days 22:29:34,132,Eggplant Parmesan,Italian,16.95
136,2023-01-02,0 days 22:32:49,124,Spaghetti,Italian,14.5
136,2023-01-02,0 days 22:32:49,118,Steak Burrito,Mexican,14.95
137,2023-01-03,0 days 11:34:10,128,Cheese Lasagna,Italian,15.5
137,2023-01-03,0 days 11:34:10,113,Edamame,Asian,5.0
137,2023-01-03,0 days 11:34:10,122,Chips & Salsa,Mexican,7.0
138,2023-01-03,0 days 11:44:50,102,Cheeseburger,American,13.95
138,2023-01-03,0 days 11:44:50,125,Spaghetti & Meatballs,Italian,17.95
138,2023-01-03,0 days 11:44:50,127,Meat Lasagna,Italian,17.95
138,2023-01-03,0 days 11:44:50,120,Steak Torta,Mexican,13.95
139,2023-01-03,0 days 11:57:39,124,Spaghetti,Italian,14.5
140,2023-01-03,0 days 12:26:44,119,Chicken Torta,Mexican,11.95
140,2023-01-03,0 days 12:26:44,132,Eggplant Parmesan,Italian,16.95
141,2023-01-03,0 days 13:16:01,108,Tofu Pad Thai,Asian,14.5
142,2023-01-03,0 days 13:33:59,126,Fettuccine Alfredo,Italian,14.5
143,2023-01-03,0 days 13:41:36,102,Cheeseburger,American,13.95
143,2023-01-03,0 days 13:41:36,108,Tofu Pad Thai,Asian,14.5
143,2023-01-03,0 days 13:41:36,109,Korean Beef Bowl,Asian,17.95
143,2023-01-03,0 days 13:41:36,129,Mushroom Ravioli,Italian,15.5
143,2023-01-03,0 days 13:41:36,113,Edamame,Asian,5.0
143,2023-01-03,0 days 13:41:36,119,Chicken Torta,Mexican,11.95
143,2023-01-03,0 days 13:41:36,106,French Fries,American,7.0
143,2023-01-03,0 days 13:41:36,132,Eggplant Parmesan,Italian,16.95
144,2023-01-03,0 days 13:44:28,101,Hamburger,American,12.95
144,2023-01-03,0 days 13:44:28,107,Orange Chicken,Asian,16.5
144,2023-01-03,0 days 13:44:28,102,Cheeseburger,American,13.95
144,2023-01-03,0 days 13:44:28,104,Veggie Burger,American,10.5
144,2023-01-03,0 days 13:44:28,124,Spaghetti,Italian,14.5
144,2023-01-03,0 days 13:44:28,125,Spaghetti & Meatballs,Italian,17.95
144,2023-01-03,0 days 13:44:28,112,Salmon Roll,Asian,14.95
144,2023-01-03,0 days 13:44:28,105,Mac & Cheese,American,7.0
144,2023-01-03,0 days 13:44:28,105,Mac & Cheese,American,7.0
144,2023-01-03,0 days 13:44:28,122,Chips & Salsa,Mexican,7.0
144,2023-01-03,0 days 13:44:28,106,French Fries,American,7.0
144,2023-01-03,0 days 13:44:28,132,Eggplant Parmesan,Italian,16.95
145,2023-01-03,0 days 13:53:48,114,Potstickers,Asian,9.0
146,2023-01-03,0 days 14:22:10,102,Cheeseburger,American,13.95
146,2023-01-03,0 days 14:22:10,125,Spaghetti & Meatballs,Italian,17.95
146,2023-01-03,0 days 14:22:10,109,Korean Beef Bowl,Asian,17.95
148,2023-01-03,0 days 14:40:42,128,Cheese Lasagna,Italian,15.5
149,2023-01-03,0 days 14:48:45,131,Chicken Parmesan,Italian,17.95
150,2023-01-03,0 days 14:49:58,113,Edamame,Asian,5.0
151,2023-01-03,0 days 15:09:34,105,Mac & Cheese,American,7.0
151,2023-01-03,0 days 15:09:34,123,Chips & Guacamole,Mexican,9.0
152,2023-01-03,0 days 15:09:42,109,Korean Beef Bowl,Asian,17.95
152,2023-01-03,0 days 15:09:42,131,Chicken Parmesan,Italian,17.95
152,2023-01-03,0 days 15:09:42,106,French Fries,American,7.0
152,2023-01-03,0 days 15:09:42,114,Potstickers,Asian,9.0
153,2023-01-03,0 days 15:16:34,129,Mushroom Ravioli,Italian,15.5
154,2023-01-03,0 days 15:22:43,119,Chicken Torta,Mexican,11.95
155,2023-01-03,0 days 15:28:59,104,Veggie Burger,American,10.5
155,2023-01-03,0 days 15:28:59,111,California Roll,Asian,11.95
155,2023-01-03,0 days 15:28:59,113,Edamame,Asian,5.0
155,2023-01-03,0 days 15:28:59,118,Steak Burrito,Mexican,14.95
156,2023-01-03,0 days 15:42:19,111,California Roll,Asian,11.95
156,2023-01-03,0 days 15:42:19,106,French Fries,American,7.0
157,2023-01-03,0 days 15:43:03,117,Chicken Burrito,Mexican,12.95
157,2023-01-03,0 days 15:43:03,128,Cheese Lasagna,Italian,15.5
157,2023-01-03,0 days 15:43:03,120,Steak Torta,Mexican,13.95
157,2023-01-03,0 days 15:43:03,130,Shrimp Scampi,Italian,19.95
158,2023-01-03,0 days 15:54:30,127,Meat Lasagna,Italian,17.95
158,2023-01-03,0 days 15:54:30,106,French Fries,American,7.0
159,2023-01-03,0 days 15:59:22,125,Spaghetti & Meatballs,Italian,17.95
159,2023-01-03,0 days 15:59:22,106,French Fries,American,7.0
160,2023-01-03,0 days 16:35:33,108,Tofu Pad Thai,Asian,14.5
161,2023-01-03,0 days 16:43:46,109,Korean Beef Bowl,Asian,17.95
161,2023-01-03,0 days 16:43:46,122,Chips & Salsa,Mexican,7.0
162,2023-01-03,0 days 16:51:22,107,Orange Chicken,Asian,16.5
163,2023-01-03,0 days 16:54:54,109,Korean Beef Bowl,Asian,17.95
163,2023-01-03,0 days 16:54:54,113,Edamame,Asian,5.0
163,2023-01-03,0 days 16:54:54,114,Potstickers,Asian,9.0
164,2023-01-03,0 days 16:56:33,102,Cheeseburger,American,13.95
164,2023-01-03,0 days 16:56:33,113,Edamame,Asian,5.0
165,2023-01-03,0 days 16:57:37,119,Chicken Torta,Mexican,11.95
166,2023-01-03,0 days 16:58:51,119,Chicken Torta,Mexican,11.95
167,2023-01-03,0 days 17:00:49,101,Hamburger,American,12.95
167,2023-01-03,0 days 17:00:49,117,Chicken Burrito,Mexican,12.95
167,2023-01-03,0 days 17:00:49,113,Edamame,Asian,5.0
168,2023-01-03,0 days 17:02:27,107,Orange Chicken,Asian,16.5
168,2023-01-03,0 days 17:02:27,132,Eggplant Parmesan,Italian,16.95
169,2023-01-03,0 days 17:15:48,125,Spaghetti & Meatballs,Italian,17.95
169,2023-01-03,0 days 17:15:48,110,Pork Ramen,Asian,17.95
169,2023-01-03,0 days 17:15:48,120,Steak Torta,Mexican,13.95
170,2023-01-03,0 days 17:21:31,109,Korean Beef Bowl,Asian,17.95
171,2023-01-03,0 days 17:23:03,111,California Roll,Asian,11.95
172,2023-01-03,0 days 17:29:24,111,California Roll,Asian,11.95
172,2023-01-03,0 days 17:29:24,123,Chips & Guacamole,Mexican,9.0
172,2023-01-03,0 days 17:29:24,106,French Fries,American,7.0
173,2023-01-03,0 days 17:35:30,102,Cheeseburger,American,13.95
173,2023-01-03,0 days 17:35:30,108,Tofu Pad Thai,Asian,14.5
173,2023-01-03,0 days 17:35:30,132,Eggplant Parmesan,Italian,16.95
174,2023-01-03,0 days 17:37:49,107,Orange Chicken,Asian,16.5
174,2023-01-03,0 days 17:37:49,102,Cheeseburger,American,13.95
174,2023-01-03,0 days 17:37:49,102,Cheeseburger,American,13.95
174,2023-01-03,0 days 17:37:49,110,Pork Ramen,Asian,17.95
175,2023-01-03,0 days 17:50:51,117,Chicken Burrito,Mexican,12.95
176,2023-01-03,0 days 17:51:57,102,Cheeseburger,American,13.95
176,2023-01-03,0 days 17:51:57,118,Steak Burrito,Mexican,14.95
177,2023-01-03,0 days 17:54:36,111,California Roll,Asian,11.95
177,2023-01-03,0 days 17:54:36,106,French Fries,American,7.0
178,2023-01-03,0 days 18:15:03,118,Steak Burrito,Mexican,14.95
179,2023-01-03,0 days 18:20:14,109,Korean Beef Bowl,Asian,17.95
179,2023-01-03,0 days 18:20:14,120,Steak Torta,Mexican,13.95
179,2023-01-03,0 days 18:20:14,132,Eggplant Parmesan,Italian,16.95
180,2023-01-03,0 days 18:33:34,108,Tofu Pad Thai,Asian,14.5
180,2023-01-03,0 days 18:33:34,119,Chicken Torta,Mexican,11.95
181,2023-01-03,0 days 18:49:32,129,Mushroom Ravioli,Italian,15.5
182,2023-01-03,0 days 18:50:10,115,Chicken Tacos,Mexican,11.95
182,2023-01-03,0 days 18:50:10,118,Steak Burrito,Mexican,14.95
183,2023-01-03,0 days 18:54:55,111,California Roll,Asian,11.95
183,2023-01-03,0 days 18:54:55,130,Shrimp Scampi,Italian,19.95
183,2023-01-03,0 days 18:54:55,130,Shrimp Scampi,Italian,19.95
184,2023-01-03,0 days 18:59:05,109,Korean Beef Bowl,Asian,17.95
185,2023-01-03,0 days 19:08:33,120,Steak Torta,Mexican,13.95
185,2023-01-03,0 days 19:08:33,130,Shrimp Scampi,Italian,19.95
186,2023-01-03,0 days 19:36:00,129,Mushroom Ravioli,Italian,15.5
186,2023-01-03,0 days 19:36:00,105,Mac & Cheese,American,7.0
186,2023-01-03,0 days 19:36:00,130,Shrimp Scampi,Italian,19.95
186,2023-01-03,0 days 19:36:00,106,French Fries,American,7.0
187,2023-01-03,0 days 19:37:12,124,Spaghetti,Italian,14.5
187,2023-01-03,0 days 19:37:12,130,Shrimp Scampi,Italian,19.95
188,2023-01-03,0 days 20:08:39,124,Spaghetti,Italian,14.5
188,2023-01-03,0 days 20:08:39,113,Edamame,Asian,5.0
188,2023-01-03,0 days 20:08:39,118,Steak Burrito,Mexican,14.95
189,2023-01-03,0 days 20:12:14,107,Orange Chicken,Asian,16.5
189,2023-01-03,0 days 20:12:14,106,French Fries,American,7.0
190,2023-01-03,0 days 20:14:23,101,Hamburger,American,12.95
190,2023-01-03,0 days 20:14:23,125,Spaghetti & Meatballs,Italian,17.95
190,2023-01-03,0 days 20:14:23,112,Salmon Roll,Asian,14.95
190,2023-01-03,0 days 20:14:23,119,Chicken Torta,Mexican,11.95
191,2023-01-03,0 days 20:24:50,102,Cheeseburger,American,13.95
191,2023-01-03,0 days 20:24:50,103,Hot Dog,American,9.0
192,2023-01-03,0 days 20:30:08,120,Steak Torta,Mexican,13.95
192,2023-01-03,0 days 20:30:08,105,Mac & Cheese,American,7.0
193,2023-01-03,0 days 20:55:47,107,Orange Chicken,Asian,16.5
193,2023-01-03,0 days 20:55:47,102,Cheeseburger,American,13.95
193,2023-01-03,0 days 20:55:47,103,Hot Dog,American,9.0
194,2023-01-03,0 days 21:21:24,101,Hamburger,American,12.95
195,2023-01-03,0 days 21:25:20,101,Hamburger,American,12.95
196,2023-01-03,0 days 21:40:14,120,Steak Torta,Mexican,13.95
196,2023-01-03,0 days 21:40:14,122,Chips & Salsa,Mexican,7.0
196,2023-01-03,0 days 21:40:14,132,Eggplant Parmesan,Italian,16.95
197,2023-01-03,0 days 21:47:48,125,Spaghetti & Meatballs,Italian,17.95
197,2023-01-03,0 days 21:47:48,110,Pork Ramen,Asian,17.95
197,2023-01-03,0 days 21:47:48,127,Meat Lasagna,Italian,17.95
197,2023-01-03,0 days 21:47:48,121,Cheese Quesadillas,Mexican,10.5
198,2023-01-03,0 days 21:55:42,107,Orange Chicken,Asian,16.5
198,2023-01-03,0 days 21:55:42,103,Hot Dog,American,9.0
199,2023-01-03,0 days 22:10:38,103,Hot Dog,American,9.0
201,2023-01-03,0 days 22:29:59,116,Steak Tacos,Mexican,13.95
201,2023-01-03,0 days 22:29:59,104,Veggie Burger,American,10.5
201,2023-01-03,0 days 22:29:59,117,Chicken Burrito,Mexican,12.95
202,2023-01-03,0 days 22:50:29,102,Cheeseburger,American,13.95
203,2023-01-04,0 days 11:30:48,102,Cheeseburger,American,13.95
203,2023-01-04,0 days 11:30:48,127,Meat Lasagna,Italian,17.95
203,2023-01-04,0 days 11:30:48,112,Salmon Roll,Asian,14.95
203,2023-01-04,0 days 11:30:48,114,Potstickers,Asian,9.0
204,2023-01-04,0 days 11:36:25,122,Chips & Salsa,Mexican,7.0
205,2023-01-04,0 days 11:43:54,102,Cheeseburger,American,13.95
205,2023-01-04,0 days 11:43:54,103,Hot Dog,American,9.0
205,2023-01-04,0 days 11:43:54,119,Chicken Torta,Mexican,11.95
206,2023-01-04,0 days 11:45:10,111,California Roll,Asian,11.95
206,2023-01-04,0 days 11:45:10,113,Edamame,Asian,5.0
206,2023-01-04,0 days 11:45:10,122,Chips & Salsa,Mexican,7.0
207,2023-01-04,0 days 12:03:58,122,Chips & Salsa,Mexican,7.0
208,2023-01-04,0 days 12:12:05,101,Hamburger,American,12.95
208,2023-01-04,0 days 12:12:05,101,Hamburger,American,12.95
208,2023-01-04,0 days 12:12:05,103,Hot Dog,American,9.0
208,2023-01-04,0 days 12:12:05,113,Edamame,Asian,5.0
208,2023-01-04,0 days 12:12:05,114,Potstickers,Asian,9.0
209,2023-01-04,0 days 12:29:17,102,Cheeseburger,American,13.95
210,2023-01-04,0 days 12:34:13,131,Chicken Parmesan,Italian,17.95
211,2023-01-04,0 days 12:54:20,113,Edamame,Asian,5.0
212,2023-01-04,0 days 13:16:03,110,Pork Ramen,Asian,17.95
213,2023-01-04,0 days 13:20:39,125,Spaghetti & Meatballs,Italian,17.95
214,2023-01-04,0 days 13:39:16,110,Pork Ramen,Asian,17.95
214,2023-01-04,0 days 13:39:16,117,Chicken Burrito,Mexican,12.95
214,2023-01-04,0 days 13:39:16,129,Mushroom Ravioli,Italian,15.5
214,2023-01-04,0 days 13:39:16,130,Shrimp Scampi,Italian,19.95
215,2023-01-04,0 days 13:44:49,126,Fettuccine Alfredo,Italian,14.5
216,2023-01-04,0 days 14:31:56,101,Hamburger,American,12.95
216,2023-01-04,0 days 14:31:56,124,Spaghetti,Italian,14.5
216,2023-01-04,0 days 14:31:56,109,Korean Beef Bowl,Asian,17.95
217,2023-01-04,0 days 14:35:03,108,Tofu Pad Thai,Asian,14.5
217,2023-01-04,0 days 14:35:03,131,Chicken Parmesan,Italian,17.95
218,2023-01-04,0 days 14:35:11,122,Chips & Salsa,Mexican,7.0
219,2023-01-04,0 days 14:42:01,101,Hamburger,American,12.95
219,2023-01-04,0 days 14:42:01,124,Spaghetti,Italian,14.5
219,2023-01-04,0 days 14:42:01,118,Steak Burrito,Mexican,14.95
219,2023-01-04,0 days 14:42:01,131,Chicken Parmesan,Italian,17.95
220,2023-01-04,0 days 15:31:59,109,Korean Beef Bowl,Asian,17.95
220,2023-01-04,0 days 15:31:59,110,Pork Ramen,Asian,17.95
220,2023-01-04,0 days 15:31:59,111,California Roll,Asian,11.95
220,2023-01-04,0 days 15:31:59,122,Chips & Salsa,Mexican,7.0
221,2023-01-04,0 days 15:33:18,124,Spaghetti,Italian,14.5
221,2023-01-04,0 days 15:33:18,119,Chicken Torta,Mexican,11.95
221,2023-01-04,0 days 15:33:18,114,Potstickers,Asian,9.0
222,2023-01-04,0 days 15:46:38,125,Spaghetti & Meatballs,Italian,17.95
222,2023-01-04,0 days 15:46:38,120,Steak Torta,Mexican,13.95
223,2023-01-04,0 days 16:08:20,112,Salmon Roll,Asian,14.95
224,2023-01-04,0 days 16:39:58,103,Hot Dog,American,9.0
224,2023-01-04,0 days 16:39:58,117,Chicken Burrito,Mexican,12.95
224,2023-01-04,0 days 16:39:58,111,California Roll,Asian,11.95
224,2023-01-04,0 days 16:39:58,106,French Fries,American,7.0
225,2023-01-04,0 days 16:41:48,101,Hamburger,American,12.95
225,2023-01-04,0 days 16:41:48,101,Hamburger,American,12.95
225,2023-01-04,0 days 16:41:48,105,Mac & Cheese,American,7.0
226,2023-01-04,0 days 16:59:39,108,Tofu Pad Thai,Asian,14.5
227,2023-01-04,0 days 17:24:39,101,Hamburger,American,12.95
227,2023-01-04,0 days 17:24:39,114,Potstickers,Asian,9.0
228,2023-01-04,0 days 17:31:24,127,Meat Lasagna,Italian,17.95
229,2023-01-04,0 days 17:37:57,127,Meat Lasagna,Italian,17.95
229,2023-01-04,0 days 17:37:57,119,Chicken Torta,Mexican,11.95
229,2023-01-04,0 days 17:37:57,130,Shrimp Scampi,Italian,19.95
230,2023-01-04,0 days 17:58:38,106,French Fries,American,7.0
231,2023-01-04,0 days 18:04:18,102,Cheeseburger,American,13.95
231,2023-01-04,0 days 18:04:18,111,California Roll,Asian,11.95
231,2023-01-04,0 days 18:04:18,119,Chicken Torta,Mexican,11.95
232,2023-01-04,0 days 18:21:59,101,Hamburger,American,12.95
232,2023-01-04,0 days 18:21:59,123,Chips & Guacamole,Mexican,9.0
233,2023-01-04,0 days 18:26:51,131,Chicken Parmesan,Italian,17.95
234,2023-01-04,0 days 18:36:09,103,Hot Dog,American,9.0
234,2023-01-04,0 days 18:36:09,117,Chicken Burrito,Mexican,12.95
234,2023-01-04,0 days 18:36:09,111,California Roll,Asian,11.95
235,2023-01-04,0 days 18:51:30,102,Cheeseburger,American,13.95
236,2023-01-04,0 days 19:21:04,108,Tofu Pad Thai,Asian,14.5
236,2023-01-04,0 days 19:21:04,126,Fettuccine Alfredo,Italian,14.5
237,2023-01-04,0 days 19:27:48,126,Fettuccine Alfredo,Italian,14.5
238,2023-01-04,0 days 19:45:15,130,Shrimp Scampi,Italian,19.95
239,2023-01-04,0 days 19:57:52,117,Chicken Burrito,Mexican,12.95
239,2023-01-04,0 days 19:57:52,106,French Fries,American,7.0
240,2023-01-04,0 days 20:10:24,125,Spaghetti & Meatballs,Italian,17.95
241,2023-01-04,0 days 20:11:25,120,Steak Torta,Mexican,13.95
241,2023-01-04,0 days 20:11:25,123,Chips & Guacamole,Mexican,9.0
242,2023-01-04,0 days 20:15:29,116,Steak Tacos,Mexican,13.95
242,2023-01-04,0 days 20:15:29,106,French Fries,American,7.0
242,2023-01-04,0 days 20:15:29,132,Eggplant Parmesan,Italian,16.95
243,2023-01-04,0 days 20:26:17,108,Tofu Pad Thai,Asian,14.5
243,2023-01-04,0 days 20:26:17,123,Chips & Guacamole,Mexican,9.0
244,2023-01-04,0 days 20:26:22,117,Chicken Burrito,Mexican,12.95
244,2023-01-04,0 days 20:26:22,122,Chips & Salsa,Mexican,7.0
245,2023-01-04,0 days 20:28:41,101,Hamburger,American,12.95
245,2023-01-04,0 days 20:28:41,104,Veggie Burger,American,10.5
246,2023-01-04,0 days 20:30:48,103,Hot Dog,American,9.0
246,2023-01-04,0 days 20:30:48,113,Edamame,Asian,5.0
247,2023-01-04,0 days 20:55:29,109,Korean Beef Bowl,Asian,17.95
247,2023-01-04,0 days 20:55:29,120,Steak Torta,Mexican,13.95
247,2023-01-04,0 days 20:55:29,123,Chips & Guacamole,Mexican,9.0
248,2023-01-04,0 days 20:58:19,109,Korean Beef Bowl,Asian,17.95
248,2023-01-04,0 days 20:58:19,106,French Fries,American,7.0
249,2023-01-04,0 days 21:06:16,101,Hamburger,American,12.95
249,2023-01-04,0 days 21:06:16,116,Steak Tacos,Mexican,13.95
250,2023-01-04,0 days 21:07:05,125,Spaghetti & Meatballs,Italian,17.95
251,2023-01-04,0 days 21:10:05,129,Mushroom Ravioli,Italian,15.5
252,2023-01-04,0 days 22:13:15,119,Chicken Torta,Mexican,11.95
253,2023-01-04,0 days 22:16:18,115,Chicken Tacos,Mexican,11.95
254,2023-01-04,0 days 22:22:13,101,Hamburger,American,12.95
254,2023-01-04,0 days 22:22:13,115,Chicken Tacos,Mexican,11.95
254,2023-01-04,0 days 22:22:13,124,Spaghetti,Italian,14.5
255,2023-01-05,0 days 11:23:35,124,Spaghetti,Italian,14.5
255,2023-01-05,0 days 11:23:35,126,Fettuccine Alfredo,Italian,14.5
255,2023-01-05,0 days 11:23:35,109,Korean Beef Bowl,Asian,17.95
255,2023-01-05,0 days 11:23:35,131,Chicken Parmesan,Italian,17.95
256,2023-01-05,0 days 11:56:06,112,Salmon Roll,Asian,14.95
257,2023-01-05,0 days 11:59:04,102,Cheeseburger,American,13.95
257,2023-01-05,0 days 11:59:04,103,Hot Dog,American,9.0
258,2023-01-05,0 days 11:59:23,108,Tofu Pad Thai,Asian,14.5
259,2023-01-05,0 days 12:04:25,113,Edamame,Asian,5.0
260,2023-01-05,0 days 12:06:27,124,Spaghetti,Italian,14.5
260,2023-01-05,0 days 12:06:27,114,Potstickers,Asian,9.0
261,2023-01-05,0 days 12:38:29,115,Chicken Tacos,Mexican,11.95
262,2023-01-05,0 days 12:42:01,102,Cheeseburger,American,13.95
263,2023-01-05,0 days 12:57:22,130,Shrimp Scampi,Italian,19.95
264,2023-01-05,0 days 13:03:59,129,Mushroom Ravioli,Italian,15.5
265,2023-01-05,0 days 13:04:42,103,Hot Dog,American,9.0
265,2023-01-05,0 days 13:04:42,129,Mushroom Ravioli,Italian,15.5
265,2023-01-05,0 days 13:04:42,120,Steak Torta,Mexican,13.95
265,2023-01-05,0 days 13:04:42,122,Chips & Salsa,Mexican,7.0
266,2023-01-05,0 days 13:09:29,118,Steak Burrito,Mexican,14.95
267,2023-01-05,0 days 13:37:50,125,Spaghetti & Meatballs,Italian,17.95
267,2023-01-05,0 days 13:37:50,128,Cheese Lasagna,Italian,15.5
267,2023-01-05,0 days 13:37:50,111,California Roll,Asian,11.95
268,2023-01-05,0 days 13:40:46,117,Chicken Burrito,Mexican,12.95
268,2023-01-05,0 days 13:40:46,113,Edamame,Asian,5.0
269,2023-01-05,0 days 13:49:34,103,Hot Dog,American,9.0
270,2023-01-05,0 days 14:09:02,105,Mac & Cheese,American,7.0
270,2023-01-05,0 days 14:09:02,130,Shrimp Scampi,Italian,19.95
270,2023-01-05,0 days 14:09:02,106,French Fries,American,7.0
271,2023-01-05,0 days 14:22:19,107,Orange Chicken,Asian,16.5
271,2023-01-05,0 days 14:22:19,102,Cheeseburger,American,13.95
271,2023-01-05,0 days 14:22:19,103,Hot Dog,American,9.0
271,2023-01-05,0 days 14:22:19,104,Veggie Burger,American,10.5
271,2023-01-05,0 days 14:22:19,108,Tofu Pad Thai,Asian,14.5
271,2023-01-05,0 days 14:22:19,117,Chicken Burrito,Mexican,12.95
271,2023-01-05,0 days 14:22:19,120,Steak Torta,Mexican,13.95
271,2023-01-05,0 days 14:22:19,121,Cheese Quesadillas,Mexican,10.5
271,2023-01-05,0 days 14:22:19,105,Mac & Cheese,American,7.0
271,2023-01-05,0 days 14:22:19,114,Potstickers,Asian,9.0
272,2023-01-05,0 days 14:24:05,117,Chicken Burrito,Mexican,12.95
273,2023-01-05,0 days 14:28:00,121,Cheese Quesadillas,Mexican,10.5
274,2023-01-05,0 days 14:36:33,125,Spaghetti & Meatballs,Italian,17.95
274,2023-01-05,0 days 14:36:33,106,French Fries,American,7.0
275,2023-01-05,0 days 14:38:14,108,Tofu Pad Thai,Asian,14.5
275,2023-01-05,0 days 14:38:14,124,Spaghetti,Italian,14.5
275,2023-01-05,0 days 14:38:14,113,Edamame,Asian,5.0
275,2023-01-05,0 days 14:38:14,120,Steak Torta,Mexican,13.95
276,2023-01-05,0 days 15:18:18,124,Spaghetti,Italian,14.5
276,2023-01-05,0 days 15:18:18,122,Chips & Salsa,Mexican,7.0
277,2023-01-05,0 days 15:41:50,125,Spaghetti & Meatballs,Italian,17.95
278,2023-01-05,0 days 15:49:21,127,Meat Lasagna,Italian,17.95
278,2023-01-05,0 days 15:49:21,105,Mac & Cheese,American,7.0
279,2023-01-05,0 days 16:07:03,102,Cheeseburger,American,13.95
279,2023-01-05,0 days 16:07:03,103,Hot Dog,American,9.0
280,2023-01-05,0 days 16:20:23,119,Chicken Torta,Mexican,11.95
280,2023-01-05,0 days 16:20:23,132,Eggplant Parmesan,Italian,16.95
281,2023-01-05,0 days 16:33:48,120,Steak Torta,Mexican,13.95
282,2023-01-05,0 days 16:49:38,108,Tofu Pad Thai,Asian,14.5
282,2023-01-05,0 days 16:49:38,124,Spaghetti,Italian,14.5
282,2023-01-05,0 days 16:49:38,118,Steak Burrito,Mexican,14.95
282,2023-01-05,0 days 16:49:38,130,Shrimp Scampi,Italian,19.95
283,2023-01-05,0 days 16:51:43,111,California Roll,Asian,11.95
284,2023-01-05,0 days 16:58:16,125,Spaghetti & Meatballs,Italian,17.95
284,2023-01-05,0 days 16:58:16,109,Korean Beef Bowl,Asian,17.95
284,2023-01-05,0 days 16:58:16,111,California Roll,Asian,11.95
285,2023-01-05,0 days 16:58:38,119,Chicken Torta,Mexican,11.95
286,2023-01-05,0 days 17:01:23,117,Chicken Burrito,Mexican,12.95
286,2023-01-05,0 days 17:01:23,118,Steak Burrito,Mexican,14.95
287,2023-01-05,0 days 17:30:09,117,Chicken Burrito,Mexican,12.95
287,2023-01-05,0 days 17:30:09,112,Salmon Roll,Asian,14.95
287,2023-01-05,0 days 17:30:09,113,Edamame,Asian,5.0
287,2023-01-05,0 days 17:30:09,120,Steak Torta,Mexican,13.95
288,2023-01-05,0 days 17:32:44,115,Chicken Tacos,Mexican,11.95
288,2023-01-05,0 days 17:32:44,119,Chicken Torta,Mexican,11.95
288,2023-01-05,0 days 17:32:44,123,Chips & Guacamole,Mexican,9.0
289,2023-01-05,0 days 17:36:23,124,Spaghetti,Italian,14.5
290,2023-01-05,0 days 17:41:16,108,Tofu Pad Thai,Asian,14.5
290,2023-01-05,0 days 17:41:16,132,Eggplant Parmesan,Italian,16.95
291,2023-01-05,0 days 17:44:39,101,Hamburger,American,12.95
291,2023-01-05,0 days 17:44:39,103,Hot Dog,American,9.0
291,2023-01-05,0 days 17:44:39,125,Spaghetti & Meatballs,Italian,17.95
292,2023-01-05,0 days 17:48:59,130,Shrimp Scampi,Italian,19.95
292,2023-01-05,0 days 17:48:59,131,Chicken Parmesan,Italian,17.95
293,2023-01-05,0 days 17:58:38,108,Tofu Pad Thai,Asian,14.5
293,2023-01-05,0 days 17:58:38,127,Meat Lasagna,Italian,17.95
294,2023-01-05,0 days 18:16:35,101,Hamburger,American,12.95
294,2023-01-05,0 days 18:16:35,117,Chicken Burrito,Mexican,12.95
294,2023-01-05,0 days 18:16:35,106,French Fries,American,7.0
295,2023-01-05,0 days 18:20:12,102,Cheeseburger,American,13.95
296,2023-01-05,0 days 18:46:54,126,Fettuccine Alfredo,Italian,14.5
296,2023-01-05,0 days 18:46:54,110,Pork Ramen,Asian,17.95
296,2023-01-05,0 days 18:46:54,106,French Fries,American,7.0
297,2023-01-05,0 days 19:02:18,105,Mac & Cheese,American,7.0
298,2023-01-05,0 days 19:10:36,102,Cheeseburger,American,13.95
298,2023-01-05,0 days 19:10:36,102,Cheeseburger,American,13.95
298,2023-01-05,0 days 19:10:36,103,Hot Dog,American,9.0
298,2023-01-05,0 days 19:10:36,108,Tofu Pad Thai,Asian,14.5
299,2023-01-05,0 days 19:34:31,108,Tofu Pad Thai,Asian,14.5
299,2023-01-05,0 days 19:34:31,131,Chicken Parmesan,Italian,17.95
300,2023-01-05,0 days 19:42:54,107,Orange Chicken,Asian,16.5
300,2023-01-05,0 days 19:42:54,110,Pork Ramen,Asian,17.95
300,2023-01-05,0 days 19:42:54,127,Meat Lasagna,Italian,17.95
300,2023-01-05,0 days 19:42:54,123,Chips & Guacamole,Mexican,9.0
301,2023-01-05,0 days 19:45:58,111,California Roll,Asian,11.95
302,2023-01-05,0 days 19:57:37,118,Steak Burrito,Mexican,14.95
303,2023-01-05,0 days 20:02:51,107,Orange Chicken,Asian,16.5
303,2023-01-05,0 days 20:02:51,110,Pork Ramen,Asian,17.95
303,2023-01-05,0 days 20:02:51,113,Edamame,Asian,5.0
304,2023-01-05,0 days 20:07:58,109,Korean Beef Bowl,Asian,17.95
304,2023-01-05,0 days 20:07:58,129,Mushroom Ravioli,Italian,15.5
305,2023-01-05,0 days 20:35:40,113,Edamame,Asian,5.0
305,2023-01-05,0 days 20:35:40,120,Steak Torta,Mexican,13.95
305,2023-01-05,0 days 20:35:40,122,Chips & Salsa,Mexican,7.0
306,2023-01-05,0 days 20:37:40,107,Orange Chicken,Asian,16.5
306,2023-01-05,0 days 20:37:40,109,Korean Beef Bowl,Asian,17.95
306,2023-01-05,0 days 20:37:40,111,California Roll,Asian,11.95
307,2023-01-05,0 days 21:45:38,108,Tofu Pad Thai,Asian,14.5
307,2023-01-05,0 days 21:45:38,106,French Fries,American,7.0
308,2023-01-05,0 days 21:59:46,109,Korean Beef Bowl,Asian,17.95
308,2023-01-05,0 days 21:59:46,112,Salmon Roll,Asian,14.95
308,2023-01-05,0 days 21:59:46,106,French Fries,American,7.0
309,2023-01-06,0 days 11:39:06,124,Spaghetti,Italian,14.5
309,2023-01-06,0 days 11:39:06,118,Steak Burrito,Mexican,14.95
310,2023-01-06,0 days 11:40:48,109,Korean Beef Bowl,Asian,17.95
310,2023-01-06,0 days 11:40:48,106,French Fries,American,7.0
311,2023-01-06,0 days 11:57:27,120,Steak Torta,Mexican,13.95
312,2023-01-06,0 days 12:05:21,107,Orange Chicken,Asian,16.5
312,2023-01-06,0 days 12:05:21,115,Chicken Tacos,Mexican,11.95
312,2023-01-06,0 days 12:05:21,103,Hot Dog,American,9.0
312,2023-01-06,0 days 12:05:21,120,Steak Torta,Mexican,13.95
313,2023-01-06,0 days 12:09:09,108,Tofu Pad Thai,Asian,14.5
314,2023-01-06,0 days 12:11:58,116,Steak Tacos,Mexican,13.95
314,2023-01-06,0 days 12:11:58,124,Spaghetti,Italian,14.5
314,2023-01-06,0 days 12:11:58,126,Fettuccine Alfredo,Italian,14.5
314,2023-01-06,0 days 12:11:58,109,Korean Beef Bowl,Asian,17.95
314,2023-01-06,0 days 12:11:58,132,Eggplant Parmesan,Italian,16.95
315,2023-01-06,0 days 12:17:40,108,Tofu Pad Thai,Asian,14.5
316,2023-01-06,0 days 12:29:34,109,Korean Beef Bowl,Asian,17.95
316,2023-01-06,0 days 12:29:34,117,Chicken Burrito,Mexican,12.95
317,2023-01-06,0 days 12:31:00,102,Cheeseburger,American,13.95
317,2023-01-06,0 days 12:31:00,108,Tofu Pad Thai,Asian,14.5
317,2023-01-06,0 days 12:31:00,125,Spaghetti & Meatballs,Italian,17.95
317,2023-01-06,0 days 12:31:00,109,Korean Beef Bowl,Asian,17.95
317,2023-01-06,0 days 12:31:00,112,Salmon Roll,Asian,14.95
317,2023-01-06,0 days 12:31:00,119,Chicken Torta,Mexican,11.95
317,2023-01-06,0 days 12:31:00,131,Chicken Parmesan,Italian,17.95
318,2023-01-06,0 days 12:45:14,110,Pork Ramen,Asian,17.95
318,2023-01-06,0 days 12:45:14,129,Mushroom Ravioli,Italian,15.5
318,2023-01-06,0 days 12:45:14,121,Cheese Quesadillas,Mexican,10.5
318,2023-01-06,0 days 12:45:14,122,Chips & Salsa,Mexican,7.0
319,2023-01-06,0 days 12:46:22,117,Chicken Burrito,Mexican,12.95
320,2023-01-06,0 days 12:46:40,102,Cheeseburger,American,13.95
320,2023-01-06,0 days 12:46:40,104,Veggie Burger,American,10.5
321,2023-01-06,0 days 12:56:21,117,Chicken Burrito,Mexican,12.95
322,2023-01-06,0 days 13:02:13,102,Cheeseburger,American,13.95
322,2023-01-06,0 days 13:02:13,104,Veggie Burger,American,10.5
322,2023-01-06,0 days 13:02:13,108,Tofu Pad Thai,Asian,14.5
322,2023-01-06,0 days 13:02:13,106,French Fries,American,7.0
323,2023-01-06,0 days 13:05:33,108,Tofu Pad Thai,Asian,14.5
324,2023-01-06,0 days 13:06:44,124,Spaghetti,Italian,14.5
325,2023-01-06,0 days 13:07:32,108,Tofu Pad Thai,Asian,14.5
325,2023-01-06,0 days 13:07:32,132,Eggplant Parmesan,Italian,16.95
326,2023-01-06,0 days 13:10:13,102,Cheeseburger,American,13.95
326,2023-01-06,0 days 13:10:13,123,Chips & Guacamole,Mexican,9.0
327,2023-01-06,0 days 13:10:54,108,Tofu Pad Thai,Asian,14.5
328,2023-01-06,0 days 13:16:35,128,Cheese Lasagna,Italian,15.5
329,2023-01-06,0 days 13:22:44,122,Chips & Salsa,Mexican,7.0
329,2023-01-06,0 days 13:22:44,123,Chips & Guacamole,Mexican,9.0
330,2023-01-06,0 days 13:27:11,107,Orange Chicken,Asian,16.5
330,2023-01-06,0 days 13:27:11,103,Hot Dog,American,9.0
330,2023-01-06,0 days 13:27:11,108,Tofu Pad Thai,Asian,14.5
330,2023-01-06,0 days 13:27:11,108,Tofu Pad Thai,Asian,14.5
330,2023-01-06,0 days 13:27:11,124,Spaghetti,Italian,14.5
330,2023-01-06,0 days 13:27:11,125,Spaghetti & Meatballs,Italian,17.95
330,2023-01-06,0 days 13:27:11,109,Korean Beef Bowl,Asian,17.95
330,2023-01-06,0 days 13:27:11,112,Salmon Roll,Asian,14.95
330,2023-01-06,0 days 13:27:11,118,Steak Burrito,Mexican,14.95
330,2023-01-06,0 days 13:27:11,120,Steak Torta,Mexican,13.95
330,2023-01-06,0 days 13:27:11,122,Chips & Salsa,Mexican,7.0
330,2023-01-06,0 days 13:27:11,122,Chips & Salsa,Mexican,7.0
330,2023-01-06,0 days 13:27:11,131,Chicken Parmesan,Italian,17.95
330,2023-01-06,0 days 13:27:11,114,Potstickers,Asian,9.0
331,2023-01-06,0 days 13:43:30,119,Chicken Torta,Mexican,11.95
332,2023-01-06,0 days 14:12:01,120,Steak Torta,Mexican,13.95
332,2023-01-06,0 days 14:12:01,105,Mac & Cheese,American,7.0
332,2023-01-06,0 days 14:12:01,106,French Fries,American,7.0
333,2023-01-06,0 days 14:16:36,103,Hot Dog,American,9.0
334,2023-01-06,0 days 14:24:18,116,Steak Tacos,Mexican,13.95
334,2023-01-06,0 days 14:24:18,113,Edamame,Asian,5.0
334,2023-01-06,0 days 14:24:18,105,Mac & Cheese,American,7.0
334,2023-01-06,0 days 14:24:18,106,French Fries,American,7.0
335,2023-01-06,0 days 14:24:47,128,Cheese Lasagna,Italian,15.5
336,2023-01-06,0 days 14:51:41,119,Chicken Torta,Mexican,11.95
337,2023-01-06,0 days 15:03:12,109,Korean Beef Bowl,Asian,17.95
337,2023-01-06,0 days 15:03:12,113,Edamame,Asian,5.0
338,2023-01-06,0 days 15:18:26,129,Mushroom Ravioli,Italian,15.5
338,2023-01-06,0 days 15:18:26,106,French Fries,American,7.0
339,2023-01-06,0 days 15:25:13,122,Chips & Salsa,Mexican,7.0
340,2023-01-06,0 days 15:35:32,118,Steak Burrito,Mexican,14.95
341,2023-01-06,0 days 15:35:47,101,Hamburger,American,12.95
341,2023-01-06,0 days 15:35:47,113,Edamame,Asian,5.0
342,2023-01-06,0 days 15:44:12,120,Steak Torta,Mexican,13.95
342,2023-01-06,0 days 15:44:12,105,Mac & Cheese,American,7.0
343,2023-01-06,0 days 15:45:37,124,Spaghetti,Italian,14.5
343,2023-01-06,0 days 15:45:37,125,Spaghetti & Meatballs,Italian,17.95
344,2023-01-06,0 days 16:01:11,110,Pork Ramen,Asian,17.95
345,2023-01-06,0 days 16:01:47,118,Steak Burrito,Mexican,14.95
345,2023-01-06,0 days 16:01:47,131,Chicken Parmesan,Italian,17.95
346,2023-01-06,0 days 16:30:00,126,Fettuccine Alfredo,Italian,14.5
346,2023-01-06,0 days 16:30:00,109,Korean Beef Bowl,Asian,17.95
346,2023-01-06,0 days 16:30:00,110,Pork Ramen,Asian,17.95
346,2023-01-06,0 days 16:30:00,111,California Roll,Asian,11.95
347,2023-01-06,0 days 16:37:17,131,Chicken Parmesan,Italian,17.95
347,2023-01-06,0 days 16:37:17,106,French Fries,American,7.0
347,2023-01-06,0 days 16:37:17,132,Eggplant Parmesan,Italian,16.95
348,2023-01-06,0 days 16:49:12,108,Tofu Pad Thai,Asian,14.5
348,2023-01-06,0 days 16:49:12,106,French Fries,American,7.0
348,2023-01-06,0 days 16:49:12,106,French Fries,American,7.0
349,2023-01-06,0 days 17:25:58,113,Edamame,Asian,5.0
350,2023-01-06,0 days 17:37:05,108,Tofu Pad Thai,Asian,14.5
350,2023-01-06,0 days 17:37:05,113,Edamame,Asian,5.0
350,2023-01-06,0 days 17:37:05,122,Chips & Salsa,Mexican,7.0
351,2023-01-06,0 days 17:37:29,107,Orange Chicken,Asian,16.5
351,2023-01-06,0 days 17:37:29,109,Korean Beef Bowl,Asian,17.95
352,2023-01-06,0 days 17:45:48,107,Orange Chicken,Asian,16.5
352,2023-01-06,0 days 17:45:48,110,Pork Ramen,Asian,17.95
353,2023-01-06,0 days 17:59:48,101,Hamburger,American,12.95
353,2023-01-06,0 days 17:59:48,102,Cheeseburger,American,13.95
353,2023-01-06,0 days 17:59:48,119,Chicken Torta,Mexican,11.95
354,2023-01-06,0 days 18:01:44,126,Fettuccine Alfredo,Italian,14.5
354,2023-01-06,0 days 18:01:44,132,Eggplant Parmesan,Italian,16.95
355,2023-01-06,0 days 18:14:45,103,Hot Dog,American,9.0
355,2023-01-06,0 days 18:14:45,117,Chicken Burrito,Mexican,12.95
356,2023-01-06,0 days 18:16:05,103,Hot Dog,American,9.0
357,2023-01-06,0 days 18:27:58,102,Cheeseburger,American,13.95
357,2023-01-06,0 days 18:27:58,105,Mac & Cheese,American,7.0
357,2023-01-06,0 days 18:27:58,131,Chicken Parmesan,Italian,17.95
358,2023-01-06,0 days 18:30:12,117,Chicken Burrito,Mexican,12.95
359,2023-01-06,0 days 18:33:08,126,Fettuccine Alfredo,Italian,14.5
359,2023-01-06,0 days 18:33:08,106,French Fries,American,7.0
360,2023-01-06,0 days 18:50:38,101,Hamburger,American,12.95
360,2023-01-06,0 days 18:50:38,126,Fettuccine Alfredo,Italian,14.5
360,2023-01-06,0 days 18:50:38,109,Korean Beef Bowl,Asian,17.95
361,2023-01-06,0 days 19:12:38,107,Orange Chicken,Asian,16.5
361,2023-01-06,0 days 19:12:38,110,Pork Ramen,Asian,17.95
362,2023-01-06,0 days 19:13:36,101,Hamburger,American,12.95
362,2023-01-06,0 days 19:13:36,129,Mushroom Ravioli,Italian,15.5
363,2023-01-06,0 days 19:20:31,128,Cheese Lasagna,Italian,15.5
363,2023-01-06,0 days 19:20:31,129,Mushroom Ravioli,Italian,15.5
364,2023-01-06,0 days 19:27:24,117,Chicken Burrito,Mexican,12.95
365,2023-01-06,0 days 19:37:26,125,Spaghetti & Meatballs,Italian,17.95
365,2023-01-06,0 days 19:37:26,128,Cheese Lasagna,Italian,15.5
365,2023-01-06,0 days 19:37:26,113,Edamame,Asian,5.0
366,2023-01-06,0 days 20:04:20,110,Pork Ramen,Asian,17.95
367,2023-01-06,0 days 20:05:12,109,Korean Beef Bowl,Asian,17.95
367,2023-01-06,0 days 20:05:12,131,Chicken Parmesan,Italian,17.95
368,2023-01-06,0 days 20:28:16,130,Shrimp Scampi,Italian,19.95
368,2023-01-06,0 days 20:28:16,106,French Fries,American,7.0
369,2023-01-06,0 days 20:30:06,131,Chicken Parmesan,Italian,17.95
370,2023-01-06,0 days 21:02:30,125,Spaghetti & Meatballs,Italian,17.95
370,2023-01-06,0 days 21:02:30,109,Korean Beef Bowl,Asian,17.95
371,2023-01-06,0 days 21:15:20,113,Edamame,Asian,5.0
372,2023-01-06,0 days 22:26:59,131,Chicken Parmesan,Italian,17.95
373,2023-01-07,0 days 11:45:18,104,Veggie Burger,American,10.5
373,2023-01-07,0 days 11:45:18,108,Tofu Pad Thai,Asian,14.5
373,2023-01-07,0 days 11:45:18,120,Steak Torta,Mexican,13.95
374,2023-01-07,0 days 11:55:59,107,Orange Chicken,Asian,16.5
374,2023-01-07,0 days 11:55:59,103,Hot Dog,American,9.0
374,2023-01-07,0 days 11:55:59,118,Steak Burrito,Mexican,14.95
375,2023-01-07,0 days 11:58:36,129,Mushroom Ravioli,Italian,15.5
376,2023-01-07,0 days 12:01:17,132,Eggplant Parmesan,Italian,16.95
377,2023-01-07,0 days 12:03:18,109,Korean Beef Bowl,Asian,17.95
377,2023-01-07,0 days 12:03:18,106,French Fries,American,7.0
378,2023-01-07,0 days 12:19:37,127,Meat Lasagna,Italian,17.95
379,2023-01-07,0 days 12:25:37,106,French Fries,American,7.0
380,2023-01-07,0 days 12:32:10,116,Steak Tacos,Mexican,13.95
380,2023-01-07,0 days 12:32:10,102,Cheeseburger,American,13.95
381,2023-01-07,0 days 12:33:06,105,Mac & Cheese,American,7.0
382,2023-01-07,0 days 12:33:07,106,French Fries,American,7.0
382,2023-01-07,0 days 12:33:07,132,Eggplant Parmesan,Italian,16.95
383,2023-01-07,0 days 12:43:59,122,Chips & Salsa,Mexican,7.0
384,2023-01-07,0 days 12:51:46,109,Korean Beef Bowl,Asian,17.95
384,2023-01-07,0 days 12:51:46,110,Pork Ramen,Asian,17.95
384,2023-01-07,0 days 12:51:46,128,Cheese Lasagna,Italian,15.5
384,2023-01-07,0 days 12:51:46,114,Potstickers,Asian,9.0
385,2023-01-07,0 days 12:54:19,132,Eggplant Parmesan,Italian,16.95
386,2023-01-07,0 days 12:58:16,127,Meat Lasagna,Italian,17.95
386,2023-01-07,0 days 12:58:16,121,Cheese Quesadillas,Mexican,10.5
386,2023-01-07,0 days 12:58:16,106,French Fries,American,7.0
387,2023-01-07,0 days 13:03:14,101,Hamburger,American,12.95
387,2023-01-07,0 days 13:03:14,107,Orange Chicken,Asian,16.5
387,2023-01-07,0 days 13:03:14,104,Veggie Burger,American,10.5
387,2023-01-07,0 days 13:03:14,124,Spaghetti,Italian,14.5
387,2023-01-07,0 days 13:03:14,113,Edamame,Asian,5.0
387,2023-01-07,0 days 13:03:14,122,Chips & Salsa,Mexican,7.0
387,2023-01-07,0 days 13:03:14,131,Chicken Parmesan,Italian,17.95
388,2023-01-07,0 days 13:04:56,101,Hamburger,American,12.95
388,2023-01-07,0 days 13:04:56,103,Hot Dog,American,9.0
388,2023-01-07,0 days 13:04:56,128,Cheese Lasagna,Italian,15.5
388,2023-01-07,0 days 13:04:56,132,Eggplant Parmesan,Italian,16.95
389,2023-01-07,0 days 13:10:17,130,Shrimp Scampi,Italian,19.95
390,2023-01-07,0 days 13:15:32,112,Salmon Roll,Asian,14.95
391,2023-01-07,0 days 13:25:31,114,Potstickers,Asian,9.0
392,2023-01-07,0 days 13:36:47,107,Orange Chicken,Asian,16.5
392,2023-01-07,0 days 13:36:47,116,Steak Tacos,Mexican,13.95
392,2023-01-07,0 days 13:36:47,102,Cheeseburger,American,13.95
392,2023-01-07,0 days 13:36:47,113,Edamame,Asian,5.0
392,2023-01-07,0 days 13:36:47,119,Chicken Torta,Mexican,11.95
392,2023-01-07,0 days 13:36:47,120,Steak Torta,Mexican,13.95
392,2023-01-07,0 days 13:36:47,121,Cheese Quesadillas,Mexican,10.5
392,2023-01-07,0 days 13:36:47,122,Chips & Salsa,Mexican,7.0
393,2023-01-07,0 days 13:48:31,126,Fettuccine Alfredo,Italian,14.5
393,2023-01-07,0 days 13:48:31,109,Korean Beef Bowl,Asian,17.95
394,2023-01-07,0 days 14:02:18,107,Orange Chicken,Asian,16.5
394,2023-01-07,0 days 14:02:18,104,Veggie Burger,American,10.5
394,2023-01-07,0 days 14:02:18,109,Korean Beef Bowl,Asian,17.95
394,2023-01-07,0 days 14:02:18,109,Korean Beef Bowl,Asian,17.95
394,2023-01-07,0 days 14:02:18,112,Salmon Roll,Asian,14.95
394,2023-01-07,0 days 14:02:18,113,Edamame,Asian,5.0
394,2023-01-07,0 days 14:02:18,113,Edamame,Asian,5.0
394,2023-01-07,0 days 14:02:18,120,Steak Torta,Mexican,13.95
394,2023-01-07,0 days 14:02:18,122,Chips & Salsa,Mexican,7.0
394,2023-01-07,0 days 14:02:18,130,Shrimp Scampi,Italian,19.95
394,2023-01-07,0 days 14:02:18,106,French Fries,American,7.0
394,2023-01-07,0 days 14:02:18,132,Eggplant Parmesan,Italian,16.95
395,2023-01-07,0 days 14:11:08,111,California Roll,Asian,11.95
396,2023-01-07,0 days 14:12:21,131,Chicken Parmesan,Italian,17.95
397,2023-01-07,0 days 14:31:10,124,Spaghetti,Italian,14.5
397,2023-01-07,0 days 14:31:10,109,Korean Beef Bowl,Asian,17.95
397,2023-01-07,0 days 14:31:10,113,Edamame,Asian,5.0
398,2023-01-07,0 days 14:56:26,113,Edamame,Asian,5.0
399,2023-01-07,0 days 15:47:49,101,Hamburger,American,12.95
399,2023-01-07,0 days 15:47:49,102,Cheeseburger,American,13.95
399,2023-01-07,0 days 15:47:49,125,Spaghetti & Meatballs,Italian,17.95
399,2023-01-07,0 days 15:47:49,114,Potstickers,Asian,9.0
400,2023-01-07,0 days 16:03:07,113,Edamame,Asian,5.0
400,2023-01-07,0 days 16:03:07,106,French Fries,American,7.0
401,2023-01-07,0 days 16:08:35,132,Eggplant Parmesan,Italian,16.95
402,2023-01-07,0 days 16:24:46,125,Spaghetti & Meatballs,Italian,17.95
402,2023-01-07,0 days 16:24:46,117,Chicken Burrito,Mexican,12.95
403,2023-01-07,0 days 16:26:10,101,Hamburger,American,12.95
403,2023-01-07,0 days 16:26:10,108,Tofu Pad Thai,Asian,14.5
403,2023-01-07,0 days 16:26:10,119,Chicken Torta,Mexican,11.95
404,2023-01-07,0 days 16:39:27,104,Veggie Burger,American,10.5
405,2023-01-07,0 days 16:44:16,120,Steak Torta,Mexican,13.95
406,2023-01-07,0 days 16:50:49,103,Hot Dog,American,9.0
406,2023-01-07,0 days 16:50:49,108,Tofu Pad Thai,Asian,14.5
406,2023-01-07,0 days 16:50:49,127,Meat Lasagna,Italian,17.95
407,2023-01-07,0 days 16:56:42,102,Cheeseburger,American,13.95
407,2023-01-07,0 days 16:56:42,108,Tofu Pad Thai,Asian,14.5
407,2023-01-07,0 days 16:56:42,113,Edamame,Asian,5.0
408,2023-01-07,0 days 17:09:09,115,Chicken Tacos,Mexican,11.95
408,2023-01-07,0 days 17:09:09,118,Steak Burrito,Mexican,14.95
409,2023-01-07,0 days 17:15:04,113,Edamame,Asian,5.0
410,2023-01-07,0 days 17:33:49,107,Orange Chicken,Asian,16.5
410,2023-01-07,0 days 17:33:49,128,Cheese Lasagna,Italian,15.5
411,2023-01-07,0 days 17:58:09,117,Chicken Burrito,Mexican,12.95
411,2023-01-07,0 days 17:58:09,105,Mac & Cheese,American,7.0
412,2023-01-07,0 days 18:07:46,115,Chicken Tacos,Mexican,11.95
412,2023-01-07,0 days 18:07:46,123,Chips & Guacamole,Mexican,9.0
413,2023-01-07,0 days 18:11:32,114,Potstickers,Asian,9.0
414,2023-01-07,0 days 18:13:22,108,Tofu Pad Thai,Asian,14.5
414,2023-01-07,0 days 18:13:22,124,Spaghetti,Italian,14.5
414,2023-01-07,0 days 18:13:22,117,Chicken Burrito,Mexican,12.95
415,2023-01-07,0 days 18:16:23,102,Cheeseburger,American,13.95
416,2023-01-07,0 days 18:17:42,131,Chicken Parmesan,Italian,17.95
417,2023-01-07,0 days 18:24:40,113,Edamame,Asian,5.0
418,2023-01-07,0 days 18:40:11,104,Veggie Burger,American,10.5
418,2023-01-07,0 days 18:40:11,120,Steak Torta,Mexican,13.95
419,2023-01-07,0 days 19:02:31,101,Hamburger,American,12.95
419,2023-01-07,0 days 19:02:31,109,Korean Beef Bowl,Asian,17.95
419,2023-01-07,0 days 19:02:31,127,Meat Lasagna,Italian,17.95
419,2023-01-07,0 days 19:02:31,132,Eggplant Parmesan,Italian,16.95
420,2023-01-07,0 days 19:04:40,124,Spaghetti,Italian,14.5
420,2023-01-07,0 days 19:04:40,112,Salmon Roll,Asian,14.95
421,2023-01-07,0 days 19:21:58,101,Hamburger,American,12.95
421,2023-01-07,0 days 19:21:58,116,Steak Tacos,Mexican,13.95
421,2023-01-07,0 days 19:21:58,104,Veggie Burger,American,10.5
422,2023-01-07,0 days 19:30:25,125,Spaghetti & Meatballs,Italian,17.95
422,2023-01-07,0 days 19:30:25,117,Chicken Burrito,Mexican,12.95
422,2023-01-07,0 days 19:30:25,131,Chicken Parmesan,Italian,17.95
423,2023-01-07,0 days 19:45:07,117,Chicken Burrito,Mexican,12.95
423,2023-01-07,0 days 19:45:07,120,Steak Torta,Mexican,13.95
424,2023-01-07,0 days 20:01:28,113,Edamame,Asian,5.0
425,2023-01-07,0 days 20:21:19,121,Cheese Quesadillas,Mexican,10.5
426,2023-01-07,0 days 20:25:45,108,Tofu Pad Thai,Asian,14.5
426,2023-01-07,0 days 20:25:45,120,Steak Torta,Mexican,13.95
426,2023-01-07,0 days 20:25:45,121,Cheese Quesadillas,Mexican,10.5
427,2023-01-07,0 days 21:49:00,131,Chicken Parmesan,Italian,17.95
428,2023-01-07,0 days 22:05:00,116,Steak Tacos,Mexican,13.95
428,2023-01-07,0 days 22:05:00,110,Pork Ramen,Asian,17.95
429,2023-01-07,0 days 22:16:53,122,Chips & Salsa,Mexican,7.0
430,2023-01-07,0 days 22:46:13,126,Fettuccine Alfredo,Italian,14.5
430,2023-01-07,0 days 22:46:13,120,Steak Torta,Mexican,13.95
431,2023-01-08,0 days 11:17:13,107,Orange Chicken,Asian,16.5
431,2023-01-08,0 days 11:17:13,103,Hot Dog,American,9.0
431,2023-01-08,0 days 11:17:13,125,Spaghetti & Meatballs,Italian,17.95
431,2023-01-08,0 days 11:17:13,109,Korean Beef Bowl,Asian,17.95
432,2023-01-08,0 days 11:39:07,110,Pork Ramen,Asian,17.95
432,2023-01-08,0 days 11:39:07,106,French Fries,American,7.0
432,2023-01-08,0 days 11:39:07,132,Eggplant Parmesan,Italian,16.95
433,2023-01-08,0 days 11:49:50,122,Chips & Salsa,Mexican,7.0
434,2023-01-08,0 days 11:54:14,111,California Roll,Asian,11.95
434,2023-01-08,0 days 11:54:14,122,Chips & Salsa,Mexican,7.0
434,2023-01-08,0 days 11:54:14,132,Eggplant Parmesan,Italian,16.95
435,2023-01-08,0 days 12:06:09,108,Tofu Pad Thai,Asian,14.5
435,2023-01-08,0 days 12:06:09,112,Salmon Roll,Asian,14.95
435,2023-01-08,0 days 12:06:09,123,Chips & Guacamole,Mexican,9.0
436,2023-01-08,0 days 12:07:21,108,Tofu Pad Thai,Asian,14.5
436,2023-01-08,0 days 12:07:21,117,Chicken Burrito,Mexican,12.95
436,2023-01-08,0 days 12:07:21,112,Salmon Roll,Asian,14.95
436,2023-01-08,0 days 12:07:21,118,Steak Burrito,Mexican,14.95
437,2023-01-08,0 days 12:07:54,101,Hamburger,American,12.95
438,2023-01-08,0 days 12:08:38,132,Eggplant Parmesan,Italian,16.95
439,2023-01-08,0 days 12:13:08,103,Hot Dog,American,9.0
439,2023-01-08,0 days 12:13:08,113,Edamame,Asian,5.0
439,2023-01-08,0 days 12:13:08,114,Potstickers,Asian,9.0
440,2023-01-08,0 days 12:16:34,116,Steak Tacos,Mexican,13.95
440,2023-01-08,0 days 12:16:34,103,Hot Dog,American,9.0
440,2023-01-08,0 days 12:16:34,124,Spaghetti,Italian,14.5
440,2023-01-08,0 days 12:16:34,125,Spaghetti & Meatballs,Italian,17.95
440,2023-01-08,0 days 12:16:34,125,Spaghetti & Meatballs,Italian,17.95
440,2023-01-08,0 days 12:16:34,126,Fettuccine Alfredo,Italian,14.5
440,2023-01-08,0 days 12:16:34,126,Fettuccine Alfredo,Italian,14.5
440,2023-01-08,0 days 12:16:34,109,Korean Beef Bowl,Asian,17.95
440,2023-01-08,0 days 12:16:34,127,Meat Lasagna,Italian,17.95
440,2023-01-08,0 days 12:16:34,113,Edamame,Asian,5.0
440,2023-01-08,0 days 12:16:34,122,Chips & Salsa,Mexican,7.0
440,2023-01-08,0 days 12:16:34,131,Chicken Parmesan,Italian,17.95
440,2023-01-08,0 days 12:16:34,106,French Fries,American,7.0
440,2023-01-08,0 days 12:16:34,132,Eggplant Parmesan,Italian,16.95
441,2023-01-08,0 days 12:16:58,122,Chips & Salsa,Mexican,7.0
441,2023-01-08,0 days 12:16:58,106,French Fries,American,7.0
442,2023-01-08,0 days 12:28:49,118,Steak Burrito,Mexican,14.95
443,2023-01-08,0 days 12:34:20,107,Orange Chicken,Asian,16.5
443,2023-01-08,0 days 12:34:20,102,Cheeseburger,American,13.95
443,2023-01-08,0 days 12:34:20,125,Spaghetti & Meatballs,Italian,17.95
443,2023-01-08,0 days 12:34:20,110,Pork Ramen,Asian,17.95
443,2023-01-08,0 days 12:34:20,127,Meat Lasagna,Italian,17.95
443,2023-01-08,0 days 12:34:20,129,Mushroom Ravioli,Italian,15.5
443,2023-01-08,0 days 12:34:20,113,Edamame,Asian,5.0
443,2023-01-08,0 days 12:34:20,120,Steak Torta,Mexican,13.95
443,2023-01-08,0 days 12:34:20,120,Steak Torta,Mexican,13.95
443,2023-01-08,0 days 12:34:20,105,Mac & Cheese,American,7.0
443,2023-01-08,0 days 12:34:20,122,Chips & Salsa,Mexican,7.0
443,2023-01-08,0 days 12:34:20,122,Chips & Salsa,Mexican,7.0
443,2023-01-08,0 days 12:34:20,123,Chips & Guacamole,Mexican,9.0
443,2023-01-08,0 days 12:34:20,106,French Fries,American,7.0
444,2023-01-08,0 days 12:40:05,125,Spaghetti & Meatballs,Italian,17.95
445,2023-01-08,0 days 12:57:39,109,Korean Beef Bowl,Asian,17.95
446,2023-01-08,0 days 12:58:01,107,Orange Chicken,Asian,16.5
446,2023-01-08,0 days 12:58:01,127,Meat Lasagna,Italian,17.95
446,2023-01-08,0 days 12:58:01,120,Steak Torta,Mexican,13.95
447,2023-01-08,0 days 13:02:00,124,Spaghetti,Italian,14.5
448,2023-01-08,0 days 13:03:34,109,Korean Beef Bowl,Asian,17.95
448,2023-01-08,0 days 13:03:34,112,Salmon Roll,Asian,14.95
448,2023-01-08,0 days 13:03:34,120,Steak Torta,Mexican,13.95
449,2023-01-08,0 days 13:04:15,106,French Fries,American,7.0
450,2023-01-08,0 days 13:07:53,107,Orange Chicken,Asian,16.5
451,2023-01-08,0 days 13:19:06,124,Spaghetti,Italian,14.5
451,2023-01-08,0 days 13:19:06,110,Pork Ramen,Asian,17.95
451,2023-01-08,0 days 13:19:06,105,Mac & Cheese,American,7.0
452,2023-01-08,0 days 13:24:11,101,Hamburger,American,12.95
452,2023-01-08,0 days 13:24:11,107,Orange Chicken,Asian,16.5
452,2023-01-08,0 days 13:24:11,120,Steak Torta,Mexican,13.95
453,2023-01-08,0 days 13:27:14,102,Cheeseburger,American,13.95
453,2023-01-08,0 days 13:27:14,125,Spaghetti & Meatballs,Italian,17.95
453,2023-01-08,0 days 13:27:14,120,Steak Torta,Mexican,13.95
453,2023-01-08,0 days 13:27:14,106,French Fries,American,7.0
454,2023-01-08,0 days 13:31:40,122,Chips & Salsa,Mexican,7.0
455,2023-01-08,0 days 13:39:14,117,Chicken Burrito,Mexican,12.95
456,2023-01-08,0 days 13:47:53,131,Chicken Parmesan,Italian,17.95
457,2023-01-08,0 days 13:59:04,102,Cheeseburger,American,13.95
457,2023-01-08,0 days 13:59:04,103,Hot Dog,American,9.0
457,2023-01-08,0 days 13:59:04,108,Tofu Pad Thai,Asian,14.5
458,2023-01-08,0 days 14:00:05,119,Chicken Torta,Mexican,11.95
458,2023-01-08,0 days 14:00:05,123,Chips & Guacamole,Mexican,9.0
458,2023-01-08,0 days 14:00:05,114,Potstickers,Asian,9.0
459,2023-01-08,0 days 14:14:02,122,Chips & Salsa,Mexican,7.0
460,2023-01-08,0 days 14:19:58,126,Fettuccine Alfredo,Italian,14.5
460,2023-01-08,0 days 14:19:58,117,Chicken Burrito,Mexican,12.95
461,2023-01-08,0 days 14:21:19,102,Cheeseburger,American,13.95
461,2023-01-08,0 days 14:21:19,109,Korean Beef Bowl,Asian,17.95
462,2023-01-08,0 days 14:38:41,131,Chicken Parmesan,Italian,17.95
463,2023-01-08,0 days 14:40:28,101,Hamburger,American,12.95
463,2023-01-08,0 days 14:40:28,119,Chicken Torta,Mexican,11.95
464,2023-01-08,0 days 14:49:01,101,Hamburger,American,12.95
464,2023-01-08,0 days 14:49:01,116,Steak Tacos,Mexican,13.95
465,2023-01-08,0 days 14:55:23,111,California Roll,Asian,11.95
466,2023-01-08,0 days 15:30:10,131,Chicken Parmesan,Italian,17.95
467,2023-01-08,0 days 15:33:13,119,Chicken Torta,Mexican,11.95
468,2023-01-08,0 days 15:36:12,125,Spaghetti & Meatballs,Italian,17.95
468,2023-01-08,0 days 15:36:12,113,Edamame,Asian,5.0
469,2023-01-08,0 days 15:37:18,101,Hamburger,American,12.95
469,2023-01-08,0 days 15:37:18,120,Steak Torta,Mexican,13.95
470,2023-01-08,0 days 15:49:13,132,Eggplant Parmesan,Italian,16.95
471,2023-01-08,0 days 16:20:26,127,Meat Lasagna,Italian,17.95
472,2023-01-08,0 days 16:29:50,127,Meat Lasagna,Italian,17.95
472,2023-01-08,0 days 16:29:50,127,Meat Lasagna,Italian,17.95
473,2023-01-08,0 days 16:41:27,109,Korean Beef Bowl,Asian,17.95
473,2023-01-08,0 days 16:41:27,119,Chicken Torta,Mexican,11.95
473,2023-01-08,0 days 16:41:27,105,Mac & Cheese,American,7.0
474,2023-01-08,0 days 16:47:48,126,Fettuccine Alfredo,Italian,14.5
474,2023-01-08,0 days 16:47:48,113,Edamame,Asian,5.0
475,2023-01-08,0 days 17:15:17,107,Orange Chicken,Asian,16.5
475,2023-01-08,0 days 17:15:17,106,French Fries,American,7.0
476,2023-01-08,0 days 17:27:56,113,Edamame,Asian,5.0
476,2023-01-08,0 days 17:27:56,119,Chicken Torta,Mexican,11.95
476,2023-01-08,0 days 17:27:56,132,Eggplant Parmesan,Italian,16.95
477,2023-01-08,0 days 17:30:04,126,Fettuccine Alfredo,Italian,14.5
477,2023-01-08,0 days 17:30:04,129,Mushroom Ravioli,Italian,15.5
478,2023-01-08,0 days 17:35:56,116,Steak Tacos,Mexican,13.95
478,2023-01-08,0 days 17:35:56,103,Hot Dog,American,9.0
479,2023-01-08,0 days 17:37:03,124,Spaghetti,Italian,14.5
479,2023-01-08,0 days 17:37:03,110,Pork Ramen,Asian,17.95
480,2023-01-08,0 days 17:41:31,113,Edamame,Asian,5.0
481,2023-01-08,0 days 17:41:37,113,Edamame,Asian,5.0
481,2023-01-08,0 days 17:41:37,131,Chicken Parmesan,Italian,17.95
482,2023-01-08,0 days 17:52:42,126,Fettuccine Alfredo,Italian,14.5
482,2023-01-08,0 days 17:52:42,117,Chicken Burrito,Mexican,12.95
482,2023-01-08,0 days 17:52:42,122,Chips & Salsa,Mexican,7.0
483,2023-01-08,0 days 17:54:05,101,Hamburger,American,12.95
483,2023-01-08,0 days 17:54:05,111,California Roll,Asian,11.95
483,2023-01-08,0 days 17:54:05,112,Salmon Roll,Asian,14.95
483,2023-01-08,0 days 17:54:05,122,Chips & Salsa,Mexican,7.0
484,2023-01-08,0 days 18:02:54,125,Spaghetti & Meatballs,Italian,17.95
484,2023-01-08,0 days 18:02:54,129,Mushroom Ravioli,Italian,15.5
485,2023-01-08,0 days 18:07:31,102,Cheeseburger,American,13.95
486,2023-01-08,0 days 18:15:08,123,Chips & Guacamole,Mexican,9.0
487,2023-01-08,0 days 18:30:16,109,Korean Beef Bowl,Asian,17.95
487,2023-01-08,0 days 18:30:16,120,Steak Torta,Mexican,13.95
487,2023-01-08,0 days 18:30:16,131,Chicken Parmesan,Italian,17.95
488,2023-01-08,0 days 18:46:02,132,Eggplant Parmesan,Italian,16.95
489,2023-01-08,0 days 18:48:43,118,Steak Burrito,Mexican,14.95
490,2023-01-08,0 days 18:49:24,107,Orange Chicken,Asian,16.5
490,2023-01-08,0 days 18:49:24,108,Tofu Pad Thai,Asian,14.5
490,2023-01-08,0 days 18:49:24,111,California Roll,Asian,11.95
491,2023-01-08,0 days 19:01:12,111,California Roll,Asian,11.95
491,2023-01-08,0 days 19:01:12,113,Edamame,Asian,5.0
491,2023-01-08,0 days 19:01:12,118,Steak Burrito,Mexican,14.95
491,2023-01-08,0 days 19:01:12,119,Chicken Torta,Mexican,11.95
492,2023-01-08,0 days 19:06:21,104,Veggie Burger,American,10.5
492,2023-01-08,0 days 19:06:21,120,Steak Torta,Mexican,13.95
492,2023-01-08,0 days 19:06:21,131,Chicken Parmesan,Italian,17.95
493,2023-01-08,0 days 19:31:47,117,Chicken Burrito,Mexican,12.95
494,2023-01-08,0 days 19:38:40,124,Spaghetti,Italian,14.5
494,2023-01-08,0 days 19:38:40,125,Spaghetti & Meatballs,Italian,17.95
494,2023-01-08,0 days 19:38:40,129,Mushroom Ravioli,Italian,15.5
494,2023-01-08,0 days 19:38:40,105,Mac & Cheese,American,7.0
495,2023-01-08,0 days 19:42:52,117,Chicken Burrito,Mexican,12.95
495,2023-01-08,0 days 19:42:52,120,Steak Torta,Mexican,13.95
496,2023-01-08,0 days 19:46:18,109,Korean Beef Bowl,Asian,17.95
496,2023-01-08,0 days 19:46:18,121,Cheese Quesadillas,Mexican,10.5
497,2023-01-08,0 days 19:49:26,132,Eggplant Parmesan,Italian,16.95
498,2023-01-08,0 days 20:02:25,117,Chicken Burrito,Mexican,12.95
499,2023-01-08,0 days 21:10:46,116,Steak Tacos,Mexican,13.95
499,2023-01-08,0 days 21:10:46,125,Spaghetti & Meatballs,Italian,17.95
499,2023-01-08,0 days 21:10:46,129,Mushroom Ravioli,Italian,15.5
499,2023-01-08,0 days 21:10:46,112,Salmon Roll,Asian,14.95
500,2023-01-08,0 days 21:46:49,128,Cheese Lasagna,Italian,15.5
501,2023-01-08,0 days 21:51:31,102,Cheeseburger,American,13.95
501,2023-01-08,0 days 21:51:31,109,Korean Beef Bowl,Asian,17.95
501,2023-01-08,0 days 21:51:31,105,Mac & Cheese,American,7.0
502,2023-01-08,0 days 22:26:08,127,Meat Lasagna,Italian,17.95
503,2023-01-09,0 days 11:16:21,113,Edamame,Asian,5.0
503,2023-01-09,0 days 11:16:21,120,Steak Torta,Mexican,13.95
504,2023-01-09,0 days 11:48:18,114,Potstickers,Asian,9.0
505,2023-01-09,0 days 11:55:10,113,Edamame,Asian,5.0
506,2023-01-09,0 days 12:02:09,131,Chicken Parmesan,Italian,17.95
507,2023-01-09,0 days 12:06:03,104,Veggie Burger,American,10.5
508,2023-01-09,0 days 12:13:32,102,Cheeseburger,American,13.95
508,2023-01-09,0 days 12:13:32,102,Cheeseburger,American,13.95
508,2023-01-09,0 days 12:13:32,113,Edamame,Asian,5.0
509,2023-01-09,0 days 12:13:58,122,Chips & Salsa,Mexican,7.0
510,2023-01-09,0 days 12:15:03,108,Tofu Pad Thai,Asian,14.5
510,2023-01-09,0 days 12:15:03,108,Tofu Pad Thai,Asian,14.5
510,2023-01-09,0 days 12:15:03,117,Chicken Burrito,Mexican,12.95
510,2023-01-09,0 days 12:15:03,122,Chips & Salsa,Mexican,7.0
511,2023-01-09,0 days 12:18:21,124,Spaghetti,Italian,14.5
512,2023-01-09,0 days 12:19:24,127,Meat Lasagna,Italian,17.95
513,2023-01-09,0 days 12:22:48,125,Spaghetti & Meatballs,Italian,17.95
513,2023-01-09,0 days 12:22:48,127,Meat Lasagna,Italian,17.95
513,2023-01-09,0 days 12:22:48,113,Edamame,Asian,5.0
513,2023-01-09,0 days 12:22:48,106,French Fries,American,7.0
514,2023-01-09,0 days 12:26:47,108,Tofu Pad Thai,Asian,14.5
515,2023-01-09,0 days 13:07:37,104,Veggie Burger,American,10.5
515,2023-01-09,0 days 13:07:37,128,Cheese Lasagna,Italian,15.5
516,2023-01-09,0 days 13:09:09,111,California Roll,Asian,11.95
516,2023-01-09,0 days 13:09:09,132,Eggplant Parmesan,Italian,16.95
517,2023-01-09,0 days 13:09:11,129,Mushroom Ravioli,Italian,15.5
518,2023-01-09,0 days 13:11:25,107,Orange Chicken,Asian,16.5
518,2023-01-09,0 days 13:11:25,119,Chicken Torta,Mexican,11.95
518,2023-01-09,0 days 13:11:25,120,Steak Torta,Mexican,13.95
519,2023-01-09,0 days 13:15:20,119,Chicken Torta,Mexican,11.95
520,2023-01-09,0 days 13:22:33,130,Shrimp Scampi,Italian,19.95
521,2023-01-09,0 days 13:43:07,106,French Fries,American,7.0
522,2023-01-09,0 days 14:09:33,101,Hamburger,American,12.95
522,2023-01-09,0 days 14:09:33,107,Orange Chicken,Asian,16.5
522,2023-01-09,0 days 14:09:33,108,Tofu Pad Thai,Asian,14.5
522,2023-01-09,0 days 14:09:33,124,Spaghetti,Italian,14.5
522,2023-01-09,0 days 14:09:33,125,Spaghetti & Meatballs,Italian,17.95
522,2023-01-09,0 days 14:09:33,126,Fettuccine Alfredo,Italian,14.5
522,2023-01-09,0 days 14:09:33,110,Pork Ramen,Asian,17.95
522,2023-01-09,0 days 14:09:33,127,Meat Lasagna,Italian,17.95
522,2023-01-09,0 days 14:09:33,120,Steak Torta,Mexican,13.95
522,2023-01-09,0 days 14:09:33,114,Potstickers,Asian,9.0
522,2023-01-09,0 days 14:09:33,114,Potstickers,Asian,9.0
523,2023-01-09,0 days 14:42:14,119,Chicken Torta,Mexican,11.95
524,2023-01-09,0 days 14:51:35,120,Steak Torta,Mexican,13.95
524,2023-01-09,0 days 14:51:35,106,French Fries,American,7.0
525,2023-01-09,0 days 15:08:46,113,Edamame,Asian,5.0
526,2023-01-09,0 days 15:10:13,102,Cheeseburger,American,13.95
526,2023-01-09,0 days 15:10:13,124,Spaghetti,Italian,14.5
527,2023-01-09,0 days 15:23:37,125,Spaghetti & Meatballs,Italian,17.95
527,2023-01-09,0 days 15:23:37,105,Mac & Cheese,American,7.0
528,2023-01-09,0 days 15:27:21,110,Pork Ramen,Asian,17.95
529,2023-01-09,0 days 15:31:01,116,Steak Tacos,Mexican,13.95
529,2023-01-09,0 days 15:31:01,102,Cheeseburger,American,13.95
529,2023-01-09,0 days 15:31:01,109,Korean Beef Bowl,Asian,17.95
530,2023-01-09,0 days 15:43:01,108,Tofu Pad Thai,Asian,14.5
530,2023-01-09,0 days 15:43:01,117,Chicken Burrito,Mexican,12.95
531,2023-01-09,0 days 15:58:10,118,Steak Burrito,Mexican,14.95
532,2023-01-09,0 days 16:14:28,118,Steak Burrito,Mexican,14.95
532,2023-01-09,0 days 16:14:28,121,Cheese Quesadillas,Mexican,10.5
533,2023-01-09,0 days 16:28:43,124,Spaghetti,Italian,14.5
533,2023-01-09,0 days 16:28:43,122,Chips & Salsa,Mexican,7.0
534,2023-01-09,0 days 16:43:32,119,Chicken Torta,Mexican,11.95
534,2023-01-09,0 days 16:43:32,105,Mac & Cheese,American,7.0
535,2023-01-09,0 days 17:08:47,108,Tofu Pad Thai,Asian,14.5
536,2023-01-09,0 days 17:18:50,115,Chicken Tacos,Mexican,11.95
536,2023-01-09,0 days 17:18:50,118,Steak Burrito,Mexican,14.95
537,2023-01-09,0 days 17:23:52,108,Tofu Pad Thai,Asian,14.5
537,2023-01-09,0 days 17:23:52,109,Korean Beef Bowl,Asian,17.95
537,2023-01-09,0 days 17:23:52,117,Chicken Burrito,Mexican,12.95
538,2023-01-09,0 days 17:44:04,123,Chips & Guacamole,Mexican,9.0
539,2023-01-09,0 days 17:51:34,124,Spaghetti,Italian,14.5
539,2023-01-09,0 days 17:51:34,127,Meat Lasagna,Italian,17.95
539,2023-01-09,0 days 17:51:34,131,Chicken Parmesan,Italian,17.95
540,2023-01-09,0 days 17:52:41,123,Chips & Guacamole,Mexican,9.0
541,2023-01-09,0 days 18:07:47,107,Orange Chicken,Asian,16.5
542,2023-01-09,0 days 18:08:06,101,Hamburger,American,12.95
542,2023-01-09,0 days 18:08:06,119,Chicken Torta,Mexican,11.95
543,2023-01-09,0 days 18:23:59,104,Veggie Burger,American,10.5
543,2023-01-09,0 days 18:23:59,108,Tofu Pad Thai,Asian,14.5
543,2023-01-09,0 days 18:23:59,128,Cheese Lasagna,Italian,15.5
544,2023-01-09,0 days 18:31:04,111,California Roll,Asian,11.95
544,2023-01-09,0 days 18:31:04,120,Steak Torta,Mexican,13.95
545,2023-01-09,0 days 18:46:28,113,Edamame,Asian,5.0
545,2023-01-09,0 days 18:46:28,113,Edamame,Asian,5.0
545,2023-01-09,0 days 18:46:28,118,Steak Burrito,Mexican,14.95
545,2023-01-09,0 days 18:46:28,121,Cheese Quesadillas,Mexican,10.5
546,2023-01-09,0 days 18:47:27,126,Fettuccine Alfredo,Italian,14.5
547,2023-01-09,0 days 18:49:23,107,Orange Chicken,Asian,16.5
548,2023-01-09,0 days 19:06:09,109,Korean Beef Bowl,Asian,17.95
549,2023-01-09,0 days 19:06:34,107,Orange Chicken,Asian,16.5
549,2023-01-09,0 days 19:06:34,106,French Fries,American,7.0
550,2023-01-09,0 days 19:12:59,131,Chicken Parmesan,Italian,17.95
550,2023-01-09,0 days 19:12:59,114,Potstickers,Asian,9.0
551,2023-01-09,0 days 19:26:24,125,Spaghetti & Meatballs,Italian,17.95
551,2023-01-09,0 days 19:26:24,121,Cheese Quesadillas,Mexican,10.5
551,2023-01-09,0 days 19:26:24,106,French Fries,American,7.0
551,2023-01-09,0 days 19:26:24,114,Potstickers,Asian,9.0
552,2023-01-09,0 days 19:31:25,103,Hot Dog,American,9.0
552,2023-01-09,0 days 19:31:25,126,Fettuccine Alfredo,Italian,14.5
552,2023-01-09,0 days 19:31:25,117,Chicken Burrito,Mexican,12.95
553,2023-01-09,0 days 20:14:47,129,Mushroom Ravioli,Italian,15.5
554,2023-01-09,0 days 20:15:51,103,Hot Dog,American,9.0
554,2023-01-09,0 days 20:15:51,126,Fettuccine Alfredo,Italian,14.5
555,2023-01-09,0 days 20:18:25,101,Hamburger,American,12.95
555,2023-01-09,0 days 20:18:25,109,Korean Beef Bowl,Asian,17.95
556,2023-01-09,0 days 20:23:12,125,Spaghetti & Meatballs,Italian,17.95
557,2023-01-09,0 days 20:30:06,120,Steak Torta,Mexican,13.95
557,2023-01-09,0 days 20:30:06,122,Chips & Salsa,Mexican,7.0
558,2023-01-09,0 days 20:51:10,109,Korean Beef Bowl,Asian,17.95
559,2023-01-09,0 days 21:10:16,108,Tofu Pad Thai,Asian,14.5
560,2023-01-09,0 days 21:13:48,126,Fettuccine Alfredo,Italian,14.5
560,2023-01-09,0 days 21:13:48,122,Chips & Salsa,Mexican,7.0
561,2023-01-09,0 days 21:47:56,123,Chips & Guacamole,Mexican,9.0
562,2023-01-09,0 days 22:04:05,103,Hot Dog,American,9.0
563,2023-01-09,0 days 22:19:03,129,Mushroom Ravioli,Italian,15.5
563,2023-01-09,0 days 22:19:03,132,Eggplant Parmesan,Italian,16.95
564,2023-01-09,0 days 22:32:32,128,Cheese Lasagna,Italian,15.5
564,2023-01-09,0 days 22:32:32,113,Edamame,Asian,5.0
564,2023-01-09,0 days 22:32:32,123,Chips & Guacamole,Mexican,9.0
565,2023-01-10,0 days 12:11:19,127,Meat Lasagna,Italian,17.95
566,2023-01-10,0 days 12:21:19,123,Chips & Guacamole,Mexican,9.0
567,2023-01-10,0 days 12:27:47,101,Hamburger,American,12.95
567,2023-01-10,0 days 12:27:47,124,Spaghetti,Italian,14.5
567,2023-01-10,0 days 12:27:47,125,Spaghetti & Meatballs,Italian,17.95
567,2023-01-10,0 days 12:27:47,113,Edamame,Asian,5.0
567,2023-01-10,0 days 12:27:47,120,Steak Torta,Mexican,13.95
567,2023-01-10,0 days 12:27:47,120,Steak Torta,Mexican,13.95
567,2023-01-10,0 days 12:27:47,121,Cheese Quesadillas,Mexican,10.5
567,2023-01-10,0 days 12:27:47,122,Chips & Salsa,Mexican,7.0
567,2023-01-10,0 days 12:27:47,123,Chips & Guacamole,Mexican,9.0
567,2023-01-10,0 days 12:27:47,106,French Fries,American,7.0
568,2023-01-10,0 days 12:28:53,129,Mushroom Ravioli,Italian,15.5
569,2023-01-10,0 days 12:37:10,101,Hamburger,American,12.95
569,2023-01-10,0 days 12:37:10,103,Hot Dog,American,9.0
569,2023-01-10,0 days 12:37:10,108,Tofu Pad Thai,Asian,14.5
570,2023-01-10,0 days 13:13:59,126,Fettuccine Alfredo,Italian,14.5
570,2023-01-10,0 days 13:13:59,105,Mac & Cheese,American,7.0
571,2023-01-10,0 days 13:14:47,107,Orange Chicken,Asian,16.5
572,2023-01-10,0 days 13:15:32,105,Mac & Cheese,American,7.0
573,2023-01-10,0 days 13:39:33,108,Tofu Pad Thai,Asian,14.5
573,2023-01-10,0 days 13:39:33,124,Spaghetti,Italian,14.5
574,2023-01-10,0 days 13:40:54,127,Meat Lasagna,Italian,17.95
575,2023-01-10,0 days 13:41:04,108,Tofu Pad Thai,Asian,14.5
575,2023-01-10,0 days 13:41:04,111,California Roll,Asian,11.95
575,2023-01-10,0 days 13:41:04,113,Edamame,Asian,5.0
575,2023-01-10,0 days 13:41:04,131,Chicken Parmesan,Italian,17.95
576,2023-01-10,0 days 13:44:22,107,Orange Chicken,Asian,16.5
576,2023-01-10,0 days 13:44:22,103,Hot Dog,American,9.0
576,2023-01-10,0 days 13:44:22,131,Chicken Parmesan,Italian,17.95
577,2023-01-10,0 days 13:45:00,131,Chicken Parmesan,Italian,17.95
577,2023-01-10,0 days 13:45:00,132,Eggplant Parmesan,Italian,16.95
578,2023-01-10,0 days 13:48:49,101,Hamburger,American,12.95
578,2023-01-10,0 days 13:48:49,116,Steak Tacos,Mexican,13.95
578,2023-01-10,0 days 13:48:49,113,Edamame,Asian,5.0
578,2023-01-10,0 days 13:48:49,118,Steak Burrito,Mexican,14.95
579,2023-01-10,0 days 13:51:19,126,Fettuccine Alfredo,Italian,14.5
580,2023-01-10,0 days 13:56:01,109,Korean Beef Bowl,Asian,17.95
580,2023-01-10,0 days 13:56:01,105,Mac & Cheese,American,7.0
581,2023-01-10,0 days 14:13:01,129,Mushroom Ravioli,Italian,15.5
582,2023-01-10,0 days 14:24:14,128,Cheese Lasagna,Italian,15.5
583,2023-01-10,0 days 14:33:19,117,Chicken Burrito,Mexican,12.95
584,2023-01-10,0 days 15:05:29,120,Steak Torta,Mexican,13.95
584,2023-01-10,0 days 15:05:29,121,Cheese Quesadillas,Mexican,10.5
585,2023-01-10,0 days 15:58:42,115,Chicken Tacos,Mexican,11.95
585,2023-01-10,0 days 15:58:42,129,Mushroom Ravioli,Italian,15.5
586,2023-01-10,0 days 16:09:57,110,Pork Ramen,Asian,17.95
586,2023-01-10,0 days 16:09:57,105,Mac & Cheese,American,7.0
587,2023-01-10,0 days 16:32:36,118,Steak Burrito,Mexican,14.95
587,2023-01-10,0 days 16:32:36,118,Steak Burrito,Mexican,14.95
588,2023-01-10,0 days 16:33:36,102,Cheeseburger,American,13.95
589,2023-01-10,0 days 17:12:39,117,Chicken Burrito,Mexican,12.95
589,2023-01-10,0 days 17:12:39,128,Cheese Lasagna,Italian,15.5
589,2023-01-10,0 days 17:12:39,132,Eggplant Parmesan,Italian,16.95
590,2023-01-10,0 days 17:23:39,124,Spaghetti,Italian,14.5
591,2023-01-10,0 days 17:32:54,125,Spaghetti & Meatballs,Italian,17.95
591,2023-01-10,0 days 17:32:54,105,Mac & Cheese,American,7.0
591,2023-01-10,0 days 17:32:54,130,Shrimp Scampi,Italian,19.95
592,2023-01-10,0 days 17:41:55,127,Meat Lasagna,Italian,17.95
592,2023-01-10,0 days 17:41:55,112,Salmon Roll,Asian,14.95
592,2023-01-10,0 days 17:41:55,106,French Fries,American,7.0
593,2023-01-10,0 days 17:48:57,102,Cheeseburger,American,13.95
593,2023-01-10,0 days 17:48:57,122,Chips & Salsa,Mexican,7.0
594,2023-01-10,0 days 17:50:19,116,Steak Tacos,Mexican,13.95
595,2023-01-10,0 days 18:12:28,108,Tofu Pad Thai,Asian,14.5
595,2023-01-10,0 days 18:12:28,119,Chicken Torta,Mexican,11.95
596,2023-01-10,0 days 18:24:07,112,Salmon Roll,Asian,14.95
596,2023-01-10,0 days 18:24:07,121,Cheese Quesadillas,Mexican,10.5
597,2023-01-10,0 days 18:32:36,102,Cheeseburger,American,13.95
597,2023-01-10,0 days 18:32:36,119,Chicken Torta,Mexican,11.95
597,2023-01-10,0 days 18:32:36,122,Chips & Salsa,Mexican,7.0
598,2023-01-10,0 days 18:34:14,119,Chicken Torta,Mexican,11.95
599,2023-01-10,0 days 18:34:27,118,Steak Burrito,Mexican,14.95
600,2023-01-10,0 days 18:53:52,108,Tofu Pad Thai,Asian,14.5
600,2023-01-10,0 days 18:53:52,125,Spaghetti & Meatballs,Italian,17.95
600,2023-01-10,0 days 18:53:52,128,Cheese Lasagna,Italian,15.5
600,2023-01-10,0 days 18:53:52,129,Mushroom Ravioli,Italian,15.5
601,2023-01-10,0 days 18:58:19,101,Hamburger,American,12.95
601,2023-01-10,0 days 18:58:19,108,Tofu Pad Thai,Asian,14.5
601,2023-01-10,0 days 18:58:19,130,Shrimp Scampi,Italian,19.95
602,2023-01-10,0 days 19:02:27,118,Steak Burrito,Mexican,14.95
603,2023-01-10,0 days 19:03:11,129,Mushroom Ravioli,Italian,15.5
604,2023-01-10,0 days 19:13:29,121,Cheese Quesadillas,Mexican,10.5
604,2023-01-10,0 days 19:13:29,123,Chips & Guacamole,Mexican,9.0
605,2023-01-10,0 days 19:23:51,113,Edamame,Asian,5.0
606,2023-01-10,0 days 19:27:18,113,Edamame,Asian,5.0
607,2023-01-10,0 days 19:36:16,101,Hamburger,American,12.95
607,2023-01-10,0 days 19:36:16,117,Chicken Burrito,Mexican,12.95
607,2023-01-10,0 days 19:36:16,123,Chips & Guacamole,Mexican,9.0
608,2023-01-10,0 days 19:36:33,109,Korean Beef Bowl,Asian,17.95
608,2023-01-10,0 days 19:36:33,113,Edamame,Asian,5.0
608,2023-01-10,0 days 19:36:33,106,French Fries,American,7.0
608,2023-01-10,0 days 19:36:33,106,French Fries,American,7.0
609,2023-01-10,0 days 19:39:32,125,Spaghetti & Meatballs,Italian,17.95
610,2023-01-10,0 days 19:51:02,107,Orange Chicken,Asian,16.5
610,2023-01-10,0 days 19:51:02,113,Edamame,Asian,5.0
611,2023-01-10,0 days 19:58:10,124,Spaghetti,Italian,14.5
611,2023-01-10,0 days 19:58:10,129,Mushroom Ravioli,Italian,15.5
611,2023-01-10,0 days 19:58:10,105,Mac & Cheese,American,7.0
612,2023-01-10,0 days 19:58:15,107,Orange Chicken,Asian,16.5
612,2023-01-10,0 days 19:58:15,117,Chicken Burrito,Mexican,12.95
612,2023-01-10,0 days 19:58:15,129,Mushroom Ravioli,Italian,15.5
612,2023-01-10,0 days 19:58:15,121,Cheese Quesadillas,Mexican,10.5
613,2023-01-10,0 days 20:10:44,111,California Roll,Asian,11.95
614,2023-01-10,0 days 20:12:33,118,Steak Burrito,Mexican,14.95
615,2023-01-10,0 days 20:14:03,102,Cheeseburger,American,13.95
615,2023-01-10,0 days 20:14:03,112,Salmon Roll,Asian,14.95
616,2023-01-10,0 days 20:20:10,119,Chicken Torta,Mexican,11.95
616,2023-01-10,0 days 20:20:10,132,Eggplant Parmesan,Italian,16.95
617,2023-01-10,0 days 20:27:26,104,Veggie Burger,American,10.5
617,2023-01-10,0 days 20:27:26,105,Mac & Cheese,American,7.0
618,2023-01-10,0 days 20:31:14,119,Chicken Torta,Mexican,11.95
618,2023-01-10,0 days 20:31:14,130,Shrimp Scampi,Italian,19.95
619,2023-01-10,0 days 20:41:58,110,Pork Ramen,Asian,17.95
620,2023-01-10,0 days 20:45:45,101,Hamburger,American,12.95
620,2023-01-10,0 days 20:45:45,102,Cheeseburger,American,13.95
620,2023-01-10,0 days 20:45:45,118,Steak Burrito,Mexican,14.95
620,2023-01-10,0 days 20:45:45,114,Potstickers,Asian,9.0
621,2023-01-10,0 days 20:49:29,116,Steak Tacos,Mexican,13.95
621,2023-01-10,0 days 20:49:29,125,Spaghetti & Meatballs,Italian,17.95
621,2023-01-10,0 days 20:49:29,129,Mushroom Ravioli,Italian,15.5
621,2023-01-10,0 days 20:49:29,122,Chips & Salsa,Mexican,7.0
622,2023-01-10,0 days 20:57:41,117,Chicken Burrito,Mexican,12.95
622,2023-01-10,0 days 20:57:41,122,Chips & Salsa,Mexican,7.0
623,2023-01-10,0 days 21:21:21,102,Cheeseburger,American,13.95
623,2023-01-10,0 days 21:21:21,109,Korean Beef Bowl,Asian,17.95
624,2023-01-10,0 days 21:22:44,102,Cheeseburger,American,13.95
624,2023-01-10,0 days 21:22:44,132,Eggplant Parmesan,Italian,16.95
625,2023-01-10,0 days 21:50:23,131,Chicken Parmesan,Italian,17.95
625,2023-01-10,0 days 21:50:23,123,Chips & Guacamole,Mexican,9.0
626,2023-01-10,0 days 21:55:12,108,Tofu Pad Thai,Asian,14.5
626,2023-01-10,0 days 21:55:12,125,Spaghetti & Meatballs,Italian,17.95
627,2023-01-10,0 days 22:18:35,114,Potstickers,Asian,9.0
627,2023-01-10,0 days 22:18:35,114,Potstickers,Asian,9.0
628,2023-01-10,0 days 22:47:17,108,Tofu Pad Thai,Asian,14.5
628,2023-01-10,0 days 22:47:17,127,Meat Lasagna,Italian,17.95
628,2023-01-10,0 days 22:47:17,114,Potstickers,Asian,9.0
628,2023-01-10,0 days 22:47:17,132,Eggplant Parmesan,Italian,16.95
629,2023-01-10,0 days 22:48:39,116,Steak Tacos,Mexican,13.95
629,2023-01-10,0 days 22:48:39,124,Spaghetti,Italian,14.5
629,2023-01-10,0 days 22:48:39,112,Salmon Roll,Asian,14.95
629,2023-01-10,0 days 22:48:39,130,Shrimp Scampi,Italian,19.95
630,2023-01-11,0 days 11:42:08,120,Steak Torta,Mexican,13.95
631,2023-01-11,0 days 11:44:36,113,Edamame,Asian,5.0
632,2023-01-11,0 days 11:44:52,108,Tofu Pad Thai,Asian,14.5
633,2023-01-11,0 days 11:51:45,128,Cheese Lasagna,Italian,15.5
633,2023-01-11,0 days 11:51:45,113,Edamame,Asian,5.0
633,2023-01-11,0 days 11:51:45,118,Steak Burrito,Mexican,14.95
634,2023-01-11,0 days 12:14:15,113,Edamame,Asian,5.0
635,2023-01-11,0 days 12:18:31,116,Steak Tacos,Mexican,13.95
635,2023-01-11,0 days 12:18:31,102,Cheeseburger,American,13.95
635,2023-01-11,0 days 12:18:31,109,Korean Beef Bowl,Asian,17.95
635,2023-01-11,0 days 12:18:31,129,Mushroom Ravioli,Italian,15.5
635,2023-01-11,0 days 12:18:31,113,Edamame,Asian,5.0
635,2023-01-11,0 days 12:18:31,113,Edamame,Asian,5.0
635,2023-01-11,0 days 12:18:31,118,Steak Burrito,Mexican,14.95
635,2023-01-11,0 days 12:18:31,120,Steak Torta,Mexican,13.95
635,2023-01-11,0 days 12:18:31,131,Chicken Parmesan,Italian,17.95
635,2023-01-11,0 days 12:18:31,131,Chicken Parmesan,Italian,17.95
636,2023-01-11,0 days 12:34:44,108,Tofu Pad Thai,Asian,14.5
637,2023-01-11,0 days 12:44:10,114,Potstickers,Asian,9.0
637,2023-01-11,0 days 12:44:10,132,Eggplant Parmesan,Italian,16.95
638,2023-01-11,0 days 12:49:26,129,Mushroom Ravioli,Italian,15.5
639,2023-01-11,0 days 13:23:21,112,Salmon Roll,Asian,14.95
640,2023-01-11,0 days 13:28:08,102,Cheeseburger,American,13.95
640,2023-01-11,0 days 13:28:08,104,Veggie Burger,American,10.5
640,2023-01-11,0 days 13:28:08,111,California Roll,Asian,11.95
641,2023-01-11,0 days 13:37:46,113,Edamame,Asian,5.0
641,2023-01-11,0 days 13:37:46,105,Mac & Cheese,American,7.0
641,2023-01-11,0 days 13:37:46,130,Shrimp Scampi,Italian,19.95
641,2023-01-11,0 days 13:37:46,131,Chicken Parmesan,Italian,17.95
642,2023-01-11,0 days 13:40:00,116,Steak Tacos,Mexican,13.95
642,2023-01-11,0 days 13:40:00,102,Cheeseburger,American,13.95
642,2023-01-11,0 days 13:40:00,117,Chicken Burrito,Mexican,12.95
642,2023-01-11,0 days 13:40:00,121,Cheese Quesadillas,Mexican,10.5
643,2023-01-11,0 days 13:43:19,131,Chicken Parmesan,Italian,17.95
644,2023-01-11,0 days 13:52:52,117,Chicken Burrito,Mexican,12.95
644,2023-01-11,0 days 13:52:52,118,Steak Burrito,Mexican,14.95
645,2023-01-11,0 days 14:03:45,101,Hamburger,American,12.95
645,2023-01-11,0 days 14:03:45,107,Orange Chicken,Asian,16.5
646,2023-01-11,0 days 14:07:26,109,Korean Beef Bowl,Asian,17.95
646,2023-01-11,0 days 14:07:26,106,French Fries,American,7.0
647,2023-01-11,0 days 14:07:35,109,Korean Beef Bowl,Asian,17.95
648,2023-01-11,0 days 14:17:17,125,Spaghetti & Meatballs,Italian,17.95
648,2023-01-11,0 days 14:17:17,113,Edamame,Asian,5.0
649,2023-01-11,0 days 14:29:23,102,Cheeseburger,American,13.95
649,2023-01-11,0 days 14:29:23,113,Edamame,Asian,5.0
649,2023-01-11,0 days 14:29:23,118,Steak Burrito,Mexican,14.95
649,2023-01-11,0 days 14:29:23,120,Steak Torta,Mexican,13.95
650,2023-01-11,0 days 14:34:05,113,Edamame,Asian,5.0
651,2023-01-11,0 days 14:49:35,101,Hamburger,American,12.95
651,2023-01-11,0 days 14:49:35,116,Steak Tacos,Mexican,13.95
651,2023-01-11,0 days 14:49:35,113,Edamame,Asian,5.0
652,2023-01-11,0 days 16:03:38,107,Orange Chicken,Asian,16.5
652,2023-01-11,0 days 16:03:38,103,Hot Dog,American,9.0
652,2023-01-11,0 days 16:03:38,104,Veggie Burger,American,10.5
652,2023-01-11,0 days 16:03:38,119,Chicken Torta,Mexican,11.95
653,2023-01-11,0 days 16:18:23,106,French Fries,American,7.0
654,2023-01-11,0 days 16:34:07,129,Mushroom Ravioli,Italian,15.5
654,2023-01-11,0 days 16:34:07,120,Steak Torta,Mexican,13.95
654,2023-01-11,0 days 16:34:07,130,Shrimp Scampi,Italian,19.95
655,2023-01-11,0 days 16:43:33,117,Chicken Burrito,Mexican,12.95
656,2023-01-11,0 days 16:44:49,106,French Fries,American,7.0
656,2023-01-11,0 days 16:44:49,132,Eggplant Parmesan,Italian,16.95
657,2023-01-11,0 days 16:45:47,101,Hamburger,American,12.95
657,2023-01-11,0 days 16:45:47,108,Tofu Pad Thai,Asian,14.5
658,2023-01-11,0 days 16:55:24,111,California Roll,Asian,11.95
658,2023-01-11,0 days 16:55:24,118,Steak Burrito,Mexican,14.95
658,2023-01-11,0 days 16:55:24,132,Eggplant Parmesan,Italian,16.95
659,2023-01-11,0 days 16:56:39,117,Chicken Burrito,Mexican,12.95
659,2023-01-11,0 days 16:56:39,120,Steak Torta,Mexican,13.95
660,2023-01-11,0 days 17:09:36,101,Hamburger,American,12.95
660,2023-01-11,0 days 17:09:36,117,Chicken Burrito,Mexican,12.95
661,2023-01-11,0 days 17:18:14,111,California Roll,Asian,11.95
662,2023-01-11,0 days 17:21:49,101,Hamburger,American,12.95
662,2023-01-11,0 days 17:21:49,119,Chicken Torta,Mexican,11.95
663,2023-01-11,0 days 17:29:14,125,Spaghetti & Meatballs,Italian,17.95
664,2023-01-11,0 days 17:35:14,116,Steak Tacos,Mexican,13.95
664,2023-01-11,0 days 17:35:14,117,Chicken Burrito,Mexican,12.95
664,2023-01-11,0 days 17:35:14,113,Edamame,Asian,5.0
665,2023-01-11,0 days 17:42:23,101,Hamburger,American,12.95
665,2023-01-11,0 days 17:42:23,128,Cheese Lasagna,Italian,15.5
666,2023-01-11,0 days 17:42:25,109,Korean Beef Bowl,Asian,17.95
667,2023-01-11,0 days 18:13:08,107,Orange Chicken,Asian,16.5
667,2023-01-11,0 days 18:13:08,113,Edamame,Asian,5.0
668,2023-01-11,0 days 18:13:12,117,Chicken Burrito,Mexican,12.95
668,2023-01-11,0 days 18:13:12,129,Mushroom Ravioli,Italian,15.5
668,2023-01-11,0 days 18:13:12,118,Steak Burrito,Mexican,14.95
668,2023-01-11,0 days 18:13:12,122,Chips & Salsa,Mexican,7.0
669,2023-01-11,0 days 18:40:44,110,Pork Ramen,Asian,17.95
669,2023-01-11,0 days 18:40:44,129,Mushroom Ravioli,Italian,15.5
670,2023-01-11,0 days 18:46:25,110,Pork Ramen,Asian,17.95
670,2023-01-11,0 days 18:46:25,121,Cheese Quesadillas,Mexican,10.5
671,2023-01-11,0 days 19:18:42,104,Veggie Burger,American,10.5
672,2023-01-11,0 days 19:18:46,126,Fettuccine Alfredo,Italian,14.5
672,2023-01-11,0 days 19:18:46,122,Chips & Salsa,Mexican,7.0
673,2023-01-11,0 days 19:28:13,121,Cheese Quesadillas,Mexican,10.5
673,2023-01-11,0 days 19:28:13,106,French Fries,American,7.0
674,2023-01-11,0 days 19:33:05,104,Veggie Burger,American,10.5
674,2023-01-11,0 days 19:33:05,129,Mushroom Ravioli,Italian,15.5
674,2023-01-11,0 days 19:33:05,119,Chicken Torta,Mexican,11.95
674,2023-01-11,0 days 19:33:05,131,Chicken Parmesan,Italian,17.95
675,2023-01-11,0 days 19:33:19,111,California Roll,Asian,11.95
676,2023-01-11,0 days 19:44:57,129,Mushroom Ravioli,Italian,15.5
676,2023-01-11,0 days 19:44:57,132,Eggplant Parmesan,Italian,16.95
677,2023-01-11,0 days 19:51:09,118,Steak Burrito,Mexican,14.95
678,2023-01-11,0 days 19:52:49,129,Mushroom Ravioli,Italian,15.5
678,2023-01-11,0 days 19:52:49,111,California Roll,Asian,11.95
678,2023-01-11,0 days 19:52:49,122,Chips & Salsa,Mexican,7.0
679,2023-01-11,0 days 20:31:02,115,Chicken Tacos,Mexican,11.95
679,2023-01-11,0 days 20:31:02,125,Spaghetti & Meatballs,Italian,17.95
679,2023-01-11,0 days 20:31:02,117,Chicken Burrito,Mexican,12.95
679,2023-01-11,0 days 20:31:02,128,Cheese Lasagna,Italian,15.5
680,2023-01-11,0 days 21:07:30,104,Veggie Burger,American,10.5
680,2023-01-11,0 days 21:07:30,120,Steak Torta,Mexican,13.95
681,2023-01-11,0 days 21:29:50,118,Steak Burrito,Mexican,14.95
682,2023-01-12,0 days 11:38:15,117,Chicken Burrito,Mexican,12.95
683,2023-01-12,0 days 11:39:08,104,Veggie Burger,American,10.5
683,2023-01-12,0 days 11:39:08,127,Meat Lasagna,Italian,17.95
683,2023-01-12,0 days 11:39:08,118,Steak Burrito,Mexican,14.95
684,2023-01-12,0 days 12:01:23,125,Spaghetti & Meatballs,Italian,17.95
685,2023-01-12,0 days 12:11:46,121,Cheese Quesadillas,Mexican,10.5
686,2023-01-12,0 days 12:13:07,107,Orange Chicken,Asian,16.5
687,2023-01-12,0 days 12:21:09,127,Meat Lasagna,Italian,17.95
688,2023-01-12,0 days 12:26:41,122,Chips & Salsa,Mexican,7.0
688,2023-01-12,0 days 12:26:41,123,Chips & Guacamole,Mexican,9.0
689,2023-01-12,0 days 12:33:22,106,French Fries,American,7.0
689,2023-01-12,0 days 12:33:22,106,French Fries,American,7.0
690,2023-01-12,0 days 12:42:10,113,Edamame,Asian,5.0
691,2023-01-12,0 days 12:45:53,101,Hamburger,American,12.95
692,2023-01-12,0 days 12:53:37,102,Cheeseburger,American,13.95
692,2023-01-12,0 days 12:53:37,127,Meat Lasagna,Italian,17.95
693,2023-01-12,0 days 13:04:24,101,Hamburger,American,12.95
693,2023-01-12,0 days 13:04:24,107,Orange Chicken,Asian,16.5
693,2023-01-12,0 days 13:04:24,126,Fettuccine Alfredo,Italian,14.5
693,2023-01-12,0 days 13:04:24,110,Pork Ramen,Asian,17.95
694,2023-01-12,0 days 13:30:47,127,Meat Lasagna,Italian,17.95
694,2023-01-12,0 days 13:30:47,112,Salmon Roll,Asian,14.95
694,2023-01-12,0 days 13:30:47,113,Edamame,Asian,5.0
695,2023-01-12,0 days 13:33:06,105,Mac & Cheese,American,7.0
696,2023-01-12,0 days 13:49:40,119,Chicken Torta,Mexican,11.95
696,2023-01-12,0 days 13:49:40,122,Chips & Salsa,Mexican,7.0
697,2023-01-12,0 days 13:58:56,108,Tofu Pad Thai,Asian,14.5
697,2023-01-12,0 days 13:58:56,130,Shrimp Scampi,Italian,19.95
698,2023-01-12,0 days 14:08:16,107,Orange Chicken,Asian,16.5
698,2023-01-12,0 days 14:08:16,112,Salmon Roll,Asian,14.95
698,2023-01-12,0 days 14:08:16,106,French Fries,American,7.0
699,2023-01-12,0 days 14:27:03,113,Edamame,Asian,5.0
700,2023-01-12,0 days 14:31:13,115,Chicken Tacos,Mexican,11.95
700,2023-01-12,0 days 14:31:13,104,Veggie Burger,American,10.5
700,2023-01-12,0 days 14:31:13,110,Pork Ramen,Asian,17.95
700,2023-01-12,0 days 14:31:13,118,Steak Burrito,Mexican,14.95
700,2023-01-12,0 days 14:31:13,120,Steak Torta,Mexican,13.95
701,2023-01-12,0 days 14:33:39,109,Korean Beef Bowl,Asian,17.95
701,2023-01-12,0 days 14:33:39,119,Chicken Torta,Mexican,11.95
702,2023-01-12,0 days 14:38:35,101,Hamburger,American,12.95
702,2023-01-12,0 days 14:38:35,120,Steak Torta,Mexican,13.95
703,2023-01-12,0 days 15:08:01,118,Steak Burrito,Mexican,14.95
704,2023-01-12,0 days 15:28:25,116,Steak Tacos,Mexican,13.95
704,2023-01-12,0 days 15:28:25,128,Cheese Lasagna,Italian,15.5
705,2023-01-12,0 days 15:31:00,126,Fettuccine Alfredo,Italian,14.5
705,2023-01-12,0 days 15:31:00,117,Chicken Burrito,Mexican,12.95
705,2023-01-12,0 days 15:31:00,105,Mac & Cheese,American,7.0
706,2023-01-12,0 days 15:39:04,102,Cheeseburger,American,13.95
706,2023-01-12,0 days 15:39:04,111,California Roll,Asian,11.95
707,2023-01-12,0 days 15:41:32,101,Hamburger,American,12.95
707,2023-01-12,0 days 15:41:32,118,Steak Burrito,Mexican,14.95
707,2023-01-12,0 days 15:41:32,105,Mac & Cheese,American,7.0
708,2023-01-12,0 days 15:52:44,125,Spaghetti & Meatballs,Italian,17.95
709,2023-01-12,0 days 15:53:56,101,Hamburger,American,12.95
710,2023-01-12,0 days 15:59:52,109,Korean Beef Bowl,Asian,17.95
710,2023-01-12,0 days 15:59:52,105,Mac & Cheese,American,7.0
710,2023-01-12,0 days 15:59:52,114,Potstickers,Asian,9.0
711,2023-01-12,0 days 16:21:10,103,Hot Dog,American,9.0
711,2023-01-12,0 days 16:21:10,129,Mushroom Ravioli,Italian,15.5
711,2023-01-12,0 days 16:21:10,112,Salmon Roll,Asian,14.95
711,2023-01-12,0 days 16:21:10,120,Steak Torta,Mexican,13.95
712,2023-01-12,0 days 16:22:18,127,Meat Lasagna,Italian,17.95
713,2023-01-12,0 days 16:31:56,124,Spaghetti,Italian,14.5
713,2023-01-12,0 days 16:31:56,128,Cheese Lasagna,Italian,15.5
714,2023-01-12,0 days 16:55:08,108,Tofu Pad Thai,Asian,14.5
714,2023-01-12,0 days 16:55:08,109,Korean Beef Bowl,Asian,17.95
714,2023-01-12,0 days 16:55:08,109,Korean Beef Bowl,Asian,17.95
714,2023-01-12,0 days 16:55:08,110,Pork Ramen,Asian,17.95
715,2023-01-12,0 days 17:05:33,113,Edamame,Asian,5.0
715,2023-01-12,0 days 17:05:33,118,Steak Burrito,Mexican,14.95
715,2023-01-12,0 days 17:05:33,131,Chicken Parmesan,Italian,17.95
716,2023-01-12,0 days 17:06:05,107,Orange Chicken,Asian,16.5
717,2023-01-12,0 days 17:24:44,101,Hamburger,American,12.95
717,2023-01-12,0 days 17:24:44,105,Mac & Cheese,American,7.0
718,2023-01-12,0 days 17:46:30,102,Cheeseburger,American,13.95
718,2023-01-12,0 days 17:46:30,105,Mac & Cheese,American,7.0
719,2023-01-12,0 days 17:52:27,101,Hamburger,American,12.95
719,2023-01-12,0 days 17:52:27,129,Mushroom Ravioli,Italian,15.5
720,2023-01-12,0 days 17:53:59,126,Fettuccine Alfredo,Italian,14.5
720,2023-01-12,0 days 17:53:59,111,California Roll,Asian,11.95
720,2023-01-12,0 days 17:53:59,112,Salmon Roll,Asian,14.95
720,2023-01-12,0 days 17:53:59,120,Steak Torta,Mexican,13.95
721,2023-01-12,0 days 18:17:15,108,Tofu Pad Thai,Asian,14.5
721,2023-01-12,0 days 18:17:15,122,Chips & Salsa,Mexican,7.0
722,2023-01-12,0 days 18:20:58,111,California Roll,Asian,11.95
722,2023-01-12,0 days 18:20:58,130,Shrimp Scampi,Italian,19.95
723,2023-01-12,0 days 18:21:04,101,Hamburger,American,12.95
723,2023-01-12,0 days 18:21:04,113,Edamame,Asian,5.0
724,2023-01-12,0 days 18:24:47,107,Orange Chicken,Asian,16.5
724,2023-01-12,0 days 18:24:47,126,Fettuccine Alfredo,Italian,14.5
724,2023-01-12,0 days 18:24:47,105,Mac & Cheese,American,7.0
725,2023-01-12,0 days 18:33:14,107,Orange Chicken,Asian,16.5
725,2023-01-12,0 days 18:33:14,129,Mushroom Ravioli,Italian,15.5
725,2023-01-12,0 days 18:33:14,106,French Fries,American,7.0
726,2023-01-12,0 days 18:34:25,120,Steak Torta,Mexican,13.95
727,2023-01-12,0 days 18:44:57,120,Steak Torta,Mexican,13.95
728,2023-01-12,0 days 18:53:17,105,Mac & Cheese,American,7.0
728,2023-01-12,0 days 18:53:17,106,French Fries,American,7.0
728,2023-01-12,0 days 18:53:17,114,Potstickers,Asian,9.0
729,2023-01-12,0 days 19:20:41,108,Tofu Pad Thai,Asian,14.5
729,2023-01-12,0 days 19:20:41,109,Korean Beef Bowl,Asian,17.95
729,2023-01-12,0 days 19:20:41,120,Steak Torta,Mexican,13.95
730,2023-01-12,0 days 19:22:00,117,Chicken Burrito,Mexican,12.95
731,2023-01-12,0 days 19:27:47,120,Steak Torta,Mexican,13.95
731,2023-01-12,0 days 19:27:47,132,Eggplant Parmesan,Italian,16.95
732,2023-01-12,0 days 19:30:17,131,Chicken Parmesan,Italian,17.95
733,2023-01-12,0 days 19:57:36,102,Cheeseburger,American,13.95
733,2023-01-12,0 days 19:57:36,110,Pork Ramen,Asian,17.95
733,2023-01-12,0 days 19:57:36,113,Edamame,Asian,5.0
733,2023-01-12,0 days 19:57:36,106,French Fries,American,7.0
734,2023-01-12,0 days 20:00:30,113,Edamame,Asian,5.0
735,2023-01-12,0 days 20:35:34,104,Veggie Burger,American,10.5
735,2023-01-12,0 days 20:35:34,112,Salmon Roll,Asian,14.95
735,2023-01-12,0 days 20:35:34,112,Salmon Roll,Asian,14.95
736,2023-01-12,0 days 21:35:14,124,Spaghetti,Italian,14.5
736,2023-01-12,0 days 21:35:14,132,Eggplant Parmesan,Italian,16.95
737,2023-01-13,0 days 11:31:34,101,Hamburger,American,12.95
737,2023-01-13,0 days 11:31:34,106,French Fries,American,7.0
738,2023-01-13,0 days 12:16:47,105,Mac & Cheese,American,7.0
739,2023-01-13,0 days 12:19:38,107,Orange Chicken,Asian,16.5
740,2023-01-13,0 days 12:29:51,102,Cheeseburger,American,13.95
740,2023-01-13,0 days 12:29:51,104,Veggie Burger,American,10.5
740,2023-01-13,0 days 12:29:51,124,Spaghetti,Italian,14.5
740,2023-01-13,0 days 12:29:51,125,Spaghetti & Meatballs,Italian,17.95
740,2023-01-13,0 days 12:29:51,110,Pork Ramen,Asian,17.95
740,2023-01-13,0 days 12:29:51,117,Chicken Burrito,Mexican,12.95
740,2023-01-13,0 days 12:29:51,111,California Roll,Asian,11.95
740,2023-01-13,0 days 12:29:51,119,Chicken Torta,Mexican,11.95
740,2023-01-13,0 days 12:29:51,120,Steak Torta,Mexican,13.95
740,2023-01-13,0 days 12:29:51,131,Chicken Parmesan,Italian,17.95
740,2023-01-13,0 days 12:29:51,131,Chicken Parmesan,Italian,17.95
740,2023-01-13,0 days 12:29:51,131,Chicken Parmesan,Italian,17.95
741,2023-01-13,0 days 12:49:09,111,California Roll,Asian,11.95
742,2023-01-13,0 days 12:53:01,101,Hamburger,American,12.95
743,2023-01-13,0 days 13:08:32,111,California Roll,Asian,11.95
744,2023-01-13,0 days 13:34:48,118,Steak Burrito,Mexican,14.95
745,2023-01-13,0 days 13:36:53,101,Hamburger,American,12.95
745,2023-01-13,0 days 13:36:53,102,Cheeseburger,American,13.95
745,2023-01-13,0 days 13:36:53,108,Tofu Pad Thai,Asian,14.5
745,2023-01-13,0 days 13:36:53,125,Spaghetti & Meatballs,Italian,17.95
745,2023-01-13,0 days 13:36:53,128,Cheese Lasagna,Italian,15.5
745,2023-01-13,0 days 13:36:53,111,California Roll,Asian,11.95
745,2023-01-13,0 days 13:36:53,114,Potstickers,Asian,9.0
746,2023-01-13,0 days 13:41:13,122,Chips & Salsa,Mexican,7.0
746,2023-01-13,0 days 13:41:13,132,Eggplant Parmesan,Italian,16.95
747,2023-01-13,0 days 14:15:02,129,Mushroom Ravioli,Italian,15.5
747,2023-01-13,0 days 14:15:02,120,Steak Torta,Mexican,13.95
747,2023-01-13,0 days 14:15:02,122,Chips & Salsa,Mexican,7.0
748,2023-01-13,0 days 14:27:31,124,Spaghetti,Italian,14.5
749,2023-01-13,0 days 14:29:23,113,Edamame,Asian,5.0
750,2023-01-13,0 days 14:48:09,112,Salmon Roll,Asian,14.95
751,2023-01-13,0 days 15:07:35,116,Steak Tacos,Mexican,13.95
751,2023-01-13,0 days 15:07:35,109,Korean Beef Bowl,Asian,17.95
751,2023-01-13,0 days 15:07:35,111,California Roll,Asian,11.95
751,2023-01-13,0 days 15:07:35,132,Eggplant Parmesan,Italian,16.95
752,2023-01-13,0 days 15:19:25,109,Korean Beef Bowl,Asian,17.95
752,2023-01-13,0 days 15:19:25,121,Cheese Quesadillas,Mexican,10.5
753,2023-01-13,0 days 15:22:11,126,Fettuccine Alfredo,Italian,14.5
753,2023-01-13,0 days 15:22:11,109,Korean Beef Bowl,Asian,17.95
753,2023-01-13,0 days 15:22:11,117,Chicken Burrito,Mexican,12.95
753,2023-01-13,0 days 15:22:11,119,Chicken Torta,Mexican,11.95
754,2023-01-13,0 days 15:47:56,112,Salmon Roll,Asian,14.95
754,2023-01-13,0 days 15:47:56,105,Mac & Cheese,American,7.0
755,2023-01-13,0 days 15:50:49,101,Hamburger,American,12.95
755,2023-01-13,0 days 15:50:49,125,Spaghetti & Meatballs,Italian,17.95
756,2023-01-13,0 days 15:55:11,104,Veggie Burger,American,10.5
756,2023-01-13,0 days 15:55:11,130,Shrimp Scampi,Italian,19.95
756,2023-01-13,0 days 15:55:11,132,Eggplant Parmesan,Italian,16.95
757,2023-01-13,0 days 16:10:34,111,California Roll,Asian,11.95
757,2023-01-13,0 days 16:10:34,113,Edamame,Asian,5.0
757,2023-01-13,0 days 16:10:34,122,Chips & Salsa,Mexican,7.0
757,2023-01-13,0 days 16:10:34,132,Eggplant Parmesan,Italian,16.95
758,2023-01-13,0 days 16:14:43,125,Spaghetti & Meatballs,Italian,17.95
758,2023-01-13,0 days 16:14:43,119,Chicken Torta,Mexican,11.95
759,2023-01-13,0 days 16:14:56,116,Steak Tacos,Mexican,13.95
760,2023-01-13,0 days 16:27:40,102,Cheeseburger,American,13.95
761,2023-01-13,0 days 16:30:20,120,Steak Torta,Mexican,13.95
761,2023-01-13,0 days 16:30:20,121,Cheese Quesadillas,Mexican,10.5
762,2023-01-13,0 days 16:36:36,110,Pork Ramen,Asian,17.95
762,2023-01-13,0 days 16:36:36,121,Cheese Quesadillas,Mexican,10.5
762,2023-01-13,0 days 16:36:36,106,French Fries,American,7.0
763,2023-01-13,0 days 16:38:57,108,Tofu Pad Thai,Asian,14.5
764,2023-01-13,0 days 16:39:39,117,Chicken Burrito,Mexican,12.95
765,2023-01-13,0 days 17:11:41,102,Cheeseburger,American,13.95
765,2023-01-13,0 days 17:11:41,110,Pork Ramen,Asian,17.95
765,2023-01-13,0 days 17:11:41,118,Steak Burrito,Mexican,14.95
765,2023-01-13,0 days 17:11:41,120,Steak Torta,Mexican,13.95
766,2023-01-13,0 days 17:21:45,127,Meat Lasagna,Italian,17.95
766,2023-01-13,0 days 17:21:45,129,Mushroom Ravioli,Italian,15.5
766,2023-01-13,0 days 17:21:45,105,Mac & Cheese,American,7.0
767,2023-01-13,0 days 17:21:48,108,Tofu Pad Thai,Asian,14.5
768,2023-01-13,0 days 17:23:34,115,Chicken Tacos,Mexican,11.95
769,2023-01-13,0 days 17:43:17,125,Spaghetti & Meatballs,Italian,17.95
770,2023-01-13,0 days 17:44:13,118,Steak Burrito,Mexican,14.95
770,2023-01-13,0 days 17:44:13,120,Steak Torta,Mexican,13.95
771,2023-01-13,0 days 17:59:32,102,Cheeseburger,American,13.95
771,2023-01-13,0 days 17:59:32,120,Steak Torta,Mexican,13.95
772,2023-01-13,0 days 18:07:59,127,Meat Lasagna,Italian,17.95
773,2023-01-13,0 days 18:18:15,108,Tofu Pad Thai,Asian,14.5
773,2023-01-13,0 days 18:18:15,112,Salmon Roll,Asian,14.95
774,2023-01-13,0 days 18:31:07,104,Veggie Burger,American,10.5
774,2023-01-13,0 days 18:31:07,131,Chicken Parmesan,Italian,17.95
775,2023-01-13,0 days 18:42:12,101,Hamburger,American,12.95
775,2023-01-13,0 days 18:42:12,124,Spaghetti,Italian,14.5
775,2023-01-13,0 days 18:42:12,112,Salmon Roll,Asian,14.95
775,2023-01-13,0 days 18:42:12,119,Chicken Torta,Mexican,11.95
776,2023-01-13,0 days 18:50:43,131,Chicken Parmesan,Italian,17.95
776,2023-01-13,0 days 18:50:43,106,French Fries,American,7.0
777,2023-01-13,0 days 19:10:20,101,Hamburger,American,12.95
777,2023-01-13,0 days 19:10:20,114,Potstickers,Asian,9.0
778,2023-01-13,0 days 19:18:08,125,Spaghetti & Meatballs,Italian,17.95
778,2023-01-13,0 days 19:18:08,117,Chicken Burrito,Mexican,12.95
778,2023-01-13,0 days 19:18:08,119,Chicken Torta,Mexican,11.95
778,2023-01-13,0 days 19:18:08,105,Mac & Cheese,American,7.0
779,2023-01-13,0 days 19:19:58,108,Tofu Pad Thai,Asian,14.5
779,2023-01-13,0 days 19:19:58,110,Pork Ramen,Asian,17.95
779,2023-01-13,0 days 19:19:58,117,Chicken Burrito,Mexican,12.95
779,2023-01-13,0 days 19:19:58,117,Chicken Burrito,Mexican,12.95
780,2023-01-13,0 days 20:12:49,107,Orange Chicken,Asian,16.5
780,2023-01-13,0 days 20:12:49,110,Pork Ramen,Asian,17.95
781,2023-01-13,0 days 20:31:17,110,Pork Ramen,Asian,17.95
781,2023-01-13,0 days 20:31:17,105,Mac & Cheese,American,7.0
781,2023-01-13,0 days 20:31:17,105,Mac & Cheese,American,7.0
781,2023-01-13,0 days 20:31:17,132,Eggplant Parmesan,Italian,16.95
782,2023-01-13,0 days 20:36:27,116,Steak Tacos,Mexican,13.95
782,2023-01-13,0 days 20:36:27,106,French Fries,American,7.0
783,2023-01-13,0 days 21:17:08,131,Chicken Parmesan,Italian,17.95
783,2023-01-13,0 days 21:17:08,106,French Fries,American,7.0
783,2023-01-13,0 days 21:17:08,132,Eggplant Parmesan,Italian,16.95
784,2023-01-13,0 days 21:39:41,111,California Roll,Asian,11.95
785,2023-01-14,0 days 11:28:44,109,Korean Beef Bowl,Asian,17.95
785,2023-01-14,0 days 11:28:44,105,Mac & Cheese,American,7.0
786,2023-01-14,0 days 11:35:30,124,Spaghetti,Italian,14.5
787,2023-01-14,0 days 11:45:30,102,Cheeseburger,American,13.95
787,2023-01-14,0 days 11:45:30,122,Chips & Salsa,Mexican,7.0
788,2023-01-14,0 days 11:46:19,120,Steak Torta,Mexican,13.95
789,2023-01-14,0 days 11:51:37,131,Chicken Parmesan,Italian,17.95
790,2023-01-14,0 days 12:07:30,124,Spaghetti,Italian,14.5
790,2023-01-14,0 days 12:07:30,123,Chips & Guacamole,Mexican,9.0
791,2023-01-14,0 days 12:23:54,113,Edamame,Asian,5.0
791,2023-01-14,0 days 12:23:54,106,French Fries,American,7.0
792,2023-01-14,0 days 12:37:48,103,Hot Dog,American,9.0
792,2023-01-14,0 days 12:37:48,125,Spaghetti & Meatballs,Italian,17.95
792,2023-01-14,0 days 12:37:48,127,Meat Lasagna,Italian,17.95
792,2023-01-14,0 days 12:37:48,129,Mushroom Ravioli,Italian,15.5
792,2023-01-14,0 days 12:37:48,119,Chicken Torta,Mexican,11.95
792,2023-01-14,0 days 12:37:48,130,Shrimp Scampi,Italian,19.95
792,2023-01-14,0 days 12:37:48,132,Eggplant Parmesan,Italian,16.95
793,2023-01-14,0 days 12:38:27,119,Chicken Torta,Mexican,11.95
794,2023-01-14,0 days 12:39:16,111,California Roll,Asian,11.95
795,2023-01-14,0 days 12:42:17,124,Spaghetti,Italian,14.5
796,2023-01-14,0 days 12:43:09,129,Mushroom Ravioli,Italian,15.5
797,2023-01-14,0 days 12:50:01,118,Steak Burrito,Mexican,14.95
797,2023-01-14,0 days 12:50:01,119,Chicken Torta,Mexican,11.95
797,2023-01-14,0 days 12:50:01,132,Eggplant Parmesan,Italian,16.95
798,2023-01-14,0 days 12:50:30,124,Spaghetti,Italian,14.5
798,2023-01-14,0 days 12:50:30,126,Fettuccine Alfredo,Italian,14.5
798,2023-01-14,0 days 12:50:30,121,Cheese Quesadillas,Mexican,10.5
798,2023-01-14,0 days 12:50:30,131,Chicken Parmesan,Italian,17.95
799,2023-01-14,0 days 12:51:29,117,Chicken Burrito,Mexican,12.95
799,2023-01-14,0 days 12:51:29,112,Salmon Roll,Asian,14.95
799,2023-01-14,0 days 12:51:29,106,French Fries,American,7.0
800,2023-01-14,0 days 12:54:35,116,Steak Tacos,Mexican,13.95
800,2023-01-14,0 days 12:54:35,109,Korean Beef Bowl,Asian,17.95
800,2023-01-14,0 days 12:54:35,127,Meat Lasagna,Italian,17.95
800,2023-01-14,0 days 12:54:35,111,California Roll,Asian,11.95
800,2023-01-14,0 days 12:54:35,105,Mac & Cheese,American,7.0
800,2023-01-14,0 days 12:54:35,122,Chips & Salsa,Mexican,7.0
801,2023-01-14,0 days 13:10:53,101,Hamburger,American,12.95
801,2023-01-14,0 days 13:10:53,108,Tofu Pad Thai,Asian,14.5
801,2023-01-14,0 days 13:10:53,108,Tofu Pad Thai,Asian,14.5
801,2023-01-14,0 days 13:10:53,117,Chicken Burrito,Mexican,12.95
801,2023-01-14,0 days 13:10:53,111,California Roll,Asian,11.95
801,2023-01-14,0 days 13:10:53,120,Steak Torta,Mexican,13.95
801,2023-01-14,0 days 13:10:53,120,Steak Torta,Mexican,13.95
801,2023-01-14,0 days 13:10:53,105,Mac & Cheese,American,7.0
801,2023-01-14,0 days 13:10:53,105,Mac & Cheese,American,7.0
801,2023-01-14,0 days 13:10:53,130,Shrimp Scampi,Italian,19.95
801,2023-01-14,0 days 13:10:53,123,Chips & Guacamole,Mexican,9.0
801,2023-01-14,0 days 13:10:53,106,French Fries,American,7.0
802,2023-01-14,0 days 13:23:47,103,Hot Dog,American,9.0
802,2023-01-14,0 days 13:23:47,109,Korean Beef Bowl,Asian,17.95
803,2023-01-14,0 days 13:37:51,117,Chicken Burrito,Mexican,12.95
804,2023-01-14,0 days 13:42:01,119,Chicken Torta,Mexican,11.95
805,2023-01-14,0 days 14:07:52,107,Orange Chicken,Asian,16.5
805,2023-01-14,0 days 14:07:52,125,Spaghetti & Meatballs,Italian,17.95
806,2023-01-14,0 days 14:12:22,101,Hamburger,American,12.95
807,2023-01-14,0 days 14:15:29,107,Orange Chicken,Asian,16.5
808,2023-01-14,0 days 14:15:32,118,Steak Burrito,Mexican,14.95
809,2023-01-14,0 days 14:26:17,109,Korean Beef Bowl,Asian,17.95
810,2023-01-14,0 days 14:48:30,127,Meat Lasagna,Italian,17.95
811,2023-01-14,0 days 14:48:56,132,Eggplant Parmesan,Italian,16.95
812,2023-01-14,0 days 15:37:45,116,Steak Tacos,Mexican,13.95
812,2023-01-14,0 days 15:37:45,112,Salmon Roll,Asian,14.95
813,2023-01-14,0 days 16:09:29,102,Cheeseburger,American,13.95
813,2023-01-14,0 days 16:09:29,105,Mac & Cheese,American,7.0
814,2023-01-14,0 days 16:21:23,108,Tofu Pad Thai,Asian,14.5
814,2023-01-14,0 days 16:21:23,132,Eggplant Parmesan,Italian,16.95
815,2023-01-14,0 days 16:38:00,111,California Roll,Asian,11.95
816,2023-01-14,0 days 17:04:08,105,Mac & Cheese,American,7.0
816,2023-01-14,0 days 17:04:08,132,Eggplant Parmesan,Italian,16.95
817,2023-01-14,0 days 17:10:38,108,Tofu Pad Thai,Asian,14.5
817,2023-01-14,0 days 17:10:38,113,Edamame,Asian,5.0
817,2023-01-14,0 days 17:10:38,105,Mac & Cheese,American,7.0
817,2023-01-14,0 days 17:10:38,106,French Fries,American,7.0
818,2023-01-14,0 days 17:15:50,112,Salmon Roll,Asian,14.95
818,2023-01-14,0 days 17:15:50,120,Steak Torta,Mexican,13.95
818,2023-01-14,0 days 17:15:50,120,Steak Torta,Mexican,13.95
819,2023-01-14,0 days 17:21:39,101,Hamburger,American,12.95
819,2023-01-14,0 days 17:21:39,120,Steak Torta,Mexican,13.95
820,2023-01-14,0 days 17:24:09,105,Mac & Cheese,American,7.0
820,2023-01-14,0 days 17:24:09,123,Chips & Guacamole,Mexican,9.0
821,2023-01-14,0 days 17:37:26,124,Spaghetti,Italian,14.5
823,2023-01-14,0 days 17:42:17,101,Hamburger,American,12.95
823,2023-01-14,0 days 17:42:17,102,Cheeseburger,American,13.95
823,2023-01-14,0 days 17:42:17,114,Potstickers,Asian,9.0
824,2023-01-14,0 days 17:53:41,102,Cheeseburger,American,13.95
824,2023-01-14,0 days 17:53:41,108,Tofu Pad Thai,Asian,14.5
824,2023-01-14,0 days 17:53:41,117,Chicken Burrito,Mexican,12.95
824,2023-01-14,0 days 17:53:41,120,Steak Torta,Mexican,13.95
825,2023-01-14,0 days 18:06:06,124,Spaghetti,Italian,14.5
825,2023-01-14,0 days 18:06:06,120,Steak Torta,Mexican,13.95
826,2023-01-14,0 days 18:06:14,104,Veggie Burger,American,10.5
826,2023-01-14,0 days 18:06:14,117,Chicken Burrito,Mexican,12.95
826,2023-01-14,0 days 18:06:14,113,Edamame,Asian,5.0
827,2023-01-14,0 days 18:09:48,103,Hot Dog,American,9.0
827,2023-01-14,0 days 18:09:48,111,California Roll,Asian,11.95
828,2023-01-14,0 days 18:23:55,104,Veggie Burger,American,10.5
828,2023-01-14,0 days 18:23:55,118,Steak Burrito,Mexican,14.95
829,2023-01-14,0 days 18:27:42,111,California Roll,Asian,11.95
829,2023-01-14,0 days 18:27:42,118,Steak Burrito,Mexican,14.95
829,2023-01-14,0 days 18:27:42,122,Chips & Salsa,Mexican,7.0
829,2023-01-14,0 days 18:27:42,123,Chips & Guacamole,Mexican,9.0
830,2023-01-14,0 days 18:38:17,109,Korean Beef Bowl,Asian,17.95
830,2023-01-14,0 days 18:38:17,117,Chicken Burrito,Mexican,12.95
830,2023-01-14,0 days 18:38:17,113,Edamame,Asian,5.0
831,2023-01-14,0 days 18:38:20,116,Steak Tacos,Mexican,13.95
831,2023-01-14,0 days 18:38:20,104,Veggie Burger,American,10.5
831,2023-01-14,0 days 18:38:20,104,Veggie Burger,American,10.5
831,2023-01-14,0 days 18:38:20,108,Tofu Pad Thai,Asian,14.5
832,2023-01-14,0 days 18:47:06,109,Korean Beef Bowl,Asian,17.95
833,2023-01-14,0 days 19:07:45,107,Orange Chicken,Asian,16.5
833,2023-01-14,0 days 19:07:45,111,California Roll,Asian,11.95
834,2023-01-14,0 days 19:25:16,104,Veggie Burger,American,10.5
834,2023-01-14,0 days 19:25:16,113,Edamame,Asian,5.0
834,2023-01-14,0 days 19:25:16,119,Chicken Torta,Mexican,11.95
834,2023-01-14,0 days 19:25:16,131,Chicken Parmesan,Italian,17.95
835,2023-01-14,0 days 19:56:01,101,Hamburger,American,12.95
835,2023-01-14,0 days 19:56:01,101,Hamburger,American,12.95
835,2023-01-14,0 days 19:56:01,113,Edamame,Asian,5.0
835,2023-01-14,0 days 19:56:01,105,Mac & Cheese,American,7.0
836,2023-01-14,0 days 20:08:08,124,Spaghetti,Italian,14.5
836,2023-01-14,0 days 20:08:08,125,Spaghetti & Meatballs,Italian,17.95
836,2023-01-14,0 days 20:08:08,109,Korean Beef Bowl,Asian,17.95
837,2023-01-14,0 days 20:12:27,117,Chicken Burrito,Mexican,12.95
838,2023-01-14,0 days 20:33:57,103,Hot Dog,American,9.0
838,2023-01-14,0 days 20:33:57,117,Chicken Burrito,Mexican,12.95
838,2023-01-14,0 days 20:33:57,132,Eggplant Parmesan,Italian,16.95
839,2023-01-14,0 days 20:40:40,129,Mushroom Ravioli,Italian,15.5
840,2023-01-14,0 days 20:46:12,117,Chicken Burrito,Mexican,12.95
841,2023-01-14,0 days 20:57:40,118,Steak Burrito,Mexican,14.95
842,2023-01-14,0 days 21:09:39,130,Shrimp Scampi,Italian,19.95
842,2023-01-14,0 days 21:09:39,131,Chicken Parmesan,Italian,17.95
842,2023-01-14,0 days 21:09:39,123,Chips & Guacamole,Mexican,9.0
843,2023-01-14,0 days 21:32:21,123,Chips & Guacamole,Mexican,9.0
844,2023-01-14,0 days 21:36:58,132,Eggplant Parmesan,Italian,16.95
845,2023-01-14,0 days 21:42:56,108,Tofu Pad Thai,Asian,14.5
845,2023-01-14,0 days 21:42:56,124,Spaghetti,Italian,14.5
845,2023-01-14,0 days 21:42:56,117,Chicken Burrito,Mexican,12.95
845,2023-01-14,0 days 21:42:56,105,Mac & Cheese,American,7.0
846,2023-01-14,0 days 22:16:24,102,Cheeseburger,American,13.95
846,2023-01-14,0 days 22:16:24,124,Spaghetti,Italian,14.5
847,2023-01-15,0 days 11:37:03,113,Edamame,Asian,5.0
848,2023-01-15,0 days 11:56:46,107,Orange Chicken,Asian,16.5
849,2023-01-15,0 days 12:08:30,108,Tofu Pad Thai,Asian,14.5
849,2023-01-15,0 days 12:08:30,120,Steak Torta,Mexican,13.95
849,2023-01-15,0 days 12:08:30,122,Chips & Salsa,Mexican,7.0
849,2023-01-15,0 days 12:08:30,122,Chips & Salsa,Mexican,7.0
850,2023-01-15,0 days 12:15:35,125,Spaghetti & Meatballs,Italian,17.95
850,2023-01-15,0 days 12:15:35,105,Mac & Cheese,American,7.0
850,2023-01-15,0 days 12:15:35,106,French Fries,American,7.0
851,2023-01-15,0 days 12:20:22,101,Hamburger,American,12.95
852,2023-01-15,0 days 12:33:51,106,French Fries,American,7.0
853,2023-01-15,0 days 12:36:39,113,Edamame,Asian,5.0
854,2023-01-15,0 days 12:51:19,113,Edamame,Asian,5.0
854,2023-01-15,0 days 12:51:19,121,Cheese Quesadillas,Mexican,10.5
855,2023-01-15,0 days 12:56:54,124,Spaghetti,Italian,14.5
855,2023-01-15,0 days 12:56:54,120,Steak Torta,Mexican,13.95
855,2023-01-15,0 days 12:56:54,105,Mac & Cheese,American,7.0
855,2023-01-15,0 days 12:56:54,130,Shrimp Scampi,Italian,19.95
855,2023-01-15,0 days 12:56:54,132,Eggplant Parmesan,Italian,16.95
856,2023-01-15,0 days 12:59:20,122,Chips & Salsa,Mexican,7.0
857,2023-01-15,0 days 13:01:53,111,California Roll,Asian,11.95
858,2023-01-15,0 days 13:03:42,118,Steak Burrito,Mexican,14.95
858,2023-01-15,0 days 13:03:42,106,French Fries,American,7.0
858,2023-01-15,0 days 13:03:42,132,Eggplant Parmesan,Italian,16.95
859,2023-01-15,0 days 13:05:13,107,Orange Chicken,Asian,16.5
859,2023-01-15,0 days 13:05:13,116,Steak Tacos,Mexican,13.95
859,2023-01-15,0 days 13:05:13,103,Hot Dog,American,9.0
859,2023-01-15,0 days 13:05:13,114,Potstickers,Asian,9.0
860,2023-01-15,0 days 13:07:53,120,Steak Torta,Mexican,13.95
860,2023-01-15,0 days 13:07:53,122,Chips & Salsa,Mexican,7.0
861,2023-01-15,0 days 13:08:44,119,Chicken Torta,Mexican,11.95
862,2023-01-15,0 days 13:10:45,105,Mac & Cheese,American,7.0
863,2023-01-15,0 days 13:12:29,106,French Fries,American,7.0
864,2023-01-15,0 days 14:04:23,107,Orange Chicken,Asian,16.5
864,2023-01-15,0 days 14:04:23,109,Korean Beef Bowl,Asian,17.95
864,2023-01-15,0 days 14:04:23,117,Chicken Burrito,Mexican,12.95
864,2023-01-15,0 days 14:04:23,128,Cheese Lasagna,Italian,15.5
864,2023-01-15,0 days 14:04:23,120,Steak Torta,Mexican,13.95
864,2023-01-15,0 days 14:04:23,131,Chicken Parmesan,Italian,17.95
864,2023-01-15,0 days 14:04:23,123,Chips & Guacamole,Mexican,9.0
864,2023-01-15,0 days 14:04:23,114,Potstickers,Asian,9.0
864,2023-01-15,0 days 14:04:23,132,Eggplant Parmesan,Italian,16.95
865,2023-01-15,0 days 14:10:00,108,Tofu Pad Thai,Asian,14.5
866,2023-01-15,0 days 14:18:09,118,Steak Burrito,Mexican,14.95
867,2023-01-15,0 days 14:19:28,109,Korean Beef Bowl,Asian,17.95
867,2023-01-15,0 days 14:19:28,109,Korean Beef Bowl,Asian,17.95
868,2023-01-15,0 days 14:27:25,121,Cheese Quesadillas,Mexican,10.5
869,2023-01-15,0 days 14:31:43,123,Chips & Guacamole,Mexican,9.0
869,2023-01-15,0 days 14:31:43,106,French Fries,American,7.0
870,2023-01-15,0 days 14:38:31,124,Spaghetti,Italian,14.5
870,2023-01-15,0 days 14:38:31,125,Spaghetti & Meatballs,Italian,17.95
871,2023-01-15,0 days 14:45:22,103,Hot Dog,American,9.0
872,2023-01-15,0 days 14:48:37,119,Chicken Torta,Mexican,11.95
873,2023-01-15,0 days 15:06:15,113,Edamame,Asian,5.0
874,2023-01-15,0 days 15:20:36,112,Salmon Roll,Asian,14.95
874,2023-01-15,0 days 15:20:36,105,Mac & Cheese,American,7.0
875,2023-01-15,0 days 15:23:21,102,Cheeseburger,American,13.95
876,2023-01-15,0 days 15:27:03,109,Korean Beef Bowl,Asian,17.95
876,2023-01-15,0 days 15:27:03,105,Mac & Cheese,American,7.0
876,2023-01-15,0 days 15:27:03,122,Chips & Salsa,Mexican,7.0
877,2023-01-15,0 days 15:32:59,125,Spaghetti & Meatballs,Italian,17.95
878,2023-01-15,0 days 16:05:58,102,Cheeseburger,American,13.95
879,2023-01-15,0 days 16:12:57,105,Mac & Cheese,American,7.0
879,2023-01-15,0 days 16:12:57,123,Chips & Guacamole,Mexican,9.0
879,2023-01-15,0 days 16:12:57,132,Eggplant Parmesan,Italian,16.95
880,2023-01-15,0 days 16:19:26,113,Edamame,Asian,5.0
880,2023-01-15,0 days 16:19:26,113,Edamame,Asian,5.0
881,2023-01-15,0 days 16:40:04,102,Cheeseburger,American,13.95
881,2023-01-15,0 days 16:40:04,117,Chicken Burrito,Mexican,12.95
882,2023-01-15,0 days 16:44:46,119,Chicken Torta,Mexican,11.95
882,2023-01-15,0 days 16:44:46,131,Chicken Parmesan,Italian,17.95
882,2023-01-15,0 days 16:44:46,106,French Fries,American,7.0
883,2023-01-15,0 days 16:56:05,102,Cheeseburger,American,13.95
883,2023-01-15,0 days 16:56:05,108,Tofu Pad Thai,Asian,14.5
883,2023-01-15,0 days 16:56:05,109,Korean Beef Bowl,Asian,17.95
883,2023-01-15,0 days 16:56:05,119,Chicken Torta,Mexican,11.95
884,2023-01-15,0 days 16:57:15,109,Korean Beef Bowl,Asian,17.95
885,2023-01-15,0 days 16:57:55,129,Mushroom Ravioli,Italian,15.5
885,2023-01-15,0 days 16:57:55,120,Steak Torta,Mexican,13.95
885,2023-01-15,0 days 16:57:55,122,Chips & Salsa,Mexican,7.0
886,2023-01-15,0 days 17:05:35,128,Cheese Lasagna,Italian,15.5
886,2023-01-15,0 days 17:05:35,120,Steak Torta,Mexican,13.95
886,2023-01-15,0 days 17:05:35,122,Chips & Salsa,Mexican,7.0
887,2023-01-15,0 days 17:13:58,113,Edamame,Asian,5.0
887,2023-01-15,0 days 17:13:58,122,Chips & Salsa,Mexican,7.0
888,2023-01-15,0 days 17:14:27,120,Steak Torta,Mexican,13.95
888,2023-01-15,0 days 17:14:27,121,Cheese Quesadillas,Mexican,10.5
889,2023-01-15,0 days 17:27:51,101,Hamburger,American,12.95
890,2023-01-15,0 days 17:32:25,125,Spaghetti & Meatballs,Italian,17.95
891,2023-01-15,0 days 17:43:34,130,Shrimp Scampi,Italian,19.95
892,2023-01-15,0 days 18:04:29,125,Spaghetti & Meatballs,Italian,17.95
892,2023-01-15,0 days 18:04:29,128,Cheese Lasagna,Italian,15.5
893,2023-01-15,0 days 18:15:22,125,Spaghetti & Meatballs,Italian,17.95
894,2023-01-15,0 days 18:17:26,111,California Roll,Asian,11.95
895,2023-01-15,0 days 18:18:11,101,Hamburger,American,12.95
895,2023-01-15,0 days 18:18:11,109,Korean Beef Bowl,Asian,17.95
895,2023-01-15,0 days 18:18:11,113,Edamame,Asian,5.0
896,2023-01-15,0 days 18:27:28,102,Cheeseburger,American,13.95
896,2023-01-15,0 days 18:27:28,124,Spaghetti,Italian,14.5
897,2023-01-15,0 days 18:53:07,110,Pork Ramen,Asian,17.95
897,2023-01-15,0 days 18:53:07,129,Mushroom Ravioli,Italian,15.5
897,2023-01-15,0 days 18:53:07,131,Chicken Parmesan,Italian,17.95
898,2023-01-15,0 days 18:56:49,108,Tofu Pad Thai,Asian,14.5
899,2023-01-15,0 days 19:06:14,122,Chips & Salsa,Mexican,7.0
900,2023-01-15,0 days 19:09:51,113,Edamame,Asian,5.0
900,2023-01-15,0 days 19:09:51,113,Edamame,Asian,5.0
901,2023-01-15,0 days 19:16:11,107,Orange Chicken,Asian,16.5
902,2023-01-15,0 days 19:21:00,118,Steak Burrito,Mexican,14.95
903,2023-01-15,0 days 19:27:22,108,Tofu Pad Thai,Asian,14.5
903,2023-01-15,0 days 19:27:22,118,Steak Burrito,Mexican,14.95
903,2023-01-15,0 days 19:27:22,121,Cheese Quesadillas,Mexican,10.5
904,2023-01-15,0 days 20:07:01,101,Hamburger,American,12.95
904,2023-01-15,0 days 20:07:01,112,Salmon Roll,Asian,14.95
905,2023-01-15,0 days 20:12:06,101,Hamburger,American,12.95
905,2023-01-15,0 days 20:12:06,127,Meat Lasagna,Italian,17.95
905,2023-01-15,0 days 20:12:06,132,Eggplant Parmesan,Italian,16.95
906,2023-01-15,0 days 20:51:59,121,Cheese Quesadillas,Mexican,10.5
906,2023-01-15,0 days 20:51:59,105,Mac & Cheese,American,7.0
907,2023-01-15,0 days 20:54:32,120,Steak Torta,Mexican,13.95
908,2023-01-15,0 days 21:42:32,113,Edamame,Asian,5.0
908,2023-01-15,0 days 21:42:32,106,French Fries,American,7.0
909,2023-01-16,0 days 11:19:25,101,Hamburger,American,12.95
909,2023-01-16,0 days 11:19:25,127,Meat Lasagna,Italian,17.95
909,2023-01-16,0 days 11:19:25,122,Chips & Salsa,Mexican,7.0
910,2023-01-16,0 days 11:25:40,110,Pork Ramen,Asian,17.95
910,2023-01-16,0 days 11:25:40,119,Chicken Torta,Mexican,11.95
910,2023-01-16,0 days 11:25:40,132,Eggplant Parmesan,Italian,16.95
911,2023-01-16,0 days 11:36:00,101,Hamburger,American,12.95
911,2023-01-16,0 days 11:36:00,131,Chicken Parmesan,Italian,17.95
912,2023-01-16,0 days 11:39:48,112,Salmon Roll,Asian,14.95
913,2023-01-16,0 days 11:55:24,123,Chips & Guacamole,Mexican,9.0
914,2023-01-16,0 days 12:14:22,132,Eggplant Parmesan,Italian,16.95
915,2023-01-16,0 days 12:20:22,101,Hamburger,American,12.95
915,2023-01-16,0 days 12:20:22,124,Spaghetti,Italian,14.5
915,2023-01-16,0 days 12:20:22,126,Fettuccine Alfredo,Italian,14.5
915,2023-01-16,0 days 12:20:22,111,California Roll,Asian,11.95
915,2023-01-16,0 days 12:20:22,113,Edamame,Asian,5.0
915,2023-01-16,0 days 12:20:22,113,Edamame,Asian,5.0
915,2023-01-16,0 days 12:20:22,119,Chicken Torta,Mexican,11.95
915,2023-01-16,0 days 12:20:22,122,Chips & Salsa,Mexican,7.0
916,2023-01-16,0 days 12:30:09,117,Chicken Burrito,Mexican,12.95
916,2023-01-16,0 days 12:30:09,129,Mushroom Ravioli,Italian,15.5
916,2023-01-16,0 days 12:30:09,113,Edamame,Asian,5.0
917,2023-01-16,0 days 12:34:15,105,Mac & Cheese,American,7.0
918,2023-01-16,0 days 13:06:04,131,Chicken Parmesan,Italian,17.95
919,2023-01-16,0 days 13:11:15,111,California Roll,Asian,11.95
920,2023-01-16,0 days 13:16:55,101,Hamburger,American,12.95
920,2023-01-16,0 days 13:16:55,108,Tofu Pad Thai,Asian,14.5
921,2023-01-16,0 days 13:18:32,105,Mac & Cheese,American,7.0
921,2023-01-16,0 days 13:18:32,130,Shrimp Scampi,Italian,19.95
922,2023-01-16,0 days 13:19:43,116,Steak Tacos,Mexican,13.95
922,2023-01-16,0 days 13:19:43,113,Edamame,Asian,5.0
922,2023-01-16,0 days 13:19:43,105,Mac & Cheese,American,7.0
923,2023-01-16,0 days 13:23:29,129,Mushroom Ravioli,Italian,15.5
923,2023-01-16,0 days 13:23:29,131,Chicken Parmesan,Italian,17.95
924,2023-01-16,0 days 13:27:57,113,Edamame,Asian,5.0
924,2023-01-16,0 days 13:27:57,105,Mac & Cheese,American,7.0
925,2023-01-16,0 days 13:42:47,132,Eggplant Parmesan,Italian,16.95
926,2023-01-16,0 days 13:51:38,108,Tofu Pad Thai,Asian,14.5
926,2023-01-16,0 days 13:51:38,113,Edamame,Asian,5.0
926,2023-01-16,0 days 13:51:38,120,Steak Torta,Mexican,13.95
926,2023-01-16,0 days 13:51:38,132,Eggplant Parmesan,Italian,16.95
927,2023-01-16,0 days 13:59:21,102,Cheeseburger,American,13.95
927,2023-01-16,0 days 13:59:21,103,Hot Dog,American,9.0
927,2023-01-16,0 days 13:59:21,108,Tofu Pad Thai,Asian,14.5
927,2023-01-16,0 days 13:59:21,125,Spaghetti & Meatballs,Italian,17.95
927,2023-01-16,0 days 13:59:21,109,Korean Beef Bowl,Asian,17.95
927,2023-01-16,0 days 13:59:21,110,Pork Ramen,Asian,17.95
927,2023-01-16,0 days 13:59:21,129,Mushroom Ravioli,Italian,15.5
927,2023-01-16,0 days 13:59:21,111,California Roll,Asian,11.95
927,2023-01-16,0 days 13:59:21,131,Chicken Parmesan,Italian,17.95
928,2023-01-16,0 days 14:14:40,102,Cheeseburger,American,13.95
928,2023-01-16,0 days 14:14:40,106,French Fries,American,7.0
929,2023-01-16,0 days 14:24:45,124,Spaghetti,Italian,14.5
930,2023-01-16,0 days 15:00:11,110,Pork Ramen,Asian,17.95
930,2023-01-16,0 days 15:00:11,111,California Roll,Asian,11.95
930,2023-01-16,0 days 15:00:11,112,Salmon Roll,Asian,14.95
931,2023-01-16,0 days 15:27:24,101,Hamburger,American,12.95
931,2023-01-16,0 days 15:27:24,124,Spaghetti,Italian,14.5
931,2023-01-16,0 days 15:27:24,118,Steak Burrito,Mexican,14.95
932,2023-01-16,0 days 15:33:19,116,Steak Tacos,Mexican,13.95
932,2023-01-16,0 days 15:33:19,106,French Fries,American,7.0
933,2023-01-16,0 days 15:49:05,124,Spaghetti,Italian,14.5
934,2023-01-16,0 days 15:55:24,106,French Fries,American,7.0
935,2023-01-16,0 days 16:14:59,107,Orange Chicken,Asian,16.5
935,2023-01-16,0 days 16:14:59,122,Chips & Salsa,Mexican,7.0
935,2023-01-16,0 days 16:14:59,131,Chicken Parmesan,Italian,17.95
935,2023-01-16,0 days 16:14:59,114,Potstickers,Asian,9.0
936,2023-01-16,0 days 16:19:19,120,Steak Torta,Mexican,13.95
937,2023-01-16,0 days 16:20:32,122,Chips & Salsa,Mexican,7.0
938,2023-01-16,0 days 16:43:09,117,Chicken Burrito,Mexican,12.95
938,2023-01-16,0 days 16:43:09,118,Steak Burrito,Mexican,14.95
938,2023-01-16,0 days 16:43:09,131,Chicken Parmesan,Italian,17.95
939,2023-01-16,0 days 16:59:23,118,Steak Burrito,Mexican,14.95
939,2023-01-16,0 days 16:59:23,130,Shrimp Scampi,Italian,19.95
940,2023-01-16,0 days 17:05:08,111,California Roll,Asian,11.95
940,2023-01-16,0 days 17:05:08,112,Salmon Roll,Asian,14.95
940,2023-01-16,0 days 17:05:08,118,Steak Burrito,Mexican,14.95
941,2023-01-16,0 days 17:09:08,126,Fettuccine Alfredo,Italian,14.5
941,2023-01-16,0 days 17:09:08,110,Pork Ramen,Asian,17.95
942,2023-01-16,0 days 17:18:37,101,Hamburger,American,12.95
942,2023-01-16,0 days 17:18:37,105,Mac & Cheese,American,7.0
943,2023-01-16,0 days 17:22:00,120,Steak Torta,Mexican,13.95
944,2023-01-16,0 days 17:54:33,108,Tofu Pad Thai,Asian,14.5
945,2023-01-16,0 days 17:58:38,101,Hamburger,American,12.95
945,2023-01-16,0 days 17:58:38,124,Spaghetti,Italian,14.5
945,2023-01-16,0 days 17:58:38,125,Spaghetti & Meatballs,Italian,17.95
945,2023-01-16,0 days 17:58:38,109,Korean Beef Bowl,Asian,17.95
946,2023-01-16,0 days 18:00:48,102,Cheeseburger,American,13.95
946,2023-01-16,0 days 18:00:48,113,Edamame,Asian,5.0
946,2023-01-16,0 days 18:00:48,130,Shrimp Scampi,Italian,19.95
946,2023-01-16,0 days 18:00:48,123,Chips & Guacamole,Mexican,9.0
947,2023-01-16,0 days 18:13:15,102,Cheeseburger,American,13.95
947,2023-01-16,0 days 18:13:15,113,Edamame,Asian,5.0
948,2023-01-16,0 days 18:42:17,112,Salmon Roll,Asian,14.95
948,2023-01-16,0 days 18:42:17,113,Edamame,Asian,5.0
948,2023-01-16,0 days 18:42:17,122,Chips & Salsa,Mexican,7.0
948,2023-01-16,0 days 18:42:17,132,Eggplant Parmesan,Italian,16.95
949,2023-01-16,0 days 18:52:18,129,Mushroom Ravioli,Italian,15.5
949,2023-01-16,0 days 18:52:18,132,Eggplant Parmesan,Italian,16.95
950,2023-01-16,0 days 18:57:56,102,Cheeseburger,American,13.95
951,2023-01-16,0 days 19:03:46,127,Meat Lasagna,Italian,17.95
952,2023-01-16,0 days 19:05:35,107,Orange Chicken,Asian,16.5
952,2023-01-16,0 days 19:05:35,116,Steak Tacos,Mexican,13.95
952,2023-01-16,0 days 19:05:35,118,Steak Burrito,Mexican,14.95
952,2023-01-16,0 days 19:05:35,131,Chicken Parmesan,Italian,17.95
953,2023-01-16,0 days 19:12:08,101,Hamburger,American,12.95
953,2023-01-16,0 days 19:12:08,103,Hot Dog,American,9.0
953,2023-01-16,0 days 19:12:08,131,Chicken Parmesan,Italian,17.95
954,2023-01-16,0 days 19:14:03,106,French Fries,American,7.0
955,2023-01-16,0 days 19:24:16,102,Cheeseburger,American,13.95
955,2023-01-16,0 days 19:24:16,124,Spaghetti,Italian,14.5
955,2023-01-16,0 days 19:24:16,111,California Roll,Asian,11.95
956,2023-01-16,0 days 19:24:40,119,Chicken Torta,Mexican,11.95
956,2023-01-16,0 days 19:24:40,106,French Fries,American,7.0
957,2023-01-16,0 days 19:32:12,125,Spaghetti & Meatballs,Italian,17.95
957,2023-01-16,0 days 19:32:12,126,Fettuccine Alfredo,Italian,14.5
957,2023-01-16,0 days 19:32:12,127,Meat Lasagna,Italian,17.95
957,2023-01-16,0 days 19:32:12,130,Shrimp Scampi,Italian,19.95
958,2023-01-16,0 days 19:33:33,113,Edamame,Asian,5.0
959,2023-01-16,0 days 19:34:00,102,Cheeseburger,American,13.95
959,2023-01-16,0 days 19:34:00,130,Shrimp Scampi,Italian,19.95
960,2023-01-16,0 days 19:35:00,122,Chips & Salsa,Mexican,7.0
961,2023-01-16,0 days 19:42:20,101,Hamburger,American,12.95
961,2023-01-16,0 days 19:42:20,110,Pork Ramen,Asian,17.95
962,2023-01-16,0 days 19:55:17,107,Orange Chicken,Asian,16.5
962,2023-01-16,0 days 19:55:17,112,Salmon Roll,Asian,14.95
963,2023-01-16,0 days 20:06:41,102,Cheeseburger,American,13.95
963,2023-01-16,0 days 20:06:41,104,Veggie Burger,American,10.5
963,2023-01-16,0 days 20:06:41,120,Steak Torta,Mexican,13.95
964,2023-01-16,0 days 20:24:37,107,Orange Chicken,Asian,16.5
964,2023-01-16,0 days 20:24:37,125,Spaghetti & Meatballs,Italian,17.95
965,2023-01-16,0 days 20:41:02,126,Fettuccine Alfredo,Italian,14.5
965,2023-01-16,0 days 20:41:02,122,Chips & Salsa,Mexican,7.0
965,2023-01-16,0 days 20:41:02,131,Chicken Parmesan,Italian,17.95
965,2023-01-16,0 days 20:41:02,106,French Fries,American,7.0
966,2023-01-16,0 days 20:59:17,120,Steak Torta,Mexican,13.95
966,2023-01-16,0 days 20:59:17,131,Chicken Parmesan,Italian,17.95
967,2023-01-16,0 days 21:03:33,128,Cheese Lasagna,Italian,15.5
968,2023-01-16,0 days 21:23:01,109,Korean Beef Bowl,Asian,17.95
968,2023-01-16,0 days 21:23:01,110,Pork Ramen,Asian,17.95
969,2023-01-16,0 days 21:36:19,129,Mushroom Ravioli,Italian,15.5
970,2023-01-16,0 days 21:44:35,108,Tofu Pad Thai,Asian,14.5
970,2023-01-16,0 days 21:44:35,122,Chips & Salsa,Mexican,7.0
971,2023-01-16,0 days 21:46:20,103,Hot Dog,American,9.0
971,2023-01-16,0 days 21:46:20,108,Tofu Pad Thai,Asian,14.5
971,2023-01-16,0 days 21:46:20,117,Chicken Burrito,Mexican,12.95
971,2023-01-16,0 days 21:46:20,120,Steak Torta,Mexican,13.95
972,2023-01-16,0 days 22:03:09,113,Edamame,Asian,5.0
972,2023-01-16,0 days 22:03:09,113,Edamame,Asian,5.0
973,2023-01-16,0 days 22:06:08,129,Mushroom Ravioli,Italian,15.5
974,2023-01-16,0 days 22:06:53,108,Tofu Pad Thai,Asian,14.5
975,2023-01-16,0 days 22:10:21,126,Fettuccine Alfredo,Italian,14.5
975,2023-01-16,0 days 22:10:21,128,Cheese Lasagna,Italian,15.5
976,2023-01-17,0 days 11:53:19,113,Edamame,Asian,5.0
977,2023-01-17,0 days 12:01:58,112,Salmon Roll,Asian,14.95
977,2023-01-17,0 days 12:01:58,106,French Fries,American,7.0
978,2023-01-17,0 days 12:24:36,101,Hamburger,American,12.95
978,2023-01-17,0 days 12:24:36,107,Orange Chicken,Asian,16.5
978,2023-01-17,0 days 12:24:36,115,Chicken Tacos,Mexican,11.95
978,2023-01-17,0 days 12:24:36,109,Korean Beef Bowl,Asian,17.95
978,2023-01-17,0 days 12:24:36,109,Korean Beef Bowl,Asian,17.95
978,2023-01-17,0 days 12:24:36,117,Chicken Burrito,Mexican,12.95
978,2023-01-17,0 days 12:24:36,117,Chicken Burrito,Mexican,12.95
978,2023-01-17,0 days 12:24:36,128,Cheese Lasagna,Italian,15.5
978,2023-01-17,0 days 12:24:36,118,Steak Burrito,Mexican,14.95
978,2023-01-17,0 days 12:24:36,122,Chips & Salsa,Mexican,7.0
978,2023-01-17,0 days 12:24:36,106,French Fries,American,7.0
979,2023-01-17,0 days 12:57:28,130,Shrimp Scampi,Italian,19.95
980,2023-01-17,0 days 12:58:36,102,Cheeseburger,American,13.95
980,2023-01-17,0 days 12:58:36,111,California Roll,Asian,11.95
980,2023-01-17,0 days 12:58:36,120,Steak Torta,Mexican,13.95
980,2023-01-17,0 days 12:58:36,123,Chips & Guacamole,Mexican,9.0
980,2023-01-17,0 days 12:58:36,106,French Fries,American,7.0
980,2023-01-17,0 days 12:58:36,106,French Fries,American,7.0
981,2023-01-17,0 days 13:56:46,101,Hamburger,American,12.95
982,2023-01-17,0 days 14:12:58,125,Spaghetti & Meatballs,Italian,17.95
982,2023-01-17,0 days 14:12:58,109,Korean Beef Bowl,Asian,17.95
982,2023-01-17,0 days 14:12:58,113,Edamame,Asian,5.0
982,2023-01-17,0 days 14:12:58,105,Mac & Cheese,American,7.0
983,2023-01-17,0 days 14:29:31,107,Orange Chicken,Asian,16.5
984,2023-01-17,0 days 14:33:55,110,Pork Ramen,Asian,17.95
985,2023-01-17,0 days 14:34:50,109,Korean Beef Bowl,Asian,17.95
985,2023-01-17,0 days 14:34:50,127,Meat Lasagna,Italian,17.95
985,2023-01-17,0 days 14:34:50,121,Cheese Quesadillas,Mexican,10.5
986,2023-01-17,0 days 14:35:25,132,Eggplant Parmesan,Italian,16.95
987,2023-01-17,0 days 14:41:14,101,Hamburger,American,12.95
987,2023-01-17,0 days 14:41:14,116,Steak Tacos,Mexican,13.95
987,2023-01-17,0 days 14:41:14,119,Chicken Torta,Mexican,11.95
988,2023-01-17,0 days 14:44:56,127,Meat Lasagna,Italian,17.95
989,2023-01-17,0 days 15:08:38,109,Korean Beef Bowl,Asian,17.95
990,2023-01-17,0 days 15:30:10,113,Edamame,Asian,5.0
991,2023-01-17,0 days 15:43:27,107,Orange Chicken,Asian,16.5
991,2023-01-17,0 days 15:43:27,121,Cheese Quesadillas,Mexican,10.5
992,2023-01-17,0 days 15:49:31,117,Chicken Burrito,Mexican,12.95
993,2023-01-17,0 days 16:16:59,101,Hamburger,American,12.95
994,2023-01-17,0 days 16:19:42,102,Cheeseburger,American,13.95
994,2023-01-17,0 days 16:19:42,109,Korean Beef Bowl,Asian,17.95
994,2023-01-17,0 days 16:19:42,106,French Fries,American,7.0
994,2023-01-17,0 days 16:19:42,106,French Fries,American,7.0
995,2023-01-17,0 days 16:57:30,102,Cheeseburger,American,13.95
996,2023-01-17,0 days 17:11:07,110,Pork Ramen,Asian,17.95
996,2023-01-17,0 days 17:11:07,110,Pork Ramen,Asian,17.95
996,2023-01-17,0 days 17:11:07,111,California Roll,Asian,11.95
996,2023-01-17,0 days 17:11:07,130,Shrimp Scampi,Italian,19.95
997,2023-01-17,0 days 17:16:26,129,Mushroom Ravioli,Italian,15.5
998,2023-01-17,0 days 17:19:16,110,Pork Ramen,Asian,17.95
999,2023-01-17,0 days 17:21:24,105,Mac & Cheese,American,7.0
1000,2023-01-17,0 days 17:24:24,115,Chicken Tacos,Mexican,11.95
1000,2023-01-17,0 days 17:24:24,128,Cheese Lasagna,Italian,15.5
1001,2023-01-17,0 days 17:28:05,107,Orange Chicken,Asian,16.5
1001,2023-01-17,0 days 17:28:05,113,Edamame,Asian,5.0
1001,2023-01-17,0 days 17:28:05,122,Chips & Salsa,Mexican,7.0
1002,2023-01-17,0 days 17:29:41,101,Hamburger,American,12.95
1002,2023-01-17,0 days 17:29:41,104,Veggie Burger,American,10.5
1003,2023-01-17,0 days 17:31:16,102,Cheeseburger,American,13.95
1003,2023-01-17,0 days 17:31:16,102,Cheeseburger,American,13.95
1003,2023-01-17,0 days 17:31:16,113,Edamame,Asian,5.0
1005,2023-01-17,0 days 17:49:51,101,Hamburger,American,12.95
1005,2023-01-17,0 days 17:49:51,120,Steak Torta,Mexican,13.95
1006,2023-01-17,0 days 18:28:12,106,French Fries,American,7.0
1006,2023-01-17,0 days 18:28:12,132,Eggplant Parmesan,Italian,16.95
1007,2023-01-17,0 days 18:35:22,132,Eggplant Parmesan,Italian,16.95
1008,2023-01-17,0 days 18:49:59,108,Tofu Pad Thai,Asian,14.5
1008,2023-01-17,0 days 18:49:59,114,Potstickers,Asian,9.0
1009,2023-01-17,0 days 18:58:24,108,Tofu Pad Thai,Asian,14.5
1009,2023-01-17,0 days 18:58:24,126,Fettuccine Alfredo,Italian,14.5
1010,2023-01-17,0 days 19:15:11,107,Orange Chicken,Asian,16.5
1010,2023-01-17,0 days 19:15:11,103,Hot Dog,American,9.0
1010,2023-01-17,0 days 19:15:11,127,Meat Lasagna,Italian,17.95
1011,2023-01-17,0 days 19:20:20,112,Salmon Roll,Asian,14.95
1012,2023-01-17,0 days 19:25:32,126,Fettuccine Alfredo,Italian,14.5
1012,2023-01-17,0 days 19:25:32,119,Chicken Torta,Mexican,11.95
1013,2023-01-17,0 days 19:26:40,121,Cheese Quesadillas,Mexican,10.5
1013,2023-01-17,0 days 19:26:40,123,Chips & Guacamole,Mexican,9.0
1014,2023-01-17,0 days 19:38:17,104,Veggie Burger,American,10.5
1014,2023-01-17,0 days 19:38:17,113,Edamame,Asian,5.0
1014,2023-01-17,0 days 19:38:17,119,Chicken Torta,Mexican,11.95
1014,2023-01-17,0 days 19:38:17,105,Mac & Cheese,American,7.0
1015,2023-01-17,0 days 19:42:51,106,French Fries,American,7.0
1016,2023-01-17,0 days 19:44:36,102,Cheeseburger,American,13.95
1016,2023-01-17,0 days 19:44:36,109,Korean Beef Bowl,Asian,17.95
1016,2023-01-17,0 days 19:44:36,120,Steak Torta,Mexican,13.95
1017,2023-01-17,0 days 20:13:32,102,Cheeseburger,American,13.95
1018,2023-01-17,0 days 20:38:50,101,Hamburger,American,12.95
1018,2023-01-17,0 days 20:38:50,102,Cheeseburger,American,13.95
1018,2023-01-17,0 days 20:38:50,112,Salmon Roll,Asian,14.95
1019,2023-01-17,0 days 20:50:54,109,Korean Beef Bowl,Asian,17.95
1019,2023-01-17,0 days 20:50:54,121,Cheese Quesadillas,Mexican,10.5
1019,2023-01-17,0 days 20:50:54,130,Shrimp Scampi,Italian,19.95
1020,2023-01-17,0 days 21:04:20,101,Hamburger,American,12.95
1020,2023-01-17,0 days 21:04:20,101,Hamburger,American,12.95
1020,2023-01-17,0 days 21:04:20,113,Edamame,Asian,5.0
1020,2023-01-17,0 days 21:04:20,105,Mac & Cheese,American,7.0
1021,2023-01-17,0 days 21:11:31,101,Hamburger,American,12.95
1021,2023-01-17,0 days 21:11:31,102,Cheeseburger,American,13.95
1021,2023-01-17,0 days 21:11:31,128,Cheese Lasagna,Italian,15.5
1021,2023-01-17,0 days 21:11:31,113,Edamame,Asian,5.0
1022,2023-01-17,0 days 21:16:01,106,French Fries,American,7.0
1023,2023-01-17,0 days 21:20:18,110,Pork Ramen,Asian,17.95
1024,2023-01-17,0 days 21:21:23,101,Hamburger,American,12.95
1025,2023-01-17,0 days 21:49:00,112,Salmon Roll,Asian,14.95
1025,2023-01-17,0 days 21:49:00,113,Edamame,Asian,5.0
1025,2023-01-17,0 days 21:49:00,132,Eggplant Parmesan,Italian,16.95
1026,2023-01-17,0 days 21:55:05,102,Cheeseburger,American,13.95
1026,2023-01-17,0 days 21:55:05,108,Tofu Pad Thai,Asian,14.5
1027,2023-01-17,0 days 21:57:02,125,Spaghetti & Meatballs,Italian,17.95
1028,2023-01-17,0 days 22:02:45,111,California Roll,Asian,11.95
1028,2023-01-17,0 days 22:02:45,120,Steak Torta,Mexican,13.95
1029,2023-01-17,0 days 22:06:27,120,Steak Torta,Mexican,13.95
1029,2023-01-17,0 days 22:06:27,114,Potstickers,Asian,9.0
1030,2023-01-17,0 days 22:13:59,113,Edamame,Asian,5.0
1030,2023-01-17,0 days 22:13:59,118,Steak Burrito,Mexican,14.95
1030,2023-01-17,0 days 22:13:59,120,Steak Torta,Mexican,13.95
1030,2023-01-17,0 days 22:13:59,122,Chips & Salsa,Mexican,7.0
1031,2023-01-18,0 days 11:39:03,108,Tofu Pad Thai,Asian,14.5
1031,2023-01-18,0 days 11:39:03,109,Korean Beef Bowl,Asian,17.95
1032,2023-01-18,0 days 11:45:13,101,Hamburger,American,12.95
1033,2023-01-18,0 days 11:54:13,102,Cheeseburger,American,13.95
1034,2023-01-18,0 days 12:07:59,101,Hamburger,American,12.95
1034,2023-01-18,0 days 12:07:59,129,Mushroom Ravioli,Italian,15.5
1034,2023-01-18,0 days 12:07:59,111,California Roll,Asian,11.95
1034,2023-01-18,0 days 12:07:59,111,California Roll,Asian,11.95
1034,2023-01-18,0 days 12:07:59,113,Edamame,Asian,5.0
1034,2023-01-18,0 days 12:07:59,120,Steak Torta,Mexican,13.95
1034,2023-01-18,0 days 12:07:59,121,Cheese Quesadillas,Mexican,10.5
1034,2023-01-18,0 days 12:07:59,131,Chicken Parmesan,Italian,17.95
1035,2023-01-18,0 days 12:13:15,102,Cheeseburger,American,13.95
1035,2023-01-18,0 days 12:13:15,126,Fettuccine Alfredo,Italian,14.5
1035,2023-01-18,0 days 12:13:15,117,Chicken Burrito,Mexican,12.95
1035,2023-01-18,0 days 12:13:15,128,Cheese Lasagna,Italian,15.5
1036,2023-01-18,0 days 12:49:29,108,Tofu Pad Thai,Asian,14.5
1036,2023-01-18,0 days 12:49:29,117,Chicken Burrito,Mexican,12.95
1036,2023-01-18,0 days 12:49:29,129,Mushroom Ravioli,Italian,15.5
1036,2023-01-18,0 days 12:49:29,106,French Fries,American,7.0
1037,2023-01-18,0 days 13:04:54,107,Orange Chicken,Asian,16.5
1037,2023-01-18,0 days 13:04:54,104,Veggie Burger,American,10.5
1037,2023-01-18,0 days 13:04:54,108,Tofu Pad Thai,Asian,14.5
1037,2023-01-18,0 days 13:04:54,117,Chicken Burrito,Mexican,12.95
1038,2023-01-18,0 days 13:14:59,109,Korean Beef Bowl,Asian,17.95
1038,2023-01-18,0 days 13:14:59,113,Edamame,Asian,5.0
1039,2023-01-18,0 days 13:33:31,108,Tofu Pad Thai,Asian,14.5
1040,2023-01-18,0 days 13:56:05,118,Steak Burrito,Mexican,14.95
1040,2023-01-18,0 days 13:56:05,106,French Fries,American,7.0
1041,2023-01-18,0 days 13:59:47,120,Steak Torta,Mexican,13.95
1042,2023-01-18,0 days 14:06:19,112,Salmon Roll,Asian,14.95
1043,2023-01-18,0 days 14:07:36,125,Spaghetti & Meatballs,Italian,17.95
1043,2023-01-18,0 days 14:07:36,113,Edamame,Asian,5.0
1043,2023-01-18,0 days 14:07:36,118,Steak Burrito,Mexican,14.95
1043,2023-01-18,0 days 14:07:36,119,Chicken Torta,Mexican,11.95
1043,2023-01-18,0 days 14:07:36,120,Steak Torta,Mexican,13.95
1043,2023-01-18,0 days 14:07:36,105,Mac & Cheese,American,7.0
1043,2023-01-18,0 days 14:07:36,122,Chips & Salsa,Mexican,7.0
1043,2023-01-18,0 days 14:07:36,131,Chicken Parmesan,Italian,17.95
1045,2023-01-18,0 days 14:22:14,102,Cheeseburger,American,13.95
1046,2023-01-18,0 days 14:39:33,108,Tofu Pad Thai,Asian,14.5
1047,2023-01-18,0 days 14:50:37,101,Hamburger,American,12.95
1047,2023-01-18,0 days 14:50:37,125,Spaghetti & Meatballs,Italian,17.95
1047,2023-01-18,0 days 14:50:37,113,Edamame,Asian,5.0
1048,2023-01-18,0 days 14:53:25,132,Eggplant Parmesan,Italian,16.95
1049,2023-01-18,0 days 14:57:48,101,Hamburger,American,12.95
1050,2023-01-18,0 days 15:05:54,131,Chicken Parmesan,Italian,17.95
1051,2023-01-18,0 days 15:08:45,102,Cheeseburger,American,13.95
1052,2023-01-18,0 days 15:28:12,118,Steak Burrito,Mexican,14.95
1052,2023-01-18,0 days 15:28:12,121,Cheese Quesadillas,Mexican,10.5
1053,2023-01-18,0 days 15:43:17,102,Cheeseburger,American,13.95
1053,2023-01-18,0 days 15:43:17,113,Edamame,Asian,5.0
1053,2023-01-18,0 days 15:43:17,123,Chips & Guacamole,Mexican,9.0
1054,2023-01-18,0 days 15:56:04,101,Hamburger,American,12.95
1054,2023-01-18,0 days 15:56:04,113,Edamame,Asian,5.0
1055,2023-01-18,0 days 16:07:14,107,Orange Chicken,Asian,16.5
1056,2023-01-18,0 days 16:12:18,101,Hamburger,American,12.95
1056,2023-01-18,0 days 16:12:18,119,Chicken Torta,Mexican,11.95
1056,2023-01-18,0 days 16:12:18,106,French Fries,American,7.0
1057,2023-01-18,0 days 16:18:37,109,Korean Beef Bowl,Asian,17.95
1057,2023-01-18,0 days 16:18:37,113,Edamame,Asian,5.0
1058,2023-01-18,0 days 16:30:09,102,Cheeseburger,American,13.95
1059,2023-01-18,0 days 16:30:14,101,Hamburger,American,12.95
1059,2023-01-18,0 days 16:30:14,129,Mushroom Ravioli,Italian,15.5
1059,2023-01-18,0 days 16:30:14,113,Edamame,Asian,5.0
1059,2023-01-18,0 days 16:30:14,123,Chips & Guacamole,Mexican,9.0
1060,2023-01-18,0 days 16:39:46,129,Mushroom Ravioli,Italian,15.5
1060,2023-01-18,0 days 16:39:46,130,Shrimp Scampi,Italian,19.95
1061,2023-01-18,0 days 17:17:02,119,Chicken Torta,Mexican,11.95
1061,2023-01-18,0 days 17:17:02,123,Chips & Guacamole,Mexican,9.0
1062,2023-01-18,0 days 17:21:38,117,Chicken Burrito,Mexican,12.95
1062,2023-01-18,0 days 17:21:38,111,California Roll,Asian,11.95
1063,2023-01-18,0 days 17:28:29,107,Orange Chicken,Asian,16.5
1063,2023-01-18,0 days 17:28:29,116,Steak Tacos,Mexican,13.95
1063,2023-01-18,0 days 17:28:29,129,Mushroom Ravioli,Italian,15.5
1064,2023-01-18,0 days 17:30:00,119,Chicken Torta,Mexican,11.95
1065,2023-01-18,0 days 17:48:16,101,Hamburger,American,12.95
1065,2023-01-18,0 days 17:48:16,102,Cheeseburger,American,13.95
1065,2023-01-18,0 days 17:48:16,104,Veggie Burger,American,10.5
1065,2023-01-18,0 days 17:48:16,132,Eggplant Parmesan,Italian,16.95
1066,2023-01-18,0 days 18:10:50,102,Cheeseburger,American,13.95
1066,2023-01-18,0 days 18:10:50,108,Tofu Pad Thai,Asian,14.5
1066,2023-01-18,0 days 18:10:50,127,Meat Lasagna,Italian,17.95
1066,2023-01-18,0 days 18:10:50,112,Salmon Roll,Asian,14.95
1067,2023-01-18,0 days 18:13:43,102,Cheeseburger,American,13.95
1067,2023-01-18,0 days 18:13:43,109,Korean Beef Bowl,Asian,17.95
1067,2023-01-18,0 days 18:13:43,118,Steak Burrito,Mexican,14.95
1068,2023-01-18,0 days 18:16:32,120,Steak Torta,Mexican,13.95
1068,2023-01-18,0 days 18:16:32,105,Mac & Cheese,American,7.0
1069,2023-01-18,0 days 18:19:47,107,Orange Chicken,Asian,16.5
1069,2023-01-18,0 days 18:19:47,120,Steak Torta,Mexican,13.95
1069,2023-01-18,0 days 18:19:47,106,French Fries,American,7.0
1070,2023-01-18,0 days 18:21:27,101,Hamburger,American,12.95
1070,2023-01-18,0 days 18:21:27,113,Edamame,Asian,5.0
1071,2023-01-18,0 days 18:27:40,112,Salmon Roll,Asian,14.95
1071,2023-01-18,0 days 18:27:40,118,Steak Burrito,Mexican,14.95
1071,2023-01-18,0 days 18:27:40,130,Shrimp Scampi,Italian,19.95
1072,2023-01-18,0 days 18:32:32,108,Tofu Pad Thai,Asian,14.5
1072,2023-01-18,0 days 18:32:32,124,Spaghetti,Italian,14.5
1072,2023-01-18,0 days 18:32:32,125,Spaghetti & Meatballs,Italian,17.95
1073,2023-01-18,0 days 18:42:02,124,Spaghetti,Italian,14.5
1073,2023-01-18,0 days 18:42:02,122,Chips & Salsa,Mexican,7.0
1073,2023-01-18,0 days 18:42:02,130,Shrimp Scampi,Italian,19.95
1074,2023-01-18,0 days 19:01:54,127,Meat Lasagna,Italian,17.95
1075,2023-01-18,0 days 19:15:17,129,Mushroom Ravioli,Italian,15.5
1076,2023-01-18,0 days 19:36:15,117,Chicken Burrito,Mexican,12.95
1076,2023-01-18,0 days 19:36:15,113,Edamame,Asian,5.0
1077,2023-01-18,0 days 20:13:25,103,Hot Dog,American,9.0
1078,2023-01-18,0 days 20:20:42,125,Spaghetti & Meatballs,Italian,17.95
1078,2023-01-18,0 days 20:20:42,110,Pork Ramen,Asian,17.95
1079,2023-01-18,0 days 20:45:11,126,Fettuccine Alfredo,Italian,14.5
1079,2023-01-18,0 days 20:45:11,113,Edamame,Asian,5.0
1079,2023-01-18,0 days 20:45:11,106,French Fries,American,7.0
1080,2023-01-18,0 days 21:22:58,127,Meat Lasagna,Italian,17.95
1080,2023-01-18,0 days 21:22:58,120,Steak Torta,Mexican,13.95
1080,2023-01-18,0 days 21:22:58,121,Cheese Quesadillas,Mexican,10.5
1080,2023-01-18,0 days 21:22:58,122,Chips & Salsa,Mexican,7.0
1081,2023-01-18,0 days 21:27:05,124,Spaghetti,Italian,14.5
1082,2023-01-19,0 days 11:16:43,118,Steak Burrito,Mexican,14.95
1082,2023-01-19,0 days 11:16:43,106,French Fries,American,7.0
1083,2023-01-19,0 days 11:19:51,105,Mac & Cheese,American,7.0
1084,2023-01-19,0 days 11:27:33,107,Orange Chicken,Asian,16.5
1085,2023-01-19,0 days 11:37:05,109,Korean Beef Bowl,Asian,17.95
1085,2023-01-19,0 days 11:37:05,105,Mac & Cheese,American,7.0
1085,2023-01-19,0 days 11:37:05,131,Chicken Parmesan,Italian,17.95
1086,2023-01-19,0 days 11:57:17,101,Hamburger,American,12.95
1086,2023-01-19,0 days 11:57:17,128,Cheese Lasagna,Italian,15.5
1087,2023-01-19,0 days 11:57:38,125,Spaghetti & Meatballs,Italian,17.95
1087,2023-01-19,0 days 11:57:38,131,Chicken Parmesan,Italian,17.95
1088,2023-01-19,0 days 12:00:52,107,Orange Chicken,Asian,16.5
1088,2023-01-19,0 days 12:00:52,128,Cheese Lasagna,Italian,15.5
1088,2023-01-19,0 days 12:00:52,113,Edamame,Asian,5.0
1088,2023-01-19,0 days 12:00:52,106,French Fries,American,7.0
1089,2023-01-19,0 days 12:03:57,107,Orange Chicken,Asian,16.5
1089,2023-01-19,0 days 12:03:57,104,Veggie Burger,American,10.5
1089,2023-01-19,0 days 12:03:57,130,Shrimp Scampi,Italian,19.95
1090,2023-01-19,0 days 12:14:24,101,Hamburger,American,12.95
1090,2023-01-19,0 days 12:14:24,102,Cheeseburger,American,13.95
1090,2023-01-19,0 days 12:14:24,109,Korean Beef Bowl,Asian,17.95
1090,2023-01-19,0 days 12:14:24,117,Chicken Burrito,Mexican,12.95
1090,2023-01-19,0 days 12:14:24,127,Meat Lasagna,Italian,17.95
1090,2023-01-19,0 days 12:14:24,127,Meat Lasagna,Italian,17.95
1090,2023-01-19,0 days 12:14:24,111,California Roll,Asian,11.95
1091,2023-01-19,0 days 12:20:28,113,Edamame,Asian,5.0
1092,2023-01-19,0 days 12:23:38,101,Hamburger,American,12.95
1092,2023-01-19,0 days 12:23:38,102,Cheeseburger,American,13.95
1092,2023-01-19,0 days 12:23:38,109,Korean Beef Bowl,Asian,17.95
1093,2023-01-19,0 days 12:33:24,108,Tofu Pad Thai,Asian,14.5
1093,2023-01-19,0 days 12:33:24,117,Chicken Burrito,Mexican,12.95
1093,2023-01-19,0 days 12:33:24,111,California Roll,Asian,11.95
1093,2023-01-19,0 days 12:33:24,113,Edamame,Asian,5.0
1093,2023-01-19,0 days 12:33:24,119,Chicken Torta,Mexican,11.95
1094,2023-01-19,0 days 12:33:50,115,Chicken Tacos,Mexican,11.95
1094,2023-01-19,0 days 12:33:50,104,Veggie Burger,American,10.5
1095,2023-01-19,0 days 12:47:24,102,Cheeseburger,American,13.95
1095,2023-01-19,0 days 12:47:24,125,Spaghetti & Meatballs,Italian,17.95
1096,2023-01-19,0 days 12:56:45,104,Veggie Burger,American,10.5
1096,2023-01-19,0 days 12:56:45,124,Spaghetti,Italian,14.5
1096,2023-01-19,0 days 12:56:45,125,Spaghetti & Meatballs,Italian,17.95
1096,2023-01-19,0 days 12:56:45,128,Cheese Lasagna,Italian,15.5
1096,2023-01-19,0 days 12:56:45,128,Cheese Lasagna,Italian,15.5
1096,2023-01-19,0 days 12:56:45,111,California Roll,Asian,11.95
1096,2023-01-19,0 days 12:56:45,111,California Roll,Asian,11.95
1096,2023-01-19,0 days 12:56:45,112,Salmon Roll,Asian,14.95
1096,2023-01-19,0 days 12:56:45,119,Chicken Torta,Mexican,11.95
1096,2023-01-19,0 days 12:56:45,121,Cheese Quesadillas,Mexican,10.5
1096,2023-01-19,0 days 12:56:45,122,Chips & Salsa,Mexican,7.0
1096,2023-01-19,0 days 12:56:45,132,Eggplant Parmesan,Italian,16.95
1097,2023-01-19,0 days 13:02:07,101,Hamburger,American,12.95
1098,2023-01-19,0 days 13:25:39,111,California Roll,Asian,11.95
1098,2023-01-19,0 days 13:25:39,114,Potstickers,Asian,9.0
1099,2023-01-19,0 days 13:33:24,117,Chicken Burrito,Mexican,12.95
1099,2023-01-19,0 days 13:33:24,128,Cheese Lasagna,Italian,15.5
1100,2023-01-19,0 days 13:34:27,103,Hot Dog,American,9.0
1100,2023-01-19,0 days 13:34:27,126,Fettuccine Alfredo,Italian,14.5
1100,2023-01-19,0 days 13:34:27,129,Mushroom Ravioli,Italian,15.5
1100,2023-01-19,0 days 13:34:27,111,California Roll,Asian,11.95
1100,2023-01-19,0 days 13:34:27,106,French Fries,American,7.0
1101,2023-01-19,0 days 13:36:26,102,Cheeseburger,American,13.95
1102,2023-01-19,0 days 14:03:20,110,Pork Ramen,Asian,17.95
1103,2023-01-19,0 days 14:08:12,114,Potstickers,Asian,9.0
1104,2023-01-19,0 days 14:39:45,102,Cheeseburger,American,13.95
1104,2023-01-19,0 days 14:39:45,104,Veggie Burger,American,10.5
1104,2023-01-19,0 days 14:39:45,126,Fettuccine Alfredo,Italian,14.5
1104,2023-01-19,0 days 14:39:45,127,Meat Lasagna,Italian,17.95
1105,2023-01-19,0 days 15:13:54,116,Steak Tacos,Mexican,13.95
1105,2023-01-19,0 days 15:13:54,103,Hot Dog,American,9.0
1105,2023-01-19,0 days 15:13:54,106,French Fries,American,7.0
1106,2023-01-19,0 days 15:17:39,120,Steak Torta,Mexican,13.95
1107,2023-01-19,0 days 15:45:44,121,Cheese Quesadillas,Mexican,10.5
1108,2023-01-19,0 days 16:18:49,120,Steak Torta,Mexican,13.95
1109,2023-01-19,0 days 16:20:22,112,Salmon Roll,Asian,14.95
1109,2023-01-19,0 days 16:20:22,113,Edamame,Asian,5.0
1110,2023-01-19,0 days 16:33:35,109,Korean Beef Bowl,Asian,17.95
1110,2023-01-19,0 days 16:33:35,131,Chicken Parmesan,Italian,17.95
1111,2023-01-19,0 days 16:35:46,117,Chicken Burrito,Mexican,12.95
1112,2023-01-19,0 days 16:46:00,103,Hot Dog,American,9.0
1112,2023-01-19,0 days 16:46:00,109,Korean Beef Bowl,Asian,17.95
1112,2023-01-19,0 days 16:46:00,131,Chicken Parmesan,Italian,17.95
1113,2023-01-19,0 days 17:00:44,107,Orange Chicken,Asian,16.5
1113,2023-01-19,0 days 17:00:44,109,Korean Beef Bowl,Asian,17.95
1114,2023-01-19,0 days 17:00:53,107,Orange Chicken,Asian,16.5
1114,2023-01-19,0 days 17:00:53,124,Spaghetti,Italian,14.5
1115,2023-01-19,0 days 17:08:55,120,Steak Torta,Mexican,13.95
1115,2023-01-19,0 days 17:08:55,106,French Fries,American,7.0
1116,2023-01-19,0 days 17:09:15,108,Tofu Pad Thai,Asian,14.5
1116,2023-01-19,0 days 17:09:15,119,Chicken Torta,Mexican,11.95
1116,2023-01-19,0 days 17:09:15,122,Chips & Salsa,Mexican,7.0
1116,2023-01-19,0 days 17:09:15,130,Shrimp Scampi,Italian,19.95
1117,2023-01-19,0 days 17:13:25,102,Cheeseburger,American,13.95
1118,2023-01-19,0 days 17:19:49,131,Chicken Parmesan,Italian,17.95
1119,2023-01-19,0 days 17:42:23,107,Orange Chicken,Asian,16.5
1119,2023-01-19,0 days 17:42:23,110,Pork Ramen,Asian,17.95
1120,2023-01-19,0 days 17:46:46,125,Spaghetti & Meatballs,Italian,17.95
1120,2023-01-19,0 days 17:46:46,112,Salmon Roll,Asian,14.95
1121,2023-01-19,0 days 18:15:08,107,Orange Chicken,Asian,16.5
1122,2023-01-19,0 days 18:16:44,108,Tofu Pad Thai,Asian,14.5
1122,2023-01-19,0 days 18:16:44,105,Mac & Cheese,American,7.0
1122,2023-01-19,0 days 18:16:44,131,Chicken Parmesan,Italian,17.95
1122,2023-01-19,0 days 18:16:44,106,French Fries,American,7.0
1123,2023-01-19,0 days 18:21:36,101,Hamburger,American,12.95
1123,2023-01-19,0 days 18:21:36,109,Korean Beef Bowl,Asian,17.95
1124,2023-01-19,0 days 18:29:26,116,Steak Tacos,Mexican,13.95
1124,2023-01-19,0 days 18:29:26,110,Pork Ramen,Asian,17.95
1125,2023-01-19,0 days 18:45:40,109,Korean Beef Bowl,Asian,17.95
1125,2023-01-19,0 days 18:45:40,129,Mushroom Ravioli,Italian,15.5
1126,2023-01-19,0 days 18:48:46,105,Mac & Cheese,American,7.0
1127,2023-01-19,0 days 18:53:52,108,Tofu Pad Thai,Asian,14.5
1127,2023-01-19,0 days 18:53:52,112,Salmon Roll,Asian,14.95
1127,2023-01-19,0 days 18:53:52,132,Eggplant Parmesan,Italian,16.95
1128,2023-01-19,0 days 18:59:54,102,Cheeseburger,American,13.95
1128,2023-01-19,0 days 18:59:54,106,French Fries,American,7.0
1129,2023-01-19,0 days 19:00:20,102,Cheeseburger,American,13.95
1129,2023-01-19,0 days 19:00:20,109,Korean Beef Bowl,Asian,17.95
1129,2023-01-19,0 days 19:00:20,112,Salmon Roll,Asian,14.95
1130,2023-01-19,0 days 19:03:05,124,Spaghetti,Italian,14.5
1130,2023-01-19,0 days 19:03:05,117,Chicken Burrito,Mexican,12.95
1131,2023-01-19,0 days 19:06:42,126,Fettuccine Alfredo,Italian,14.5
1131,2023-01-19,0 days 19:06:42,113,Edamame,Asian,5.0
1132,2023-01-19,0 days 19:51:37,102,Cheeseburger,American,13.95
1132,2023-01-19,0 days 19:51:37,124,Spaghetti,Italian,14.5
1132,2023-01-19,0 days 19:51:37,125,Spaghetti & Meatballs,Italian,17.95
1132,2023-01-19,0 days 19:51:37,113,Edamame,Asian,5.0
1133,2023-01-19,0 days 19:59:17,110,Pork Ramen,Asian,17.95
1133,2023-01-19,0 days 19:59:17,111,California Roll,Asian,11.95
1133,2023-01-19,0 days 19:59:17,112,Salmon Roll,Asian,14.95
1133,2023-01-19,0 days 19:59:17,114,Potstickers,Asian,9.0
1134,2023-01-19,0 days 20:05:41,112,Salmon Roll,Asian,14.95
1135,2023-01-19,0 days 21:15:41,113,Edamame,Asian,5.0
1136,2023-01-19,0 days 21:59:06,117,Chicken Burrito,Mexican,12.95
1136,2023-01-19,0 days 21:59:06,106,French Fries,American,7.0
1136,2023-01-19,0 days 21:59:06,132,Eggplant Parmesan,Italian,16.95
1137,2023-01-19,0 days 22:13:28,121,Cheese Quesadillas,Mexican,10.5
1137,2023-01-19,0 days 22:13:28,132,Eggplant Parmesan,Italian,16.95
1138,2023-01-20,0 days 11:21:49,129,Mushroom Ravioli,Italian,15.5
1139,2023-01-20,0 days 11:25:59,117,Chicken Burrito,Mexican,12.95
1139,2023-01-20,0 days 11:25:59,120,Steak Torta,Mexican,13.95
1139,2023-01-20,0 days 11:25:59,122,Chips & Salsa,Mexican,7.0
1139,2023-01-20,0 days 11:25:59,114,Potstickers,Asian,9.0
1140,2023-01-20,0 days 11:31:16,110,Pork Ramen,Asian,17.95
1140,2023-01-20,0 days 11:31:16,127,Meat Lasagna,Italian,17.95
1140,2023-01-20,0 days 11:31:16,129,Mushroom Ravioli,Italian,15.5
1140,2023-01-20,0 days 11:31:16,113,Edamame,Asian,5.0
1141,2023-01-20,0 days 11:35:08,131,Chicken Parmesan,Italian,17.95
1142,2023-01-20,0 days 11:36:48,120,Steak Torta,Mexican,13.95
1143,2023-01-20,0 days 11:37:33,107,Orange Chicken,Asian,16.5
1143,2023-01-20,0 days 11:37:33,124,Spaghetti,Italian,14.5
1143,2023-01-20,0 days 11:37:33,117,Chicken Burrito,Mexican,12.95
1144,2023-01-20,0 days 12:02:21,129,Mushroom Ravioli,Italian,15.5
1144,2023-01-20,0 days 12:02:21,119,Chicken Torta,Mexican,11.95
1145,2023-01-20,0 days 12:04:15,104,Veggie Burger,American,10.5
1145,2023-01-20,0 days 12:04:15,128,Cheese Lasagna,Italian,15.5
1145,2023-01-20,0 days 12:04:15,122,Chips & Salsa,Mexican,7.0
1145,2023-01-20,0 days 12:04:15,123,Chips & Guacamole,Mexican,9.0
1146,2023-01-20,0 days 12:12:00,123,Chips & Guacamole,Mexican,9.0
1147,2023-01-20,0 days 12:12:25,121,Cheese Quesadillas,Mexican,10.5
1148,2023-01-20,0 days 12:17:42,107,Orange Chicken,Asian,16.5
1148,2023-01-20,0 days 12:17:42,117,Chicken Burrito,Mexican,12.95
1149,2023-01-20,0 days 12:22:41,126,Fettuccine Alfredo,Italian,14.5
1149,2023-01-20,0 days 12:22:41,119,Chicken Torta,Mexican,11.95
1150,2023-01-20,0 days 12:39:05,102,Cheeseburger,American,13.95
1150,2023-01-20,0 days 12:39:05,104,Veggie Burger,American,10.5
1150,2023-01-20,0 days 12:39:05,108,Tofu Pad Thai,Asian,14.5
1150,2023-01-20,0 days 12:39:05,108,Tofu Pad Thai,Asian,14.5
1150,2023-01-20,0 days 12:39:05,124,Spaghetti,Italian,14.5
1150,2023-01-20,0 days 12:39:05,126,Fettuccine Alfredo,Italian,14.5
1150,2023-01-20,0 days 12:39:05,117,Chicken Burrito,Mexican,12.95
1150,2023-01-20,0 days 12:39:05,111,California Roll,Asian,11.95
1150,2023-01-20,0 days 12:39:05,111,California Roll,Asian,11.95
1150,2023-01-20,0 days 12:39:05,121,Cheese Quesadillas,Mexican,10.5
1150,2023-01-20,0 days 12:39:05,105,Mac & Cheese,American,7.0
1150,2023-01-20,0 days 12:39:05,106,French Fries,American,7.0
1151,2023-01-20,0 days 12:43:36,125,Spaghetti & Meatballs,Italian,17.95
1152,2023-01-20,0 days 12:44:23,103,Hot Dog,American,9.0
1153,2023-01-20,0 days 12:56:30,107,Orange Chicken,Asian,16.5
1153,2023-01-20,0 days 12:56:30,108,Tofu Pad Thai,Asian,14.5
1153,2023-01-20,0 days 12:56:30,124,Spaghetti,Italian,14.5
1153,2023-01-20,0 days 12:56:30,110,Pork Ramen,Asian,17.95
1153,2023-01-20,0 days 12:56:30,117,Chicken Burrito,Mexican,12.95
1153,2023-01-20,0 days 12:56:30,111,California Roll,Asian,11.95
1153,2023-01-20,0 days 12:56:30,118,Steak Burrito,Mexican,14.95
1153,2023-01-20,0 days 12:56:30,120,Steak Torta,Mexican,13.95
1153,2023-01-20,0 days 12:56:30,121,Cheese Quesadillas,Mexican,10.5
1153,2023-01-20,0 days 12:56:30,105,Mac & Cheese,American,7.0
1153,2023-01-20,0 days 12:56:30,122,Chips & Salsa,Mexican,7.0
1154,2023-01-20,0 days 12:59:38,124,Spaghetti,Italian,14.5
1154,2023-01-20,0 days 12:59:38,113,Edamame,Asian,5.0
1154,2023-01-20,0 days 12:59:38,119,Chicken Torta,Mexican,11.95
1155,2023-01-20,0 days 13:05:11,109,Korean Beef Bowl,Asian,17.95
1156,2023-01-20,0 days 13:14:15,110,Pork Ramen,Asian,17.95
1157,2023-01-20,0 days 13:16:58,107,Orange Chicken,Asian,16.5
1157,2023-01-20,0 days 13:16:58,111,California Roll,Asian,11.95
1158,2023-01-20,0 days 13:17:45,102,Cheeseburger,American,13.95
1158,2023-01-20,0 days 13:17:45,102,Cheeseburger,American,13.95
1158,2023-01-20,0 days 13:17:45,106,French Fries,American,7.0
1159,2023-01-20,0 days 14:06:41,102,Cheeseburger,American,13.95
1160,2023-01-20,0 days 14:14:54,102,Cheeseburger,American,13.95
1160,2023-01-20,0 days 14:14:54,117,Chicken Burrito,Mexican,12.95
1160,2023-01-20,0 days 14:14:54,112,Salmon Roll,Asian,14.95
1161,2023-01-20,0 days 14:21:41,106,French Fries,American,7.0
1162,2023-01-20,0 days 14:40:02,116,Steak Tacos,Mexican,13.95
1162,2023-01-20,0 days 14:40:02,123,Chips & Guacamole,Mexican,9.0
1163,2023-01-20,0 days 14:47:28,102,Cheeseburger,American,13.95
1164,2023-01-20,0 days 15:13:31,112,Salmon Roll,Asian,14.95
1164,2023-01-20,0 days 15:13:31,132,Eggplant Parmesan,Italian,16.95
1165,2023-01-20,0 days 15:15:26,124,Spaghetti,Italian,14.5
1165,2023-01-20,0 days 15:15:26,117,Chicken Burrito,Mexican,12.95
1166,2023-01-20,0 days 15:25:08,132,Eggplant Parmesan,Italian,16.95
1167,2023-01-20,0 days 15:28:09,119,Chicken Torta,Mexican,11.95
1168,2023-01-20,0 days 15:58:05,132,Eggplant Parmesan,Italian,16.95
1169,2023-01-20,0 days 16:08:25,110,Pork Ramen,Asian,17.95
1169,2023-01-20,0 days 16:08:25,127,Meat Lasagna,Italian,17.95
1169,2023-01-20,0 days 16:08:25,113,Edamame,Asian,5.0
1170,2023-01-20,0 days 16:37:24,101,Hamburger,American,12.95
1171,2023-01-20,0 days 16:41:58,108,Tofu Pad Thai,Asian,14.5
1172,2023-01-20,0 days 16:53:23,108,Tofu Pad Thai,Asian,14.5
1172,2023-01-20,0 days 16:53:23,114,Potstickers,Asian,9.0
1173,2023-01-20,0 days 16:57:05,125,Spaghetti & Meatballs,Italian,17.95
1173,2023-01-20,0 days 16:57:05,132,Eggplant Parmesan,Italian,16.95
1174,2023-01-20,0 days 17:02:58,121,Cheese Quesadillas,Mexican,10.5
1174,2023-01-20,0 days 17:02:58,123,Chips & Guacamole,Mexican,9.0
1175,2023-01-20,0 days 17:05:14,110,Pork Ramen,Asian,17.95
1175,2023-01-20,0 days 17:05:14,118,Steak Burrito,Mexican,14.95
1175,2023-01-20,0 days 17:05:14,120,Steak Torta,Mexican,13.95
1175,2023-01-20,0 days 17:05:14,121,Cheese Quesadillas,Mexican,10.5
1176,2023-01-20,0 days 17:05:19,108,Tofu Pad Thai,Asian,14.5
1176,2023-01-20,0 days 17:05:19,118,Steak Burrito,Mexican,14.95
1176,2023-01-20,0 days 17:05:19,120,Steak Torta,Mexican,13.95
1176,2023-01-20,0 days 17:05:19,122,Chips & Salsa,Mexican,7.0
1177,2023-01-20,0 days 17:27:29,108,Tofu Pad Thai,Asian,14.5
1177,2023-01-20,0 days 17:27:29,113,Edamame,Asian,5.0
1178,2023-01-20,0 days 18:01:13,122,Chips & Salsa,Mexican,7.0
1179,2023-01-20,0 days 18:02:28,121,Cheese Quesadillas,Mexican,10.5
1180,2023-01-20,0 days 18:12:31,115,Chicken Tacos,Mexican,11.95
1180,2023-01-20,0 days 18:12:31,124,Spaghetti,Italian,14.5
1181,2023-01-20,0 days 18:17:53,102,Cheeseburger,American,13.95
1182,2023-01-20,0 days 18:33:48,101,Hamburger,American,12.95
1182,2023-01-20,0 days 18:33:48,115,Chicken Tacos,Mexican,11.95
1182,2023-01-20,0 days 18:33:48,124,Spaghetti,Italian,14.5
1182,2023-01-20,0 days 18:33:48,130,Shrimp Scampi,Italian,19.95
1183,2023-01-20,0 days 18:51:30,102,Cheeseburger,American,13.95
1183,2023-01-20,0 days 18:51:30,113,Edamame,Asian,5.0
1184,2023-01-20,0 days 19:04:35,123,Chips & Guacamole,Mexican,9.0
1185,2023-01-20,0 days 19:10:26,109,Korean Beef Bowl,Asian,17.95
1186,2023-01-20,0 days 19:19:55,125,Spaghetti & Meatballs,Italian,17.95
1186,2023-01-20,0 days 19:19:55,106,French Fries,American,7.0
1187,2023-01-20,0 days 19:21:40,105,Mac & Cheese,American,7.0
1188,2023-01-20,0 days 19:25:25,123,Chips & Guacamole,Mexican,9.0
1189,2023-01-20,0 days 19:40:47,101,Hamburger,American,12.95
1190,2023-01-20,0 days 19:43:15,108,Tofu Pad Thai,Asian,14.5
1190,2023-01-20,0 days 19:43:15,118,Steak Burrito,Mexican,14.95
1191,2023-01-20,0 days 19:56:41,117,Chicken Burrito,Mexican,12.95
1191,2023-01-20,0 days 19:56:41,111,California Roll,Asian,11.95
1192,2023-01-20,0 days 20:15:27,106,French Fries,American,7.0
1193,2023-01-20,0 days 20:26:22,102,Cheeseburger,American,13.95
1193,2023-01-20,0 days 20:26:22,118,Steak Burrito,Mexican,14.95
1193,2023-01-20,0 days 20:26:22,120,Steak Torta,Mexican,13.95
1193,2023-01-20,0 days 20:26:22,132,Eggplant Parmesan,Italian,16.95
1194,2023-01-20,0 days 20:27:18,118,Steak Burrito,Mexican,14.95
1194,2023-01-20,0 days 20:27:18,122,Chips & Salsa,Mexican,7.0
1195,2023-01-20,0 days 20:39:52,102,Cheeseburger,American,13.95
1195,2023-01-20,0 days 20:39:52,124,Spaghetti,Italian,14.5
1195,2023-01-20,0 days 20:39:52,105,Mac & Cheese,American,7.0
1196,2023-01-20,0 days 20:44:41,124,Spaghetti,Italian,14.5
1196,2023-01-20,0 days 20:44:41,131,Chicken Parmesan,Italian,17.95
1197,2023-01-20,0 days 20:53:41,126,Fettuccine Alfredo,Italian,14.5
1198,2023-01-20,0 days 22:02:08,128,Cheese Lasagna,Italian,15.5
1199,2023-01-20,0 days 22:10:20,103,Hot Dog,American,9.0
1200,2023-01-20,0 days 22:14:41,103,Hot Dog,American,9.0
1200,2023-01-20,0 days 22:14:41,119,Chicken Torta,Mexican,11.95
1201,2023-01-20,0 days 22:40:10,124,Spaghetti,Italian,14.5
1201,2023-01-20,0 days 22:40:10,122,Chips & Salsa,Mexican,7.0
1202,2023-01-21,0 days 11:50:26,107,Orange Chicken,Asian,16.5
1203,2023-01-21,0 days 11:54:22,117,Chicken Burrito,Mexican,12.95
1204,2023-01-21,0 days 12:23:38,107,Orange Chicken,Asian,16.5
1204,2023-01-21,0 days 12:23:38,109,Korean Beef Bowl,Asian,17.95
1204,2023-01-21,0 days 12:23:38,120,Steak Torta,Mexican,13.95
1204,2023-01-21,0 days 12:23:38,132,Eggplant Parmesan,Italian,16.95
1205,2023-01-21,0 days 12:29:13,132,Eggplant Parmesan,Italian,16.95
1206,2023-01-21,0 days 12:38:38,102,Cheeseburger,American,13.95
1206,2023-01-21,0 days 12:38:38,108,Tofu Pad Thai,Asian,14.5
1206,2023-01-21,0 days 12:38:38,124,Spaghetti,Italian,14.5
1206,2023-01-21,0 days 12:38:38,109,Korean Beef Bowl,Asian,17.95
1206,2023-01-21,0 days 12:38:38,110,Pork Ramen,Asian,17.95
1206,2023-01-21,0 days 12:38:38,117,Chicken Burrito,Mexican,12.95
1206,2023-01-21,0 days 12:38:38,119,Chicken Torta,Mexican,11.95
1206,2023-01-21,0 days 12:38:38,120,Steak Torta,Mexican,13.95
1206,2023-01-21,0 days 12:38:38,120,Steak Torta,Mexican,13.95
1206,2023-01-21,0 days 12:38:38,106,French Fries,American,7.0
1207,2023-01-21,0 days 12:52:42,116,Steak Tacos,Mexican,13.95
1207,2023-01-21,0 days 12:52:42,123,Chips & Guacamole,Mexican,9.0
1208,2023-01-21,0 days 13:03:21,110,Pork Ramen,Asian,17.95
1209,2023-01-21,0 days 13:13:52,125,Spaghetti & Meatballs,Italian,17.95
1209,2023-01-21,0 days 13:13:52,132,Eggplant Parmesan,Italian,16.95
1210,2023-01-21,0 days 13:20:41,102,Cheeseburger,American,13.95
1211,2023-01-21,0 days 13:37:51,130,Shrimp Scampi,Italian,19.95
1212,2023-01-21,0 days 13:42:25,128,Cheese Lasagna,Italian,15.5
1212,2023-01-21,0 days 13:42:25,113,Edamame,Asian,5.0
1213,2023-01-21,0 days 13:58:53,113,Edamame,Asian,5.0
1213,2023-01-21,0 days 13:58:53,105,Mac & Cheese,American,7.0
1214,2023-01-21,0 days 14:00:05,101,Hamburger,American,12.95
1214,2023-01-21,0 days 14:00:05,102,Cheeseburger,American,13.95
1214,2023-01-21,0 days 14:00:05,125,Spaghetti & Meatballs,Italian,17.95
1214,2023-01-21,0 days 14:00:05,110,Pork Ramen,Asian,17.95
1214,2023-01-21,0 days 14:00:05,117,Chicken Burrito,Mexican,12.95
1214,2023-01-21,0 days 14:00:05,117,Chicken Burrito,Mexican,12.95
1214,2023-01-21,0 days 14:00:05,127,Meat Lasagna,Italian,17.95
1214,2023-01-21,0 days 14:00:05,129,Mushroom Ravioli,Italian,15.5
1214,2023-01-21,0 days 14:00:05,105,Mac & Cheese,American,7.0
1214,2023-01-21,0 days 14:00:05,132,Eggplant Parmesan,Italian,16.95
1214,2023-01-21,0 days 14:00:05,132,Eggplant Parmesan,Italian,16.95
1215,2023-01-21,0 days 14:02:04,131,Chicken Parmesan,Italian,17.95
1216,2023-01-21,0 days 14:08:29,101,Hamburger,American,12.95
1217,2023-01-21,0 days 14:26:35,102,Cheeseburger,American,13.95
1218,2023-01-21,0 days 14:27:30,113,Edamame,Asian,5.0
1218,2023-01-21,0 days 14:27:30,118,Steak Burrito,Mexican,14.95
1218,2023-01-21,0 days 14:27:30,122,Chips & Salsa,Mexican,7.0
1218,2023-01-21,0 days 14:27:30,131,Chicken Parmesan,Italian,17.95
1219,2023-01-21,0 days 15:13:10,112,Salmon Roll,Asian,14.95
1219,2023-01-21,0 days 15:13:10,120,Steak Torta,Mexican,13.95
1219,2023-01-21,0 days 15:13:10,114,Potstickers,Asian,9.0
1219,2023-01-21,0 days 15:13:10,132,Eggplant Parmesan,Italian,16.95
1220,2023-01-21,0 days 15:20:03,116,Steak Tacos,Mexican,13.95
1221,2023-01-21,0 days 15:23:36,104,Veggie Burger,American,10.5
1221,2023-01-21,0 days 15:23:36,113,Edamame,Asian,5.0
1222,2023-01-21,0 days 15:32:23,108,Tofu Pad Thai,Asian,14.5
1222,2023-01-21,0 days 15:32:23,106,French Fries,American,7.0
1223,2023-01-21,0 days 15:36:37,119,Chicken Torta,Mexican,11.95
1224,2023-01-21,0 days 15:45:47,111,California Roll,Asian,11.95
1224,2023-01-21,0 days 15:45:47,106,French Fries,American,7.0
1225,2023-01-21,0 days 15:59:07,113,Edamame,Asian,5.0
1225,2023-01-21,0 days 15:59:07,120,Steak Torta,Mexican,13.95
1226,2023-01-21,0 days 16:10:57,107,Orange Chicken,Asian,16.5
1226,2023-01-21,0 days 16:10:57,125,Spaghetti & Meatballs,Italian,17.95
1226,2023-01-21,0 days 16:10:57,110,Pork Ramen,Asian,17.95
1226,2023-01-21,0 days 16:10:57,111,California Roll,Asian,11.95
1227,2023-01-21,0 days 16:20:21,109,Korean Beef Bowl,Asian,17.95
1228,2023-01-21,0 days 16:26:36,127,Meat Lasagna,Italian,17.95
1228,2023-01-21,0 days 16:26:36,111,California Roll,Asian,11.95
1229,2023-01-21,0 days 16:28:19,109,Korean Beef Bowl,Asian,17.95
1230,2023-01-21,0 days 16:38:28,127,Meat Lasagna,Italian,17.95
1230,2023-01-21,0 days 16:38:28,112,Salmon Roll,Asian,14.95
1230,2023-01-21,0 days 16:38:28,123,Chips & Guacamole,Mexican,9.0
1230,2023-01-21,0 days 16:38:28,106,French Fries,American,7.0
1231,2023-01-21,0 days 16:45:04,102,Cheeseburger,American,13.95
1231,2023-01-21,0 days 16:45:04,122,Chips & Salsa,Mexican,7.0
1232,2023-01-21,0 days 16:50:36,113,Edamame,Asian,5.0
1232,2023-01-21,0 days 16:50:36,119,Chicken Torta,Mexican,11.95
1232,2023-01-21,0 days 16:50:36,121,Cheese Quesadillas,Mexican,10.5
1232,2023-01-21,0 days 16:50:36,132,Eggplant Parmesan,Italian,16.95
1233,2023-01-21,0 days 17:11:27,102,Cheeseburger,American,13.95
1233,2023-01-21,0 days 17:11:27,125,Spaghetti & Meatballs,Italian,17.95
1233,2023-01-21,0 days 17:11:27,126,Fettuccine Alfredo,Italian,14.5
1233,2023-01-21,0 days 17:11:27,110,Pork Ramen,Asian,17.95
1234,2023-01-21,0 days 17:36:59,109,Korean Beef Bowl,Asian,17.95
1234,2023-01-21,0 days 17:36:59,131,Chicken Parmesan,Italian,17.95
1235,2023-01-21,0 days 17:55:58,126,Fettuccine Alfredo,Italian,14.5
1235,2023-01-21,0 days 17:55:58,112,Salmon Roll,Asian,14.95
1235,2023-01-21,0 days 17:55:58,106,French Fries,American,7.0
1236,2023-01-21,0 days 17:56:32,128,Cheese Lasagna,Italian,15.5
1237,2023-01-21,0 days 18:10:40,116,Steak Tacos,Mexican,13.95
1237,2023-01-21,0 days 18:10:40,120,Steak Torta,Mexican,13.95
1238,2023-01-21,0 days 18:18:51,104,Veggie Burger,American,10.5
1238,2023-01-21,0 days 18:18:51,124,Spaghetti,Italian,14.5
1238,2023-01-21,0 days 18:18:51,128,Cheese Lasagna,Italian,15.5
1238,2023-01-21,0 days 18:18:51,106,French Fries,American,7.0
1239,2023-01-21,0 days 18:22:29,102,Cheeseburger,American,13.95
1240,2023-01-21,0 days 18:40:50,103,Hot Dog,American,9.0
1240,2023-01-21,0 days 18:40:50,121,Cheese Quesadillas,Mexican,10.5
1240,2023-01-21,0 days 18:40:50,132,Eggplant Parmesan,Italian,16.95
1241,2023-01-21,0 days 18:43:02,101,Hamburger,American,12.95
1241,2023-01-21,0 days 18:43:02,104,Veggie Burger,American,10.5
1241,2023-01-21,0 days 18:43:02,131,Chicken Parmesan,Italian,17.95
1242,2023-01-21,0 days 18:50:51,120,Steak Torta,Mexican,13.95
1242,2023-01-21,0 days 18:50:51,120,Steak Torta,Mexican,13.95
1242,2023-01-21,0 days 18:50:51,106,French Fries,American,7.0
1243,2023-01-21,0 days 19:02:27,118,Steak Burrito,Mexican,14.95
1243,2023-01-21,0 days 19:02:27,122,Chips & Salsa,Mexican,7.0
1244,2023-01-21,0 days 19:24:32,101,Hamburger,American,12.95
1244,2023-01-21,0 days 19:24:32,115,Chicken Tacos,Mexican,11.95
1244,2023-01-21,0 days 19:24:32,111,California Roll,Asian,11.95
1244,2023-01-21,0 days 19:24:32,113,Edamame,Asian,5.0
1245,2023-01-21,0 days 19:26:35,103,Hot Dog,American,9.0
1246,2023-01-21,0 days 19:36:04,107,Orange Chicken,Asian,16.5
1246,2023-01-21,0 days 19:36:04,124,Spaghetti,Italian,14.5
1246,2023-01-21,0 days 19:36:04,123,Chips & Guacamole,Mexican,9.0
1247,2023-01-21,0 days 19:54:37,108,Tofu Pad Thai,Asian,14.5
1247,2023-01-21,0 days 19:54:37,125,Spaghetti & Meatballs,Italian,17.95
1247,2023-01-21,0 days 19:54:37,109,Korean Beef Bowl,Asian,17.95
1248,2023-01-21,0 days 20:13:51,123,Chips & Guacamole,Mexican,9.0
1249,2023-01-21,0 days 20:40:44,125,Spaghetti & Meatballs,Italian,17.95
1249,2023-01-21,0 days 20:40:44,123,Chips & Guacamole,Mexican,9.0
1250,2023-01-21,0 days 21:09:08,107,Orange Chicken,Asian,16.5
1250,2023-01-21,0 days 21:09:08,127,Meat Lasagna,Italian,17.95
1250,2023-01-21,0 days 21:09:08,113,Edamame,Asian,5.0
1250,2023-01-21,0 days 21:09:08,118,Steak Burrito,Mexican,14.95
1251,2023-01-21,0 days 21:12:37,118,Steak Burrito,Mexican,14.95
1252,2023-01-21,0 days 21:32:07,102,Cheeseburger,American,13.95
1253,2023-01-22,0 days 11:34:52,128,Cheese Lasagna,Italian,15.5
1253,2023-01-22,0 days 11:34:52,105,Mac & Cheese,American,7.0
1254,2023-01-22,0 days 11:56:03,115,Chicken Tacos,Mexican,11.95
1254,2023-01-22,0 days 11:56:03,120,Steak Torta,Mexican,13.95
1255,2023-01-22,0 days 12:05:34,127,Meat Lasagna,Italian,17.95
1255,2023-01-22,0 days 12:05:34,131,Chicken Parmesan,Italian,17.95
1255,2023-01-22,0 days 12:05:34,132,Eggplant Parmesan,Italian,16.95
1256,2023-01-22,0 days 12:06:15,117,Chicken Burrito,Mexican,12.95
1257,2023-01-22,0 days 12:07:53,125,Spaghetti & Meatballs,Italian,17.95
1257,2023-01-22,0 days 12:07:53,120,Steak Torta,Mexican,13.95
1257,2023-01-22,0 days 12:07:53,132,Eggplant Parmesan,Italian,16.95
1258,2023-01-22,0 days 12:18:53,102,Cheeseburger,American,13.95
1259,2023-01-22,0 days 12:22:47,101,Hamburger,American,12.95
1260,2023-01-22,0 days 12:31:07,132,Eggplant Parmesan,Italian,16.95
1261,2023-01-22,0 days 12:32:00,107,Orange Chicken,Asian,16.5
1261,2023-01-22,0 days 12:32:00,104,Veggie Burger,American,10.5
1261,2023-01-22,0 days 12:32:00,113,Edamame,Asian,5.0
1262,2023-01-22,0 days 12:32:33,129,Mushroom Ravioli,Italian,15.5
1263,2023-01-22,0 days 12:39:12,124,Spaghetti,Italian,14.5
1264,2023-01-22,0 days 12:58:30,122,Chips & Salsa,Mexican,7.0
1264,2023-01-22,0 days 12:58:30,131,Chicken Parmesan,Italian,17.95
1265,2023-01-22,0 days 12:59:26,101,Hamburger,American,12.95
1265,2023-01-22,0 days 12:59:26,124,Spaghetti,Italian,14.5
1265,2023-01-22,0 days 12:59:26,109,Korean Beef Bowl,Asian,17.95
1265,2023-01-22,0 days 12:59:26,127,Meat Lasagna,Italian,17.95
1265,2023-01-22,0 days 12:59:26,128,Cheese Lasagna,Italian,15.5
1265,2023-01-22,0 days 12:59:26,111,California Roll,Asian,11.95
1265,2023-01-22,0 days 12:59:26,112,Salmon Roll,Asian,14.95
1265,2023-01-22,0 days 12:59:26,105,Mac & Cheese,American,7.0
1265,2023-01-22,0 days 12:59:26,130,Shrimp Scampi,Italian,19.95
1265,2023-01-22,0 days 12:59:26,106,French Fries,American,7.0
1265,2023-01-22,0 days 12:59:26,132,Eggplant Parmesan,Italian,16.95
1266,2023-01-22,0 days 12:59:51,101,Hamburger,American,12.95
1266,2023-01-22,0 days 12:59:51,104,Veggie Burger,American,10.5
1267,2023-01-22,0 days 13:01:27,112,Salmon Roll,Asian,14.95
1268,2023-01-22,0 days 13:01:39,109,Korean Beef Bowl,Asian,17.95
1268,2023-01-22,0 days 13:01:39,117,Chicken Burrito,Mexican,12.95
1268,2023-01-22,0 days 13:01:39,106,French Fries,American,7.0
1269,2023-01-22,0 days 13:04:41,116,Steak Tacos,Mexican,13.95
1270,2023-01-22,0 days 13:12:15,132,Eggplant Parmesan,Italian,16.95
1271,2023-01-22,0 days 13:14:17,108,Tofu Pad Thai,Asian,14.5
1271,2023-01-22,0 days 13:14:17,111,California Roll,Asian,11.95
1271,2023-01-22,0 days 13:14:17,105,Mac & Cheese,American,7.0
1272,2023-01-22,0 days 13:14:37,104,Veggie Burger,American,10.5
1272,2023-01-22,0 days 13:14:37,129,Mushroom Ravioli,Italian,15.5
1273,2023-01-22,0 days 13:21:57,107,Orange Chicken,Asian,16.5
1274,2023-01-22,0 days 13:24:14,101,Hamburger,American,12.95
1274,2023-01-22,0 days 13:24:14,101,Hamburger,American,12.95
1274,2023-01-22,0 days 13:24:14,102,Cheeseburger,American,13.95
1274,2023-01-22,0 days 13:24:14,103,Hot Dog,American,9.0
1274,2023-01-22,0 days 13:24:14,104,Veggie Burger,American,10.5
1274,2023-01-22,0 days 13:24:14,108,Tofu Pad Thai,Asian,14.5
1274,2023-01-22,0 days 13:24:14,125,Spaghetti & Meatballs,Italian,17.95
1274,2023-01-22,0 days 13:24:14,109,Korean Beef Bowl,Asian,17.95
1274,2023-01-22,0 days 13:24:14,127,Meat Lasagna,Italian,17.95
1274,2023-01-22,0 days 13:24:14,120,Steak Torta,Mexican,13.95
1274,2023-01-22,0 days 13:24:14,131,Chicken Parmesan,Italian,17.95
1274,2023-01-22,0 days 13:24:14,106,French Fries,American,7.0
1274,2023-01-22,0 days 13:24:14,132,Eggplant Parmesan,Italian,16.95
1275,2023-01-22,0 days 13:26:25,127,Meat Lasagna,Italian,17.95
1276,2023-01-22,0 days 13:46:36,127,Meat Lasagna,Italian,17.95
1277,2023-01-22,0 days 13:46:44,108,Tofu Pad Thai,Asian,14.5
1277,2023-01-22,0 days 13:46:44,123,Chips & Guacamole,Mexican,9.0
1278,2023-01-22,0 days 14:07:34,101,Hamburger,American,12.95
1278,2023-01-22,0 days 14:07:34,131,Chicken Parmesan,Italian,17.95
1278,2023-01-22,0 days 14:07:34,106,French Fries,American,7.0
1278,2023-01-22,0 days 14:07:34,114,Potstickers,Asian,9.0
1279,2023-01-22,0 days 14:16:38,122,Chips & Salsa,Mexican,7.0
1279,2023-01-22,0 days 14:16:38,122,Chips & Salsa,Mexican,7.0
1280,2023-01-22,0 days 14:44:54,125,Spaghetti & Meatballs,Italian,17.95
1281,2023-01-22,0 days 15:13:10,120,Steak Torta,Mexican,13.95
1282,2023-01-22,0 days 15:16:54,107,Orange Chicken,Asian,16.5
1282,2023-01-22,0 days 15:16:54,113,Edamame,Asian,5.0
1283,2023-01-22,0 days 15:47:42,104,Veggie Burger,American,10.5
1283,2023-01-22,0 days 15:47:42,108,Tofu Pad Thai,Asian,14.5
1283,2023-01-22,0 days 15:47:42,117,Chicken Burrito,Mexican,12.95
1283,2023-01-22,0 days 15:47:42,122,Chips & Salsa,Mexican,7.0
1284,2023-01-22,0 days 15:53:38,102,Cheeseburger,American,13.95
1284,2023-01-22,0 days 15:53:38,109,Korean Beef Bowl,Asian,17.95
1285,2023-01-22,0 days 16:18:42,113,Edamame,Asian,5.0
1285,2023-01-22,0 days 16:18:42,130,Shrimp Scampi,Italian,19.95
1286,2023-01-22,0 days 16:29:13,109,Korean Beef Bowl,Asian,17.95
1286,2023-01-22,0 days 16:29:13,113,Edamame,Asian,5.0
1287,2023-01-22,0 days 16:38:25,108,Tofu Pad Thai,Asian,14.5
1288,2023-01-22,0 days 17:10:07,103,Hot Dog,American,9.0
1289,2023-01-22,0 days 17:11:54,101,Hamburger,American,12.95
1289,2023-01-22,0 days 17:11:54,108,Tofu Pad Thai,Asian,14.5
1290,2023-01-22,0 days 17:17:19,101,Hamburger,American,12.95
1290,2023-01-22,0 days 17:17:19,112,Salmon Roll,Asian,14.95
1290,2023-01-22,0 days 17:17:19,122,Chips & Salsa,Mexican,7.0
1290,2023-01-22,0 days 17:17:19,114,Potstickers,Asian,9.0
1291,2023-01-22,0 days 17:20:13,111,California Roll,Asian,11.95
1291,2023-01-22,0 days 17:20:13,113,Edamame,Asian,5.0
1291,2023-01-22,0 days 17:20:13,122,Chips & Salsa,Mexican,7.0
1291,2023-01-22,0 days 17:20:13,114,Potstickers,Asian,9.0
1292,2023-01-22,0 days 17:35:48,124,Spaghetti,Italian,14.5
1292,2023-01-22,0 days 17:35:48,109,Korean Beef Bowl,Asian,17.95
1293,2023-01-22,0 days 17:37:59,112,Salmon Roll,Asian,14.95
1294,2023-01-22,0 days 17:43:01,109,Korean Beef Bowl,Asian,17.95
1294,2023-01-22,0 days 17:43:01,127,Meat Lasagna,Italian,17.95
1295,2023-01-22,0 days 17:44:59,102,Cheeseburger,American,13.95
1295,2023-01-22,0 days 17:44:59,102,Cheeseburger,American,13.95
1295,2023-01-22,0 days 17:44:59,117,Chicken Burrito,Mexican,12.95
1296,2023-01-22,0 days 17:46:53,103,Hot Dog,American,9.0
1296,2023-01-22,0 days 17:46:53,125,Spaghetti & Meatballs,Italian,17.95
1297,2023-01-22,0 days 17:51:53,108,Tofu Pad Thai,Asian,14.5
1297,2023-01-22,0 days 17:51:53,128,Cheese Lasagna,Italian,15.5
1297,2023-01-22,0 days 17:51:53,120,Steak Torta,Mexican,13.95
1297,2023-01-22,0 days 17:51:53,122,Chips & Salsa,Mexican,7.0
1298,2023-01-22,0 days 17:54:25,124,Spaghetti,Italian,14.5
1298,2023-01-22,0 days 17:54:25,111,California Roll,Asian,11.95
1299,2023-01-22,0 days 17:56:07,117,Chicken Burrito,Mexican,12.95
1299,2023-01-22,0 days 17:56:07,113,Edamame,Asian,5.0
1299,2023-01-22,0 days 17:56:07,120,Steak Torta,Mexican,13.95
1300,2023-01-22,0 days 18:28:51,113,Edamame,Asian,5.0
1300,2023-01-22,0 days 18:28:51,105,Mac & Cheese,American,7.0
1301,2023-01-22,0 days 18:42:08,101,Hamburger,American,12.95
1301,2023-01-22,0 days 18:42:08,108,Tofu Pad Thai,Asian,14.5
1301,2023-01-22,0 days 18:42:08,106,French Fries,American,7.0
1302,2023-01-22,0 days 18:44:04,109,Korean Beef Bowl,Asian,17.95
1302,2023-01-22,0 days 18:44:04,109,Korean Beef Bowl,Asian,17.95
1303,2023-01-22,0 days 18:53:13,107,Orange Chicken,Asian,16.5
1303,2023-01-22,0 days 18:53:13,129,Mushroom Ravioli,Italian,15.5
1303,2023-01-22,0 days 18:53:13,129,Mushroom Ravioli,Italian,15.5
1303,2023-01-22,0 days 18:53:13,118,Steak Burrito,Mexican,14.95
1304,2023-01-22,0 days 19:02:50,113,Edamame,Asian,5.0
1305,2023-01-22,0 days 19:24:01,120,Steak Torta,Mexican,13.95
1306,2023-01-22,0 days 19:35:25,124,Spaghetti,Italian,14.5
1306,2023-01-22,0 days 19:35:25,105,Mac & Cheese,American,7.0
1307,2023-01-22,0 days 19:39:20,115,Chicken Tacos,Mexican,11.95
1308,2023-01-22,0 days 19:43:14,116,Steak Tacos,Mexican,13.95
1309,2023-01-22,0 days 20:04:42,108,Tofu Pad Thai,Asian,14.5
1310,2023-01-22,0 days 20:19:33,102,Cheeseburger,American,13.95
1310,2023-01-22,0 days 20:19:33,131,Chicken Parmesan,Italian,17.95
1311,2023-01-22,0 days 20:21:28,124,Spaghetti,Italian,14.5
1311,2023-01-22,0 days 20:21:28,106,French Fries,American,7.0
1312,2023-01-22,0 days 20:23:41,131,Chicken Parmesan,Italian,17.95
1313,2023-01-22,0 days 20:24:29,113,Edamame,Asian,5.0
1314,2023-01-22,0 days 20:40:55,108,Tofu Pad Thai,Asian,14.5
1314,2023-01-22,0 days 20:40:55,111,California Roll,Asian,11.95
1314,2023-01-22,0 days 20:40:55,132,Eggplant Parmesan,Italian,16.95
1315,2023-01-22,0 days 20:46:44,119,Chicken Torta,Mexican,11.95
1315,2023-01-22,0 days 20:46:44,130,Shrimp Scampi,Italian,19.95
1316,2023-01-22,0 days 20:48:12,111,California Roll,Asian,11.95
1317,2023-01-22,0 days 21:00:41,106,French Fries,American,7.0
1318,2023-01-22,0 days 21:36:48,117,Chicken Burrito,Mexican,12.95
1318,2023-01-22,0 days 21:36:48,106,French Fries,American,7.0
1319,2023-01-22,0 days 22:24:05,113,Edamame,Asian,5.0
1319,2023-01-22,0 days 22:24:05,118,Steak Burrito,Mexican,14.95
1319,2023-01-22,0 days 22:24:05,130,Shrimp Scampi,Italian,19.95
1320,2023-01-22,0 days 23:02:31,124,Spaghetti,Italian,14.5
1320,2023-01-22,0 days 23:02:31,105,Mac & Cheese,American,7.0
1321,2023-01-23,0 days 11:17:12,124,Spaghetti,Italian,14.5
1321,2023-01-23,0 days 11:17:12,111,California Roll,Asian,11.95
1321,2023-01-23,0 days 11:17:12,118,Steak Burrito,Mexican,14.95
1322,2023-01-23,0 days 11:28:28,102,Cheeseburger,American,13.95
1322,2023-01-23,0 days 11:28:28,118,Steak Burrito,Mexican,14.95
1323,2023-01-23,0 days 11:45:37,124,Spaghetti,Italian,14.5
1323,2023-01-23,0 days 11:45:37,109,Korean Beef Bowl,Asian,17.95
1323,2023-01-23,0 days 11:45:37,109,Korean Beef Bowl,Asian,17.95
1323,2023-01-23,0 days 11:45:37,110,Pork Ramen,Asian,17.95
1323,2023-01-23,0 days 11:45:37,129,Mushroom Ravioli,Italian,15.5
1323,2023-01-23,0 days 11:45:37,112,Salmon Roll,Asian,14.95
1323,2023-01-23,0 days 11:45:37,120,Steak Torta,Mexican,13.95
1323,2023-01-23,0 days 11:45:37,105,Mac & Cheese,American,7.0
1323,2023-01-23,0 days 11:45:37,114,Potstickers,Asian,9.0
1324,2023-01-23,0 days 11:46:56,116,Steak Tacos,Mexican,13.95
1324,2023-01-23,0 days 11:46:56,111,California Roll,Asian,11.95
1324,2023-01-23,0 days 11:46:56,119,Chicken Torta,Mexican,11.95
1325,2023-01-23,0 days 11:50:45,108,Tofu Pad Thai,Asian,14.5
1325,2023-01-23,0 days 11:50:45,129,Mushroom Ravioli,Italian,15.5
1325,2023-01-23,0 days 11:50:45,112,Salmon Roll,Asian,14.95
1326,2023-01-23,0 days 12:00:54,103,Hot Dog,American,9.0
1326,2023-01-23,0 days 12:00:54,125,Spaghetti & Meatballs,Italian,17.95
1327,2023-01-23,0 days 12:01:01,127,Meat Lasagna,Italian,17.95
1328,2023-01-23,0 days 12:29:42,101,Hamburger,American,12.95
1329,2023-01-23,0 days 12:49:11,118,Steak Burrito,Mexican,14.95
1330,2023-01-23,0 days 12:54:53,107,Orange Chicken,Asian,16.5
1330,2023-01-23,0 days 12:54:53,126,Fettuccine Alfredo,Italian,14.5
1331,2023-01-23,0 days 12:54:56,112,Salmon Roll,Asian,14.95
1331,2023-01-23,0 days 12:54:56,119,Chicken Torta,Mexican,11.95
1331,2023-01-23,0 days 12:54:56,106,French Fries,American,7.0
1332,2023-01-23,0 days 12:55:29,112,Salmon Roll,Asian,14.95
1333,2023-01-23,0 days 12:57:07,125,Spaghetti & Meatballs,Italian,17.95
1333,2023-01-23,0 days 12:57:07,112,Salmon Roll,Asian,14.95
1334,2023-01-23,0 days 13:00:58,125,Spaghetti & Meatballs,Italian,17.95
1335,2023-01-23,0 days 13:10:36,121,Cheese Quesadillas,Mexican,10.5
1336,2023-01-23,0 days 13:14:10,113,Edamame,Asian,5.0
1337,2023-01-23,0 days 13:44:49,107,Orange Chicken,Asian,16.5
1338,2023-01-23,0 days 13:47:01,117,Chicken Burrito,Mexican,12.95
1338,2023-01-23,0 days 13:47:01,119,Chicken Torta,Mexican,11.95
1339,2023-01-23,0 days 14:10:45,107,Orange Chicken,Asian,16.5
1339,2023-01-23,0 days 14:10:45,127,Meat Lasagna,Italian,17.95
1340,2023-01-23,0 days 14:12:26,124,Spaghetti,Italian,14.5
1340,2023-01-23,0 days 14:12:26,125,Spaghetti & Meatballs,Italian,17.95
1340,2023-01-23,0 days 14:12:26,126,Fettuccine Alfredo,Italian,14.5
1340,2023-01-23,0 days 14:12:26,110,Pork Ramen,Asian,17.95
1340,2023-01-23,0 days 14:12:26,122,Chips & Salsa,Mexican,7.0
1340,2023-01-23,0 days 14:12:26,130,Shrimp Scampi,Italian,19.95
1341,2023-01-23,0 days 14:15:37,103,Hot Dog,American,9.0
1341,2023-01-23,0 days 14:15:37,108,Tofu Pad Thai,Asian,14.5
1341,2023-01-23,0 days 14:15:37,125,Spaghetti & Meatballs,Italian,17.95
1341,2023-01-23,0 days 14:15:37,110,Pork Ramen,Asian,17.95
1342,2023-01-23,0 days 14:17:05,102,Cheeseburger,American,13.95
1343,2023-01-23,0 days 14:29:11,106,French Fries,American,7.0
1344,2023-01-23,0 days 14:58:58,124,Spaghetti,Italian,14.5
1345,2023-01-23,0 days 15:01:02,129,Mushroom Ravioli,Italian,15.5
1345,2023-01-23,0 days 15:01:02,130,Shrimp Scampi,Italian,19.95
1346,2023-01-23,0 days 15:25:17,125,Spaghetti & Meatballs,Italian,17.95
1346,2023-01-23,0 days 15:25:17,106,French Fries,American,7.0
1347,2023-01-23,0 days 15:32:59,101,Hamburger,American,12.95
1347,2023-01-23,0 days 15:32:59,125,Spaghetti & Meatballs,Italian,17.95
1347,2023-01-23,0 days 15:32:59,109,Korean Beef Bowl,Asian,17.95
1348,2023-01-23,0 days 15:50:01,106,French Fries,American,7.0
1349,2023-01-23,0 days 16:03:08,122,Chips & Salsa,Mexican,7.0
1349,2023-01-23,0 days 16:03:08,132,Eggplant Parmesan,Italian,16.95
1350,2023-01-23,0 days 16:05:24,102,Cheeseburger,American,13.95
1350,2023-01-23,0 days 16:05:24,113,Edamame,Asian,5.0
1351,2023-01-23,0 days 16:06:00,117,Chicken Burrito,Mexican,12.95
1351,2023-01-23,0 days 16:06:00,111,California Roll,Asian,11.95
1352,2023-01-23,0 days 16:12:21,129,Mushroom Ravioli,Italian,15.5
1352,2023-01-23,0 days 16:12:21,113,Edamame,Asian,5.0
1352,2023-01-23,0 days 16:12:21,131,Chicken Parmesan,Italian,17.95
1353,2023-01-23,0 days 16:21:26,101,Hamburger,American,12.95
1353,2023-01-23,0 days 16:21:26,108,Tofu Pad Thai,Asian,14.5
1354,2023-01-23,0 days 16:22:21,129,Mushroom Ravioli,Italian,15.5
1355,2023-01-23,0 days 16:30:25,109,Korean Beef Bowl,Asian,17.95
1355,2023-01-23,0 days 16:30:25,113,Edamame,Asian,5.0
1356,2023-01-23,0 days 17:11:00,120,Steak Torta,Mexican,13.95
1356,2023-01-23,0 days 17:11:00,122,Chips & Salsa,Mexican,7.0
1357,2023-01-23,0 days 17:17:58,107,Orange Chicken,Asian,16.5
1357,2023-01-23,0 days 17:17:58,122,Chips & Salsa,Mexican,7.0
1358,2023-01-23,0 days 17:24:07,102,Cheeseburger,American,13.95
1359,2023-01-23,0 days 17:31:29,118,Steak Burrito,Mexican,14.95
1360,2023-01-23,0 days 17:33:33,105,Mac & Cheese,American,7.0
1361,2023-01-23,0 days 17:46:31,113,Edamame,Asian,5.0
1361,2023-01-23,0 days 17:46:31,131,Chicken Parmesan,Italian,17.95
1362,2023-01-23,0 days 17:46:43,101,Hamburger,American,12.95
1362,2023-01-23,0 days 17:46:43,117,Chicken Burrito,Mexican,12.95
1363,2023-01-23,0 days 17:46:45,127,Meat Lasagna,Italian,17.95
1363,2023-01-23,0 days 17:46:45,112,Salmon Roll,Asian,14.95
1363,2023-01-23,0 days 17:46:45,105,Mac & Cheese,American,7.0
1363,2023-01-23,0 days 17:46:45,132,Eggplant Parmesan,Italian,16.95
1364,2023-01-23,0 days 17:50:42,101,Hamburger,American,12.95
1364,2023-01-23,0 days 17:50:42,107,Orange Chicken,Asian,16.5
1364,2023-01-23,0 days 17:50:42,110,Pork Ramen,Asian,17.95
1365,2023-01-23,0 days 17:54:47,105,Mac & Cheese,American,7.0
1366,2023-01-23,0 days 18:07:49,113,Edamame,Asian,5.0
1366,2023-01-23,0 days 18:07:49,119,Chicken Torta,Mexican,11.95
1367,2023-01-23,0 days 18:09:22,111,California Roll,Asian,11.95
1367,2023-01-23,0 days 18:09:22,118,Steak Burrito,Mexican,14.95
1367,2023-01-23,0 days 18:09:22,118,Steak Burrito,Mexican,14.95
1367,2023-01-23,0 days 18:09:22,120,Steak Torta,Mexican,13.95
1368,2023-01-23,0 days 18:22:01,101,Hamburger,American,12.95
1368,2023-01-23,0 days 18:22:01,106,French Fries,American,7.0
1369,2023-01-23,0 days 18:31:59,124,Spaghetti,Italian,14.5
1369,2023-01-23,0 days 18:31:59,125,Spaghetti & Meatballs,Italian,17.95
1370,2023-01-23,0 days 18:45:57,111,California Roll,Asian,11.95
1370,2023-01-23,0 days 18:45:57,111,California Roll,Asian,11.95
1371,2023-01-23,0 days 18:54:00,101,Hamburger,American,12.95
1372,2023-01-23,0 days 18:57:10,107,Orange Chicken,Asian,16.5
1372,2023-01-23,0 days 18:57:10,110,Pork Ramen,Asian,17.95
1373,2023-01-23,0 days 19:00:30,113,Edamame,Asian,5.0
1373,2023-01-23,0 days 19:00:30,122,Chips & Salsa,Mexican,7.0
1374,2023-01-23,0 days 19:06:56,109,Korean Beef Bowl,Asian,17.95
1374,2023-01-23,0 days 19:06:56,114,Potstickers,Asian,9.0
1375,2023-01-23,0 days 19:12:48,101,Hamburger,American,12.95
1375,2023-01-23,0 days 19:12:48,101,Hamburger,American,12.95
1375,2023-01-23,0 days 19:12:48,107,Orange Chicken,Asian,16.5
1376,2023-01-23,0 days 19:13:06,119,Chicken Torta,Mexican,11.95
1377,2023-01-23,0 days 19:19:20,107,Orange Chicken,Asian,16.5
1377,2023-01-23,0 days 19:19:20,125,Spaghetti & Meatballs,Italian,17.95
1377,2023-01-23,0 days 19:19:20,127,Meat Lasagna,Italian,17.95
1377,2023-01-23,0 days 19:19:20,128,Cheese Lasagna,Italian,15.5
1378,2023-01-23,0 days 19:23:24,101,Hamburger,American,12.95
1378,2023-01-23,0 days 19:23:24,125,Spaghetti & Meatballs,Italian,17.95
1379,2023-01-23,0 days 19:33:07,125,Spaghetti & Meatballs,Italian,17.95
1379,2023-01-23,0 days 19:33:07,119,Chicken Torta,Mexican,11.95
1379,2023-01-23,0 days 19:33:07,121,Cheese Quesadillas,Mexican,10.5
1380,2023-01-23,0 days 19:51:21,117,Chicken Burrito,Mexican,12.95
1380,2023-01-23,0 days 19:51:21,113,Edamame,Asian,5.0
1380,2023-01-23,0 days 19:51:21,105,Mac & Cheese,American,7.0
1381,2023-01-23,0 days 20:08:54,102,Cheeseburger,American,13.95
1381,2023-01-23,0 days 20:08:54,131,Chicken Parmesan,Italian,17.95
1381,2023-01-23,0 days 20:08:54,106,French Fries,American,7.0
1382,2023-01-23,0 days 20:11:35,109,Korean Beef Bowl,Asian,17.95
1382,2023-01-23,0 days 20:11:35,129,Mushroom Ravioli,Italian,15.5
1382,2023-01-23,0 days 20:11:35,113,Edamame,Asian,5.0
1383,2023-01-23,0 days 20:24:59,124,Spaghetti,Italian,14.5
1384,2023-01-23,0 days 20:31:01,108,Tofu Pad Thai,Asian,14.5
1384,2023-01-23,0 days 20:31:01,132,Eggplant Parmesan,Italian,16.95
1385,2023-01-23,0 days 20:57:30,104,Veggie Burger,American,10.5
1385,2023-01-23,0 days 20:57:30,112,Salmon Roll,Asian,14.95
1386,2023-01-23,0 days 21:01:24,101,Hamburger,American,12.95
1386,2023-01-23,0 days 21:01:24,110,Pork Ramen,Asian,17.95
1387,2023-01-23,0 days 21:11:38,111,California Roll,Asian,11.95
1387,2023-01-23,0 days 21:11:38,120,Steak Torta,Mexican,13.95
1387,2023-01-23,0 days 21:11:38,106,French Fries,American,7.0
1388,2023-01-23,0 days 22:04:12,102,Cheeseburger,American,13.95
1389,2023-01-23,0 days 22:05:37,108,Tofu Pad Thai,Asian,14.5
1390,2023-01-24,0 days 11:38:40,106,French Fries,American,7.0
1391,2023-01-24,0 days 12:26:08,117,Chicken Burrito,Mexican,12.95
1391,2023-01-24,0 days 12:26:08,121,Cheese Quesadillas,Mexican,10.5
1391,2023-01-24,0 days 12:26:08,123,Chips & Guacamole,Mexican,9.0
1391,2023-01-24,0 days 12:26:08,123,Chips & Guacamole,Mexican,9.0
1392,2023-01-24,0 days 12:37:39,126,Fettuccine Alfredo,Italian,14.5
1392,2023-01-24,0 days 12:37:39,111,California Roll,Asian,11.95
1393,2023-01-24,0 days 12:43:03,101,Hamburger,American,12.95
1393,2023-01-24,0 days 12:43:03,106,French Fries,American,7.0
1394,2023-01-24,0 days 13:25:55,109,Korean Beef Bowl,Asian,17.95
1395,2023-01-24,0 days 13:32:52,106,French Fries,American,7.0
1396,2023-01-24,0 days 13:34:33,104,Veggie Burger,American,10.5
1397,2023-01-24,0 days 13:56:25,124,Spaghetti,Italian,14.5
1398,2023-01-24,0 days 14:04:36,108,Tofu Pad Thai,Asian,14.5
1398,2023-01-24,0 days 14:04:36,109,Korean Beef Bowl,Asian,17.95
1398,2023-01-24,0 days 14:04:36,130,Shrimp Scampi,Italian,19.95
1398,2023-01-24,0 days 14:04:36,130,Shrimp Scampi,Italian,19.95
1398,2023-01-24,0 days 14:04:36,106,French Fries,American,7.0
1398,2023-01-24,0 days 14:04:36,106,French Fries,American,7.0
1399,2023-01-24,0 days 14:07:38,107,Orange Chicken,Asian,16.5
1399,2023-01-24,0 days 14:07:38,111,California Roll,Asian,11.95
1399,2023-01-24,0 days 14:07:38,119,Chicken Torta,Mexican,11.95
1399,2023-01-24,0 days 14:07:38,106,French Fries,American,7.0
1400,2023-01-24,0 days 14:08:26,108,Tofu Pad Thai,Asian,14.5
1401,2023-01-24,0 days 14:20:17,106,French Fries,American,7.0
1402,2023-01-24,0 days 14:23:57,108,Tofu Pad Thai,Asian,14.5
1402,2023-01-24,0 days 14:23:57,109,Korean Beef Bowl,Asian,17.95
1402,2023-01-24,0 days 14:23:57,121,Cheese Quesadillas,Mexican,10.5
1403,2023-01-24,0 days 14:44:46,129,Mushroom Ravioli,Italian,15.5
1404,2023-01-24,0 days 14:59:38,126,Fettuccine Alfredo,Italian,14.5
1404,2023-01-24,0 days 14:59:38,118,Steak Burrito,Mexican,14.95
1405,2023-01-24,0 days 15:00:13,101,Hamburger,American,12.95
1405,2023-01-24,0 days 15:00:13,102,Cheeseburger,American,13.95
1405,2023-01-24,0 days 15:00:13,120,Steak Torta,Mexican,13.95
1406,2023-01-24,0 days 15:08:57,108,Tofu Pad Thai,Asian,14.5
1407,2023-01-24,0 days 15:17:06,129,Mushroom Ravioli,Italian,15.5
1408,2023-01-24,0 days 16:05:14,112,Salmon Roll,Asian,14.95
1408,2023-01-24,0 days 16:05:14,123,Chips & Guacamole,Mexican,9.0
1409,2023-01-24,0 days 16:06:10,119,Chicken Torta,Mexican,11.95
1410,2023-01-24,0 days 16:17:38,107,Orange Chicken,Asian,16.5
1410,2023-01-24,0 days 16:17:38,127,Meat Lasagna,Italian,17.95
1410,2023-01-24,0 days 16:17:38,120,Steak Torta,Mexican,13.95
1411,2023-01-24,0 days 16:36:53,113,Edamame,Asian,5.0
1411,2023-01-24,0 days 16:36:53,130,Shrimp Scampi,Italian,19.95
1411,2023-01-24,0 days 16:36:53,123,Chips & Guacamole,Mexican,9.0
1412,2023-01-24,0 days 16:39:31,124,Spaghetti,Italian,14.5
1412,2023-01-24,0 days 16:39:31,131,Chicken Parmesan,Italian,17.95
1413,2023-01-24,0 days 16:48:03,109,Korean Beef Bowl,Asian,17.95
1413,2023-01-24,0 days 16:48:03,117,Chicken Burrito,Mexican,12.95
1413,2023-01-24,0 days 16:48:03,119,Chicken Torta,Mexican,11.95
1413,2023-01-24,0 days 16:48:03,120,Steak Torta,Mexican,13.95
1414,2023-01-24,0 days 16:49:15,120,Steak Torta,Mexican,13.95
1415,2023-01-24,0 days 17:04:22,129,Mushroom Ravioli,Italian,15.5
1416,2023-01-24,0 days 17:18:39,102,Cheeseburger,American,13.95
1416,2023-01-24,0 days 17:18:39,118,Steak Burrito,Mexican,14.95
1416,2023-01-24,0 days 17:18:39,119,Chicken Torta,Mexican,11.95
1416,2023-01-24,0 days 17:18:39,121,Cheese Quesadillas,Mexican,10.5
1417,2023-01-24,0 days 17:31:05,110,Pork Ramen,Asian,17.95
1417,2023-01-24,0 days 17:31:05,117,Chicken Burrito,Mexican,12.95
1417,2023-01-24,0 days 17:31:05,129,Mushroom Ravioli,Italian,15.5
1417,2023-01-24,0 days 17:31:05,111,California Roll,Asian,11.95
1418,2023-01-24,0 days 17:50:34,120,Steak Torta,Mexican,13.95
1419,2023-01-24,0 days 18:07:48,111,California Roll,Asian,11.95
1419,2023-01-24,0 days 18:07:48,132,Eggplant Parmesan,Italian,16.95
1420,2023-01-24,0 days 18:10:44,115,Chicken Tacos,Mexican,11.95
1420,2023-01-24,0 days 18:10:44,116,Steak Tacos,Mexican,13.95
1420,2023-01-24,0 days 18:10:44,130,Shrimp Scampi,Italian,19.95
1421,2023-01-24,0 days 18:17:01,122,Chips & Salsa,Mexican,7.0
1422,2023-01-24,0 days 18:26:42,129,Mushroom Ravioli,Italian,15.5
1422,2023-01-24,0 days 18:26:42,106,French Fries,American,7.0
1423,2023-01-24,0 days 18:32:23,107,Orange Chicken,Asian,16.5
1423,2023-01-24,0 days 18:32:23,108,Tofu Pad Thai,Asian,14.5
1423,2023-01-24,0 days 18:32:23,119,Chicken Torta,Mexican,11.95
1424,2023-01-24,0 days 18:43:24,118,Steak Burrito,Mexican,14.95
1424,2023-01-24,0 days 18:43:24,132,Eggplant Parmesan,Italian,16.95
1425,2023-01-24,0 days 18:50:51,102,Cheeseburger,American,13.95
1425,2023-01-24,0 days 18:50:51,128,Cheese Lasagna,Italian,15.5
1425,2023-01-24,0 days 18:50:51,106,French Fries,American,7.0
1426,2023-01-24,0 days 19:06:06,118,Steak Burrito,Mexican,14.95
1427,2023-01-24,0 days 19:26:06,124,Spaghetti,Italian,14.5
1427,2023-01-24,0 days 19:26:06,117,Chicken Burrito,Mexican,12.95
1427,2023-01-24,0 days 19:26:06,119,Chicken Torta,Mexican,11.95
1428,2023-01-24,0 days 19:33:57,104,Veggie Burger,American,10.5
1428,2023-01-24,0 days 19:33:57,132,Eggplant Parmesan,Italian,16.95
1429,2023-01-24,0 days 19:36:22,108,Tofu Pad Thai,Asian,14.5
1429,2023-01-24,0 days 19:36:22,124,Spaghetti,Italian,14.5
1429,2023-01-24,0 days 19:36:22,112,Salmon Roll,Asian,14.95
1429,2023-01-24,0 days 19:36:22,118,Steak Burrito,Mexican,14.95
1430,2023-01-24,0 days 19:39:56,102,Cheeseburger,American,13.95
1430,2023-01-24,0 days 19:39:56,127,Meat Lasagna,Italian,17.95
1431,2023-01-24,0 days 19:40:03,129,Mushroom Ravioli,Italian,15.5
1432,2023-01-24,0 days 19:41:52,102,Cheeseburger,American,13.95
1432,2023-01-24,0 days 19:41:52,117,Chicken Burrito,Mexican,12.95
1432,2023-01-24,0 days 19:41:52,127,Meat Lasagna,Italian,17.95
1433,2023-01-24,0 days 19:43:23,110,Pork Ramen,Asian,17.95
1433,2023-01-24,0 days 19:43:23,119,Chicken Torta,Mexican,11.95
1434,2023-01-24,0 days 19:43:40,115,Chicken Tacos,Mexican,11.95
1434,2023-01-24,0 days 19:43:40,129,Mushroom Ravioli,Italian,15.5
1435,2023-01-24,0 days 19:44:56,117,Chicken Burrito,Mexican,12.95
1435,2023-01-24,0 days 19:44:56,119,Chicken Torta,Mexican,11.95
1435,2023-01-24,0 days 19:44:56,120,Steak Torta,Mexican,13.95
1435,2023-01-24,0 days 19:44:56,114,Potstickers,Asian,9.0
1436,2023-01-24,0 days 19:46:06,126,Fettuccine Alfredo,Italian,14.5
1436,2023-01-24,0 days 19:46:06,130,Shrimp Scampi,Italian,19.95
1436,2023-01-24,0 days 19:46:06,114,Potstickers,Asian,9.0
1437,2023-01-24,0 days 19:47:50,101,Hamburger,American,12.95
1438,2023-01-24,0 days 19:54:07,126,Fettuccine Alfredo,Italian,14.5
1438,2023-01-24,0 days 19:54:07,117,Chicken Burrito,Mexican,12.95
1439,2023-01-24,0 days 19:56:32,118,Steak Burrito,Mexican,14.95
1439,2023-01-24,0 days 19:56:32,132,Eggplant Parmesan,Italian,16.95
1440,2023-01-24,0 days 19:56:33,108,Tofu Pad Thai,Asian,14.5
1441,2023-01-24,0 days 20:13:00,117,Chicken Burrito,Mexican,12.95
1441,2023-01-24,0 days 20:13:00,105,Mac & Cheese,American,7.0
1442,2023-01-24,0 days 20:21:20,103,Hot Dog,American,9.0
1442,2023-01-24,0 days 20:21:20,131,Chicken Parmesan,Italian,17.95
1442,2023-01-24,0 days 20:21:20,131,Chicken Parmesan,Italian,17.95
1442,2023-01-24,0 days 20:21:20,132,Eggplant Parmesan,Italian,16.95
1443,2023-01-24,0 days 20:23:34,108,Tofu Pad Thai,Asian,14.5
1443,2023-01-24,0 days 20:23:34,113,Edamame,Asian,5.0
1444,2023-01-24,0 days 20:29:10,110,Pork Ramen,Asian,17.95
1445,2023-01-24,0 days 20:29:40,107,Orange Chicken,Asian,16.5
1445,2023-01-24,0 days 20:29:40,116,Steak Tacos,Mexican,13.95
1445,2023-01-24,0 days 20:29:40,102,Cheeseburger,American,13.95
1445,2023-01-24,0 days 20:29:40,106,French Fries,American,7.0
1446,2023-01-24,0 days 20:40:47,103,Hot Dog,American,9.0
1446,2023-01-24,0 days 20:40:47,111,California Roll,Asian,11.95
1447,2023-01-24,0 days 20:41:28,125,Spaghetti & Meatballs,Italian,17.95
1447,2023-01-24,0 days 20:41:28,119,Chicken Torta,Mexican,11.95
1448,2023-01-24,0 days 20:59:29,117,Chicken Burrito,Mexican,12.95
1449,2023-01-24,0 days 21:12:27,105,Mac & Cheese,American,7.0
1449,2023-01-24,0 days 21:12:27,122,Chips & Salsa,Mexican,7.0
1450,2023-01-24,0 days 21:23:08,101,Hamburger,American,12.95
1450,2023-01-24,0 days 21:23:08,101,Hamburger,American,12.95
1450,2023-01-24,0 days 21:23:08,124,Spaghetti,Italian,14.5
1450,2023-01-24,0 days 21:23:08,113,Edamame,Asian,5.0
1451,2023-01-24,0 days 21:23:59,124,Spaghetti,Italian,14.5
1451,2023-01-24,0 days 21:23:59,125,Spaghetti & Meatballs,Italian,17.95
1451,2023-01-24,0 days 21:23:59,109,Korean Beef Bowl,Asian,17.95
1451,2023-01-24,0 days 21:23:59,112,Salmon Roll,Asian,14.95
1452,2023-01-24,0 days 22:32:11,128,Cheese Lasagna,Italian,15.5
1452,2023-01-24,0 days 22:32:11,119,Chicken Torta,Mexican,11.95
1453,2023-01-25,0 days 12:24:36,116,Steak Tacos,Mexican,13.95
1453,2023-01-25,0 days 12:24:36,121,Cheese Quesadillas,Mexican,10.5
1453,2023-01-25,0 days 12:24:36,105,Mac & Cheese,American,7.0
1453,2023-01-25,0 days 12:24:36,106,French Fries,American,7.0
1454,2023-01-25,0 days 12:27:51,109,Korean Beef Bowl,Asian,17.95
1454,2023-01-25,0 days 12:27:51,114,Potstickers,Asian,9.0
1455,2023-01-25,0 days 13:30:03,109,Korean Beef Bowl,Asian,17.95
1456,2023-01-25,0 days 13:35:14,101,Hamburger,American,12.95
1457,2023-01-25,0 days 13:35:53,101,Hamburger,American,12.95
1457,2023-01-25,0 days 13:35:53,107,Orange Chicken,Asian,16.5
1457,2023-01-25,0 days 13:35:53,115,Chicken Tacos,Mexican,11.95
1457,2023-01-25,0 days 13:35:53,108,Tofu Pad Thai,Asian,14.5
1457,2023-01-25,0 days 13:35:53,124,Spaghetti,Italian,14.5
1457,2023-01-25,0 days 13:35:53,112,Salmon Roll,Asian,14.95
1457,2023-01-25,0 days 13:35:53,105,Mac & Cheese,American,7.0
1457,2023-01-25,0 days 13:35:53,122,Chips & Salsa,Mexican,7.0
1457,2023-01-25,0 days 13:35:53,106,French Fries,American,7.0
1457,2023-01-25,0 days 13:35:53,132,Eggplant Parmesan,Italian,16.95
1458,2023-01-25,0 days 13:46:05,102,Cheeseburger,American,13.95
1458,2023-01-25,0 days 13:46:05,110,Pork Ramen,Asian,17.95
1458,2023-01-25,0 days 13:46:05,111,California Roll,Asian,11.95
1458,2023-01-25,0 days 13:46:05,119,Chicken Torta,Mexican,11.95
1459,2023-01-25,0 days 14:01:11,128,Cheese Lasagna,Italian,15.5
1459,2023-01-25,0 days 14:01:11,129,Mushroom Ravioli,Italian,15.5
1460,2023-01-25,0 days 14:17:13,123,Chips & Guacamole,Mexican,9.0
1461,2023-01-25,0 days 14:21:02,108,Tofu Pad Thai,Asian,14.5
1461,2023-01-25,0 days 14:21:02,125,Spaghetti & Meatballs,Italian,17.95
1461,2023-01-25,0 days 14:21:02,128,Cheese Lasagna,Italian,15.5
1461,2023-01-25,0 days 14:21:02,111,California Roll,Asian,11.95
1461,2023-01-25,0 days 14:21:02,131,Chicken Parmesan,Italian,17.95
1462,2023-01-25,0 days 14:32:07,131,Chicken Parmesan,Italian,17.95
1463,2023-01-25,0 days 14:32:44,129,Mushroom Ravioli,Italian,15.5
1464,2023-01-25,0 days 14:43:49,101,Hamburger,American,12.95
1465,2023-01-25,0 days 14:45:05,109,Korean Beef Bowl,Asian,17.95
1465,2023-01-25,0 days 14:45:05,118,Steak Burrito,Mexican,14.95
1466,2023-01-25,0 days 14:48:05,113,Edamame,Asian,5.0
1466,2023-01-25,0 days 14:48:05,106,French Fries,American,7.0
1467,2023-01-25,0 days 14:50:29,101,Hamburger,American,12.95
1468,2023-01-25,0 days 15:05:16,101,Hamburger,American,12.95
1468,2023-01-25,0 days 15:05:16,118,Steak Burrito,Mexican,14.95
1469,2023-01-25,0 days 15:23:21,116,Steak Tacos,Mexican,13.95
1469,2023-01-25,0 days 15:23:21,119,Chicken Torta,Mexican,11.95
1470,2023-01-25,0 days 15:29:05,101,Hamburger,American,12.95
1470,2023-01-25,0 days 15:29:05,120,Steak Torta,Mexican,13.95
1471,2023-01-25,0 days 16:07:00,107,Orange Chicken,Asian,16.5
1471,2023-01-25,0 days 16:07:00,116,Steak Tacos,Mexican,13.95
1471,2023-01-25,0 days 16:07:00,102,Cheeseburger,American,13.95
1471,2023-01-25,0 days 16:07:00,125,Spaghetti & Meatballs,Italian,17.95
1472,2023-01-25,0 days 16:32:36,129,Mushroom Ravioli,Italian,15.5
1472,2023-01-25,0 days 16:32:36,132,Eggplant Parmesan,Italian,16.95
1473,2023-01-25,0 days 16:36:54,119,Chicken Torta,Mexican,11.95
1473,2023-01-25,0 days 16:36:54,119,Chicken Torta,Mexican,11.95
1474,2023-01-25,0 days 16:52:12,107,Orange Chicken,Asian,16.5
1474,2023-01-25,0 days 16:52:12,121,Cheese Quesadillas,Mexican,10.5
1475,2023-01-25,0 days 16:59:21,125,Spaghetti & Meatballs,Italian,17.95
1475,2023-01-25,0 days 16:59:21,113,Edamame,Asian,5.0
1475,2023-01-25,0 days 16:59:21,119,Chicken Torta,Mexican,11.95
1475,2023-01-25,0 days 16:59:21,130,Shrimp Scampi,Italian,19.95
1476,2023-01-25,0 days 17:05:06,101,Hamburger,American,12.95
1477,2023-01-25,0 days 17:08:54,131,Chicken Parmesan,Italian,17.95
1478,2023-01-25,0 days 17:26:23,104,Veggie Burger,American,10.5
1478,2023-01-25,0 days 17:26:23,113,Edamame,Asian,5.0
1478,2023-01-25,0 days 17:26:23,119,Chicken Torta,Mexican,11.95
1478,2023-01-25,0 days 17:26:23,114,Potstickers,Asian,9.0
1479,2023-01-25,0 days 17:30:14,115,Chicken Tacos,Mexican,11.95
1479,2023-01-25,0 days 17:30:14,120,Steak Torta,Mexican,13.95
1480,2023-01-25,0 days 17:48:20,125,Spaghetti & Meatballs,Italian,17.95
1480,2023-01-25,0 days 17:48:20,111,California Roll,Asian,11.95
1481,2023-01-25,0 days 18:12:26,103,Hot Dog,American,9.0
1481,2023-01-25,0 days 18:12:26,105,Mac & Cheese,American,7.0
1482,2023-01-25,0 days 18:32:16,129,Mushroom Ravioli,Italian,15.5
1483,2023-01-25,0 days 18:39:10,107,Orange Chicken,Asian,16.5
1483,2023-01-25,0 days 18:39:10,103,Hot Dog,American,9.0
1483,2023-01-25,0 days 18:39:10,129,Mushroom Ravioli,Italian,15.5
1484,2023-01-25,0 days 18:57:43,107,Orange Chicken,Asian,16.5
1484,2023-01-25,0 days 18:57:43,102,Cheeseburger,American,13.95
1484,2023-01-25,0 days 18:57:43,106,French Fries,American,7.0
1485,2023-01-25,0 days 19:05:15,115,Chicken Tacos,Mexican,11.95
1485,2023-01-25,0 days 19:05:15,131,Chicken Parmesan,Italian,17.95
1486,2023-01-25,0 days 19:09:03,127,Meat Lasagna,Italian,17.95
1487,2023-01-25,0 days 19:41:47,118,Steak Burrito,Mexican,14.95
1488,2023-01-25,0 days 19:49:28,112,Salmon Roll,Asian,14.95
1488,2023-01-25,0 days 19:49:28,131,Chicken Parmesan,Italian,17.95
1489,2023-01-25,0 days 20:01:54,113,Edamame,Asian,5.0
1490,2023-01-25,0 days 20:07:13,125,Spaghetti & Meatballs,Italian,17.95
1490,2023-01-25,0 days 20:07:13,128,Cheese Lasagna,Italian,15.5
1490,2023-01-25,0 days 20:07:13,114,Potstickers,Asian,9.0
1490,2023-01-25,0 days 20:07:13,132,Eggplant Parmesan,Italian,16.95
1491,2023-01-25,0 days 20:19:40,107,Orange Chicken,Asian,16.5
1492,2023-01-25,0 days 20:46:56,101,Hamburger,American,12.95
1492,2023-01-25,0 days 20:46:56,109,Korean Beef Bowl,Asian,17.95
1492,2023-01-25,0 days 20:46:56,111,California Roll,Asian,11.95
1492,2023-01-25,0 days 20:46:56,113,Edamame,Asian,5.0
1493,2023-01-25,0 days 21:00:40,125,Spaghetti & Meatballs,Italian,17.95
1494,2023-01-25,0 days 21:01:50,111,California Roll,Asian,11.95
1494,2023-01-25,0 days 21:01:50,120,Steak Torta,Mexican,13.95
1494,2023-01-25,0 days 21:01:50,132,Eggplant Parmesan,Italian,16.95
1495,2023-01-25,0 days 21:17:32,129,Mushroom Ravioli,Italian,15.5
1495,2023-01-25,0 days 21:17:32,122,Chips & Salsa,Mexican,7.0
1495,2023-01-25,0 days 21:17:32,130,Shrimp Scampi,Italian,19.95
1496,2023-01-25,0 days 21:32:38,111,California Roll,Asian,11.95
1497,2023-01-26,0 days 11:15:57,107,Orange Chicken,Asian,16.5
1497,2023-01-26,0 days 11:15:57,116,Steak Tacos,Mexican,13.95
1497,2023-01-26,0 days 11:15:57,117,Chicken Burrito,Mexican,12.95
1498,2023-01-26,0 days 11:25:10,106,French Fries,American,7.0
1499,2023-01-26,0 days 11:33:33,109,Korean Beef Bowl,Asian,17.95
1500,2023-01-26,0 days 11:52:57,108,Tofu Pad Thai,Asian,14.5
1500,2023-01-26,0 days 11:52:57,111,California Roll,Asian,11.95
1500,2023-01-26,0 days 11:52:57,120,Steak Torta,Mexican,13.95
1500,2023-01-26,0 days 11:52:57,122,Chips & Salsa,Mexican,7.0
1501,2023-01-26,0 days 12:03:55,102,Cheeseburger,American,13.95
1501,2023-01-26,0 days 12:03:55,125,Spaghetti & Meatballs,Italian,17.95
1501,2023-01-26,0 days 12:03:55,113,Edamame,Asian,5.0
1501,2023-01-26,0 days 12:03:55,122,Chips & Salsa,Mexican,7.0
1502,2023-01-26,0 days 12:04:48,125,Spaghetti & Meatballs,Italian,17.95
1503,2023-01-26,0 days 12:10:49,117,Chicken Burrito,Mexican,12.95
1504,2023-01-26,0 days 12:44:38,107,Orange Chicken,Asian,16.5
1504,2023-01-26,0 days 12:44:38,102,Cheeseburger,American,13.95
1504,2023-01-26,0 days 12:44:38,102,Cheeseburger,American,13.95
1504,2023-01-26,0 days 12:44:38,126,Fettuccine Alfredo,Italian,14.5
1504,2023-01-26,0 days 12:44:38,128,Cheese Lasagna,Italian,15.5
1504,2023-01-26,0 days 12:44:38,113,Edamame,Asian,5.0
1504,2023-01-26,0 days 12:44:38,113,Edamame,Asian,5.0
1504,2023-01-26,0 days 12:44:38,105,Mac & Cheese,American,7.0
1504,2023-01-26,0 days 12:44:38,130,Shrimp Scampi,Italian,19.95
1504,2023-01-26,0 days 12:44:38,106,French Fries,American,7.0
1505,2023-01-26,0 days 12:47:34,115,Chicken Tacos,Mexican,11.95
1505,2023-01-26,0 days 12:47:34,102,Cheeseburger,American,13.95
1505,2023-01-26,0 days 12:47:34,108,Tofu Pad Thai,Asian,14.5
1505,2023-01-26,0 days 12:47:34,132,Eggplant Parmesan,Italian,16.95
1506,2023-01-26,0 days 12:56:04,114,Potstickers,Asian,9.0
1507,2023-01-26,0 days 13:02:45,119,Chicken Torta,Mexican,11.95
1508,2023-01-26,0 days 13:03:59,124,Spaghetti,Italian,14.5
1509,2023-01-26,0 days 13:08:25,102,Cheeseburger,American,13.95
1509,2023-01-26,0 days 13:08:25,126,Fettuccine Alfredo,Italian,14.5
1509,2023-01-26,0 days 13:08:25,127,Meat Lasagna,Italian,17.95
1509,2023-01-26,0 days 13:08:25,112,Salmon Roll,Asian,14.95
1509,2023-01-26,0 days 13:08:25,120,Steak Torta,Mexican,13.95
1510,2023-01-26,0 days 13:15:18,125,Spaghetti & Meatballs,Italian,17.95
1511,2023-01-26,0 days 13:24:17,124,Spaghetti,Italian,14.5
1512,2023-01-26,0 days 13:27:32,119,Chicken Torta,Mexican,11.95
1513,2023-01-26,0 days 13:46:01,113,Edamame,Asian,5.0
1513,2023-01-26,0 days 13:46:01,113,Edamame,Asian,5.0
1514,2023-01-26,0 days 13:51:21,107,Orange Chicken,Asian,16.5
1514,2023-01-26,0 days 13:51:21,120,Steak Torta,Mexican,13.95
1515,2023-01-26,0 days 13:52:36,129,Mushroom Ravioli,Italian,15.5
1516,2023-01-26,0 days 13:54:36,113,Edamame,Asian,5.0
1516,2023-01-26,0 days 13:54:36,120,Steak Torta,Mexican,13.95
1517,2023-01-26,0 days 13:56:01,105,Mac & Cheese,American,7.0
1518,2023-01-26,0 days 14:00:13,117,Chicken Burrito,Mexican,12.95
1519,2023-01-26,0 days 14:21:10,114,Potstickers,Asian,9.0
1520,2023-01-26,0 days 14:25:20,102,Cheeseburger,American,13.95
1520,2023-01-26,0 days 14:25:20,103,Hot Dog,American,9.0
1521,2023-01-26,0 days 14:32:57,109,Korean Beef Bowl,Asian,17.95
1521,2023-01-26,0 days 14:32:57,120,Steak Torta,Mexican,13.95
1522,2023-01-26,0 days 14:35:32,107,Orange Chicken,Asian,16.5
1522,2023-01-26,0 days 14:35:32,108,Tofu Pad Thai,Asian,14.5
1522,2023-01-26,0 days 14:35:32,108,Tofu Pad Thai,Asian,14.5
1522,2023-01-26,0 days 14:35:32,117,Chicken Burrito,Mexican,12.95
1523,2023-01-26,0 days 14:38:13,119,Chicken Torta,Mexican,11.95
1524,2023-01-26,0 days 14:47:17,132,Eggplant Parmesan,Italian,16.95
1525,2023-01-26,0 days 14:47:46,118,Steak Burrito,Mexican,14.95
1526,2023-01-26,0 days 14:55:06,106,French Fries,American,7.0
1527,2023-01-26,0 days 15:14:30,116,Steak Tacos,Mexican,13.95
1527,2023-01-26,0 days 15:14:30,126,Fettuccine Alfredo,Italian,14.5
1529,2023-01-26,0 days 15:35:32,118,Steak Burrito,Mexican,14.95
1529,2023-01-26,0 days 15:35:32,114,Potstickers,Asian,9.0
1530,2023-01-26,0 days 15:49:09,125,Spaghetti & Meatballs,Italian,17.95
1530,2023-01-26,0 days 15:49:09,128,Cheese Lasagna,Italian,15.5
1531,2023-01-26,0 days 15:58:50,109,Korean Beef Bowl,Asian,17.95
1532,2023-01-26,0 days 16:04:46,107,Orange Chicken,Asian,16.5
1532,2023-01-26,0 days 16:04:46,113,Edamame,Asian,5.0
1533,2023-01-26,0 days 16:08:02,101,Hamburger,American,12.95
1533,2023-01-26,0 days 16:08:02,112,Salmon Roll,Asian,14.95
1534,2023-01-26,0 days 16:21:23,128,Cheese Lasagna,Italian,15.5
1534,2023-01-26,0 days 16:21:23,130,Shrimp Scampi,Italian,19.95
1534,2023-01-26,0 days 16:21:23,114,Potstickers,Asian,9.0
1535,2023-01-26,0 days 16:38:21,101,Hamburger,American,12.95
1535,2023-01-26,0 days 16:38:21,125,Spaghetti & Meatballs,Italian,17.95
1535,2023-01-26,0 days 16:38:21,127,Meat Lasagna,Italian,17.95
1535,2023-01-26,0 days 16:38:21,131,Chicken Parmesan,Italian,17.95
1536,2023-01-26,0 days 16:52:11,116,Steak Tacos,Mexican,13.95
1536,2023-01-26,0 days 16:52:11,113,Edamame,Asian,5.0
1536,2023-01-26,0 days 16:52:11,120,Steak Torta,Mexican,13.95
1537,2023-01-26,0 days 17:04:54,104,Veggie Burger,American,10.5
1538,2023-01-26,0 days 17:06:36,103,Hot Dog,American,9.0
1538,2023-01-26,0 days 17:06:36,130,Shrimp Scampi,Italian,19.95
1538,2023-01-26,0 days 17:06:36,131,Chicken Parmesan,Italian,17.95
1539,2023-01-26,0 days 18:03:43,124,Spaghetti,Italian,14.5
1539,2023-01-26,0 days 18:03:43,117,Chicken Burrito,Mexican,12.95
1539,2023-01-26,0 days 18:03:43,106,French Fries,American,7.0
1540,2023-01-26,0 days 18:08:56,127,Meat Lasagna,Italian,17.95
1540,2023-01-26,0 days 18:08:56,121,Cheese Quesadillas,Mexican,10.5
1541,2023-01-26,0 days 18:10:06,106,French Fries,American,7.0
1542,2023-01-26,0 days 18:37:22,116,Steak Tacos,Mexican,13.95
1542,2023-01-26,0 days 18:37:22,130,Shrimp Scampi,Italian,19.95
1542,2023-01-26,0 days 18:37:22,123,Chips & Guacamole,Mexican,9.0
1542,2023-01-26,0 days 18:37:22,106,French Fries,American,7.0
1543,2023-01-26,0 days 19:21:11,124,Spaghetti,Italian,14.5
1543,2023-01-26,0 days 19:21:11,106,French Fries,American,7.0
1544,2023-01-26,0 days 19:32:50,111,California Roll,Asian,11.95
1544,2023-01-26,0 days 19:32:50,122,Chips & Salsa,Mexican,7.0
1545,2023-01-26,0 days 19:33:23,109,Korean Beef Bowl,Asian,17.95
1546,2023-01-26,0 days 19:42:41,105,Mac & Cheese,American,7.0
1547,2023-01-26,0 days 20:58:38,110,Pork Ramen,Asian,17.95
1547,2023-01-26,0 days 20:58:38,131,Chicken Parmesan,Italian,17.95
1548,2023-01-26,0 days 20:59:51,110,Pork Ramen,Asian,17.95
1548,2023-01-26,0 days 20:59:51,105,Mac & Cheese,American,7.0
1549,2023-01-26,0 days 21:12:55,105,Mac & Cheese,American,7.0
1550,2023-01-26,0 days 21:23:19,107,Orange Chicken,Asian,16.5
1550,2023-01-26,0 days 21:23:19,118,Steak Burrito,Mexican,14.95
1551,2023-01-26,0 days 21:37:51,130,Shrimp Scampi,Italian,19.95
1552,2023-01-27,0 days 11:23:30,110,Pork Ramen,Asian,17.95
1553,2023-01-27,0 days 11:47:40,116,Steak Tacos,Mexican,13.95
1554,2023-01-27,0 days 11:57:19,127,Meat Lasagna,Italian,17.95
1554,2023-01-27,0 days 11:57:19,118,Steak Burrito,Mexican,14.95
1554,2023-01-27,0 days 11:57:19,119,Chicken Torta,Mexican,11.95
1555,2023-01-27,0 days 12:07:54,132,Eggplant Parmesan,Italian,16.95
1556,2023-01-27,0 days 12:19:15,129,Mushroom Ravioli,Italian,15.5
1556,2023-01-27,0 days 12:19:15,105,Mac & Cheese,American,7.0
1557,2023-01-27,0 days 12:21:21,109,Korean Beef Bowl,Asian,17.95
1558,2023-01-27,0 days 12:27:55,127,Meat Lasagna,Italian,17.95
1558,2023-01-27,0 days 12:27:55,132,Eggplant Parmesan,Italian,16.95
1559,2023-01-27,0 days 12:34:12,109,Korean Beef Bowl,Asian,17.95
1560,2023-01-27,0 days 12:56:17,117,Chicken Burrito,Mexican,12.95
1560,2023-01-27,0 days 12:56:17,111,California Roll,Asian,11.95
1561,2023-01-27,0 days 12:56:35,103,Hot Dog,American,9.0
1562,2023-01-27,0 days 13:00:08,108,Tofu Pad Thai,Asian,14.5
1563,2023-01-27,0 days 13:04:38,108,Tofu Pad Thai,Asian,14.5
1563,2023-01-27,0 days 13:04:38,110,Pork Ramen,Asian,17.95
1564,2023-01-27,0 days 13:05:50,124,Spaghetti,Italian,14.5
1564,2023-01-27,0 days 13:05:50,109,Korean Beef Bowl,Asian,17.95
1564,2023-01-27,0 days 13:05:50,129,Mushroom Ravioli,Italian,15.5
1564,2023-01-27,0 days 13:05:50,113,Edamame,Asian,5.0
1565,2023-01-27,0 days 13:21:20,101,Hamburger,American,12.95
1565,2023-01-27,0 days 13:21:20,102,Cheeseburger,American,13.95
1565,2023-01-27,0 days 13:21:20,110,Pork Ramen,Asian,17.95
1565,2023-01-27,0 days 13:21:20,110,Pork Ramen,Asian,17.95
1566,2023-01-27,0 days 13:23:02,131,Chicken Parmesan,Italian,17.95
1567,2023-01-27,0 days 13:31:08,109,Korean Beef Bowl,Asian,17.95
1567,2023-01-27,0 days 13:31:08,129,Mushroom Ravioli,Italian,15.5
1567,2023-01-27,0 days 13:31:08,119,Chicken Torta,Mexican,11.95
1568,2023-01-27,0 days 13:38:46,102,Cheeseburger,American,13.95
1568,2023-01-27,0 days 13:38:46,108,Tofu Pad Thai,Asian,14.5
1568,2023-01-27,0 days 13:38:46,127,Meat Lasagna,Italian,17.95
1568,2023-01-27,0 days 13:38:46,131,Chicken Parmesan,Italian,17.95
1569,2023-01-27,0 days 13:38:50,101,Hamburger,American,12.95
1569,2023-01-27,0 days 13:38:50,115,Chicken Tacos,Mexican,11.95
1569,2023-01-27,0 days 13:38:50,109,Korean Beef Bowl,Asian,17.95
1569,2023-01-27,0 days 13:38:50,110,Pork Ramen,Asian,17.95
1569,2023-01-27,0 days 13:38:50,111,California Roll,Asian,11.95
1569,2023-01-27,0 days 13:38:50,113,Edamame,Asian,5.0
1569,2023-01-27,0 days 13:38:50,113,Edamame,Asian,5.0
1569,2023-01-27,0 days 13:38:50,118,Steak Burrito,Mexican,14.95
1569,2023-01-27,0 days 13:38:50,121,Cheese Quesadillas,Mexican,10.5
1569,2023-01-27,0 days 13:38:50,105,Mac & Cheese,American,7.0
1569,2023-01-27,0 days 13:38:50,122,Chips & Salsa,Mexican,7.0
1569,2023-01-27,0 days 13:38:50,123,Chips & Guacamole,Mexican,9.0
1569,2023-01-27,0 days 13:38:50,106,French Fries,American,7.0
1570,2023-01-27,0 days 13:49:25,102,Cheeseburger,American,13.95
1571,2023-01-27,0 days 14:32:25,101,Hamburger,American,12.95
1572,2023-01-27,0 days 14:33:38,120,Steak Torta,Mexican,13.95
1572,2023-01-27,0 days 14:33:38,123,Chips & Guacamole,Mexican,9.0
1572,2023-01-27,0 days 14:33:38,106,French Fries,American,7.0
1573,2023-01-27,0 days 14:39:50,106,French Fries,American,7.0
1574,2023-01-27,0 days 15:32:22,101,Hamburger,American,12.95
1574,2023-01-27,0 days 15:32:22,118,Steak Burrito,Mexican,14.95
1574,2023-01-27,0 days 15:32:22,131,Chicken Parmesan,Italian,17.95
1575,2023-01-27,0 days 15:37:13,112,Salmon Roll,Asian,14.95
1576,2023-01-27,0 days 15:44:22,121,Cheese Quesadillas,Mexican,10.5
1576,2023-01-27,0 days 15:44:22,114,Potstickers,Asian,9.0
1577,2023-01-27,0 days 15:48:27,112,Salmon Roll,Asian,14.95
1578,2023-01-27,0 days 16:07:40,125,Spaghetti & Meatballs,Italian,17.95
1578,2023-01-27,0 days 16:07:40,129,Mushroom Ravioli,Italian,15.5
1578,2023-01-27,0 days 16:07:40,113,Edamame,Asian,5.0
1579,2023-01-27,0 days 16:19:56,108,Tofu Pad Thai,Asian,14.5
1579,2023-01-27,0 days 16:19:56,122,Chips & Salsa,Mexican,7.0
1580,2023-01-27,0 days 16:27:31,126,Fettuccine Alfredo,Italian,14.5
1580,2023-01-27,0 days 16:27:31,132,Eggplant Parmesan,Italian,16.95
1582,2023-01-27,0 days 16:34:55,102,Cheeseburger,American,13.95
1582,2023-01-27,0 days 16:34:55,109,Korean Beef Bowl,Asian,17.95
1582,2023-01-27,0 days 16:34:55,121,Cheese Quesadillas,Mexican,10.5
1582,2023-01-27,0 days 16:34:55,106,French Fries,American,7.0
1583,2023-01-27,0 days 17:01:03,103,Hot Dog,American,9.0
1583,2023-01-27,0 days 17:01:03,121,Cheese Quesadillas,Mexican,10.5
1584,2023-01-27,0 days 17:08:55,112,Salmon Roll,Asian,14.95
1584,2023-01-27,0 days 17:08:55,105,Mac & Cheese,American,7.0
1585,2023-01-27,0 days 17:14:26,107,Orange Chicken,Asian,16.5
1585,2023-01-27,0 days 17:14:26,110,Pork Ramen,Asian,17.95
1585,2023-01-27,0 days 17:14:26,119,Chicken Torta,Mexican,11.95
1586,2023-01-27,0 days 17:15:31,110,Pork Ramen,Asian,17.95
1586,2023-01-27,0 days 17:15:31,105,Mac & Cheese,American,7.0
1586,2023-01-27,0 days 17:15:31,131,Chicken Parmesan,Italian,17.95
1587,2023-01-27,0 days 17:26:55,113,Edamame,Asian,5.0
1588,2023-01-27,0 days 17:29:19,131,Chicken Parmesan,Italian,17.95
1588,2023-01-27,0 days 17:29:19,123,Chips & Guacamole,Mexican,9.0
1589,2023-01-27,0 days 17:46:02,128,Cheese Lasagna,Italian,15.5
1589,2023-01-27,0 days 17:46:02,121,Cheese Quesadillas,Mexican,10.5
1589,2023-01-27,0 days 17:46:02,105,Mac & Cheese,American,7.0
1590,2023-01-27,0 days 17:56:16,103,Hot Dog,American,9.0
1590,2023-01-27,0 days 17:56:16,111,California Roll,Asian,11.95
1590,2023-01-27,0 days 17:56:16,113,Edamame,Asian,5.0
1590,2023-01-27,0 days 17:56:16,130,Shrimp Scampi,Italian,19.95
1591,2023-01-27,0 days 18:00:16,107,Orange Chicken,Asian,16.5
1591,2023-01-27,0 days 18:00:16,102,Cheeseburger,American,13.95
1591,2023-01-27,0 days 18:00:16,125,Spaghetti & Meatballs,Italian,17.95
1591,2023-01-27,0 days 18:00:16,120,Steak Torta,Mexican,13.95
1592,2023-01-27,0 days 18:02:51,104,Veggie Burger,American,10.5
1593,2023-01-27,0 days 18:06:25,116,Steak Tacos,Mexican,13.95
1593,2023-01-27,0 days 18:06:25,119,Chicken Torta,Mexican,11.95
1593,2023-01-27,0 days 18:06:25,122,Chips & Salsa,Mexican,7.0
1593,2023-01-27,0 days 18:06:25,114,Potstickers,Asian,9.0
1594,2023-01-27,0 days 18:16:02,104,Veggie Burger,American,10.5
1595,2023-01-27,0 days 18:17:38,120,Steak Torta,Mexican,13.95
1595,2023-01-27,0 days 18:17:38,114,Potstickers,Asian,9.0
1596,2023-01-27,0 days 18:22:07,121,Cheese Quesadillas,Mexican,10.5
1596,2023-01-27,0 days 18:22:07,106,French Fries,American,7.0
1597,2023-01-27,0 days 18:22:23,105,Mac & Cheese,American,7.0
1598,2023-01-27,0 days 18:31:26,125,Spaghetti & Meatballs,Italian,17.95
1598,2023-01-27,0 days 18:31:26,119,Chicken Torta,Mexican,11.95
1599,2023-01-27,0 days 18:33:59,124,Spaghetti,Italian,14.5
1599,2023-01-27,0 days 18:33:59,119,Chicken Torta,Mexican,11.95
1600,2023-01-27,0 days 18:37:54,111,California Roll,Asian,11.95
1600,2023-01-27,0 days 18:37:54,112,Salmon Roll,Asian,14.95
1601,2023-01-27,0 days 18:48:01,110,Pork Ramen,Asian,17.95
1601,2023-01-27,0 days 18:48:01,114,Potstickers,Asian,9.0
1602,2023-01-27,0 days 18:49:15,116,Steak Tacos,Mexican,13.95
1602,2023-01-27,0 days 18:49:15,106,French Fries,American,7.0
1603,2023-01-27,0 days 19:16:45,109,Korean Beef Bowl,Asian,17.95
1604,2023-01-27,0 days 20:05:01,129,Mushroom Ravioli,Italian,15.5
1604,2023-01-27,0 days 20:05:01,111,California Roll,Asian,11.95
1605,2023-01-27,0 days 20:05:27,110,Pork Ramen,Asian,17.95
1605,2023-01-27,0 days 20:05:27,127,Meat Lasagna,Italian,17.95
1606,2023-01-27,0 days 20:07:37,128,Cheese Lasagna,Italian,15.5
1606,2023-01-27,0 days 20:07:37,113,Edamame,Asian,5.0
1607,2023-01-27,0 days 20:09:27,115,Chicken Tacos,Mexican,11.95
1607,2023-01-27,0 days 20:09:27,109,Korean Beef Bowl,Asian,17.95
1607,2023-01-27,0 days 20:09:27,110,Pork Ramen,Asian,17.95
1608,2023-01-27,0 days 20:10:32,132,Eggplant Parmesan,Italian,16.95
1609,2023-01-27,0 days 20:17:48,109,Korean Beef Bowl,Asian,17.95
1609,2023-01-27,0 days 20:17:48,128,Cheese Lasagna,Italian,15.5
1610,2023-01-27,0 days 20:43:11,119,Chicken Torta,Mexican,11.95
1611,2023-01-27,0 days 21:03:04,108,Tofu Pad Thai,Asian,14.5
1611,2023-01-27,0 days 21:03:04,112,Salmon Roll,Asian,14.95
1611,2023-01-27,0 days 21:03:04,113,Edamame,Asian,5.0
1611,2023-01-27,0 days 21:03:04,118,Steak Burrito,Mexican,14.95
1612,2023-01-27,0 days 21:03:29,122,Chips & Salsa,Mexican,7.0
1612,2023-01-27,0 days 21:03:29,114,Potstickers,Asian,9.0
1613,2023-01-27,0 days 21:05:59,125,Spaghetti & Meatballs,Italian,17.95
1613,2023-01-27,0 days 21:05:59,110,Pork Ramen,Asian,17.95
1613,2023-01-27,0 days 21:05:59,105,Mac & Cheese,American,7.0
1613,2023-01-27,0 days 21:05:59,132,Eggplant Parmesan,Italian,16.95
1614,2023-01-27,0 days 22:10:01,107,Orange Chicken,Asian,16.5
1614,2023-01-27,0 days 22:10:01,111,California Roll,Asian,11.95
1615,2023-01-27,0 days 22:11:38,111,California Roll,Asian,11.95
1616,2023-01-27,0 days 22:22:25,113,Edamame,Asian,5.0
1616,2023-01-27,0 days 22:22:25,123,Chips & Guacamole,Mexican,9.0
1617,2023-01-27,0 days 22:25:26,125,Spaghetti & Meatballs,Italian,17.95
1617,2023-01-27,0 days 22:25:26,118,Steak Burrito,Mexican,14.95
1618,2023-01-28,0 days 11:28:33,107,Orange Chicken,Asian,16.5
1618,2023-01-28,0 days 11:28:33,104,Veggie Burger,American,10.5
1618,2023-01-28,0 days 11:28:33,113,Edamame,Asian,5.0
1618,2023-01-28,0 days 11:28:33,120,Steak Torta,Mexican,13.95
1619,2023-01-28,0 days 11:36:34,101,Hamburger,American,12.95
1619,2023-01-28,0 days 11:36:34,108,Tofu Pad Thai,Asian,14.5
1620,2023-01-28,0 days 11:38:50,118,Steak Burrito,Mexican,14.95
1620,2023-01-28,0 days 11:38:50,122,Chips & Salsa,Mexican,7.0
1621,2023-01-28,0 days 11:43:54,107,Orange Chicken,Asian,16.5
1622,2023-01-28,0 days 11:49:42,115,Chicken Tacos,Mexican,11.95
1622,2023-01-28,0 days 11:49:42,122,Chips & Salsa,Mexican,7.0
1623,2023-01-28,0 days 11:50:41,117,Chicken Burrito,Mexican,12.95
1624,2023-01-28,0 days 11:55:46,102,Cheeseburger,American,13.95
1625,2023-01-28,0 days 11:58:42,117,Chicken Burrito,Mexican,12.95
1626,2023-01-28,0 days 12:04:16,109,Korean Beef Bowl,Asian,17.95
1627,2023-01-28,0 days 12:09:40,101,Hamburger,American,12.95
1628,2023-01-28,0 days 12:16:39,115,Chicken Tacos,Mexican,11.95
1628,2023-01-28,0 days 12:16:39,125,Spaghetti & Meatballs,Italian,17.95
1628,2023-01-28,0 days 12:16:39,131,Chicken Parmesan,Italian,17.95
1629,2023-01-28,0 days 12:17:09,108,Tofu Pad Thai,Asian,14.5
1629,2023-01-28,0 days 12:17:09,118,Steak Burrito,Mexican,14.95
1629,2023-01-28,0 days 12:17:09,106,French Fries,American,7.0
1630,2023-01-28,0 days 12:19:50,124,Spaghetti,Italian,14.5
1630,2023-01-28,0 days 12:19:50,126,Fettuccine Alfredo,Italian,14.5
1630,2023-01-28,0 days 12:19:50,113,Edamame,Asian,5.0
1631,2023-01-28,0 days 12:20:11,108,Tofu Pad Thai,Asian,14.5
1631,2023-01-28,0 days 12:20:11,132,Eggplant Parmesan,Italian,16.95
1632,2023-01-28,0 days 12:20:31,112,Salmon Roll,Asian,14.95
1632,2023-01-28,0 days 12:20:31,122,Chips & Salsa,Mexican,7.0
1632,2023-01-28,0 days 12:20:31,131,Chicken Parmesan,Italian,17.95
1633,2023-01-28,0 days 12:45:52,113,Edamame,Asian,5.0
1633,2023-01-28,0 days 12:45:52,120,Steak Torta,Mexican,13.95
1633,2023-01-28,0 days 12:45:52,130,Shrimp Scampi,Italian,19.95
1634,2023-01-28,0 days 12:47:43,126,Fettuccine Alfredo,Italian,14.5
1635,2023-01-28,0 days 13:07:37,107,Orange Chicken,Asian,16.5
1636,2023-01-28,0 days 13:07:52,132,Eggplant Parmesan,Italian,16.95
1637,2023-01-28,0 days 13:21:08,101,Hamburger,American,12.95
1637,2023-01-28,0 days 13:21:08,108,Tofu Pad Thai,Asian,14.5
1637,2023-01-28,0 days 13:21:08,120,Steak Torta,Mexican,13.95
1638,2023-01-28,0 days 13:34:25,110,Pork Ramen,Asian,17.95
1638,2023-01-28,0 days 13:34:25,129,Mushroom Ravioli,Italian,15.5
1638,2023-01-28,0 days 13:34:25,131,Chicken Parmesan,Italian,17.95
1639,2023-01-28,0 days 13:37:57,101,Hamburger,American,12.95
1639,2023-01-28,0 days 13:37:57,104,Veggie Burger,American,10.5
1639,2023-01-28,0 days 13:37:57,109,Korean Beef Bowl,Asian,17.95
1639,2023-01-28,0 days 13:37:57,109,Korean Beef Bowl,Asian,17.95
1639,2023-01-28,0 days 13:37:57,109,Korean Beef Bowl,Asian,17.95
1639,2023-01-28,0 days 13:37:57,118,Steak Burrito,Mexican,14.95
1639,2023-01-28,0 days 13:37:57,119,Chicken Torta,Mexican,11.95
1640,2023-01-28,0 days 13:45:42,131,Chicken Parmesan,Italian,17.95
1641,2023-01-28,0 days 14:21:48,108,Tofu Pad Thai,Asian,14.5
1641,2023-01-28,0 days 14:21:48,113,Edamame,Asian,5.0
1642,2023-01-28,0 days 14:26:49,102,Cheeseburger,American,13.95
1642,2023-01-28,0 days 14:26:49,108,Tofu Pad Thai,Asian,14.5
1642,2023-01-28,0 days 14:26:49,121,Cheese Quesadillas,Mexican,10.5
1642,2023-01-28,0 days 14:26:49,105,Mac & Cheese,American,7.0
1643,2023-01-28,0 days 14:46:45,102,Cheeseburger,American,13.95
1643,2023-01-28,0 days 14:46:45,103,Hot Dog,American,9.0
1643,2023-01-28,0 days 14:46:45,111,California Roll,Asian,11.95
1644,2023-01-28,0 days 15:01:14,101,Hamburger,American,12.95
1644,2023-01-28,0 days 15:01:14,101,Hamburger,American,12.95
1644,2023-01-28,0 days 15:01:14,108,Tofu Pad Thai,Asian,14.5
1645,2023-01-28,0 days 15:16:01,132,Eggplant Parmesan,Italian,16.95
1646,2023-01-28,0 days 15:28:30,101,Hamburger,American,12.95
1646,2023-01-28,0 days 15:28:30,110,Pork Ramen,Asian,17.95
1646,2023-01-28,0 days 15:28:30,111,California Roll,Asian,11.95
1647,2023-01-28,0 days 15:29:24,125,Spaghetti & Meatballs,Italian,17.95
1648,2023-01-28,0 days 15:43:15,117,Chicken Burrito,Mexican,12.95
1648,2023-01-28,0 days 15:43:15,129,Mushroom Ravioli,Italian,15.5
1648,2023-01-28,0 days 15:43:15,105,Mac & Cheese,American,7.0
1648,2023-01-28,0 days 15:43:15,122,Chips & Salsa,Mexican,7.0
1649,2023-01-28,0 days 16:26:11,116,Steak Tacos,Mexican,13.95
1650,2023-01-28,0 days 16:35:45,101,Hamburger,American,12.95
1650,2023-01-28,0 days 16:35:45,102,Cheeseburger,American,13.95
1650,2023-01-28,0 days 16:35:45,110,Pork Ramen,Asian,17.95
1650,2023-01-28,0 days 16:35:45,105,Mac & Cheese,American,7.0
1651,2023-01-28,0 days 16:40:16,127,Meat Lasagna,Italian,17.95
1652,2023-01-28,0 days 16:56:19,106,French Fries,American,7.0
1652,2023-01-28,0 days 16:56:19,132,Eggplant Parmesan,Italian,16.95
1653,2023-01-28,0 days 17:28:53,107,Orange Chicken,Asian,16.5
1653,2023-01-28,0 days 17:28:53,129,Mushroom Ravioli,Italian,15.5
1654,2023-01-28,0 days 17:31:36,120,Steak Torta,Mexican,13.95
1654,2023-01-28,0 days 17:31:36,122,Chips & Salsa,Mexican,7.0
1655,2023-01-28,0 days 18:15:14,101,Hamburger,American,12.95
1655,2023-01-28,0 days 18:15:14,121,Cheese Quesadillas,Mexican,10.5
1655,2023-01-28,0 days 18:15:14,122,Chips & Salsa,Mexican,7.0
1656,2023-01-28,0 days 18:15:57,109,Korean Beef Bowl,Asian,17.95
1656,2023-01-28,0 days 18:15:57,112,Salmon Roll,Asian,14.95
1656,2023-01-28,0 days 18:15:57,131,Chicken Parmesan,Italian,17.95
1656,2023-01-28,0 days 18:15:57,114,Potstickers,Asian,9.0
1657,2023-01-28,0 days 18:24:14,101,Hamburger,American,12.95
1657,2023-01-28,0 days 18:24:14,131,Chicken Parmesan,Italian,17.95
1658,2023-01-28,0 days 18:44:20,108,Tofu Pad Thai,Asian,14.5
1658,2023-01-28,0 days 18:44:20,121,Cheese Quesadillas,Mexican,10.5
1659,2023-01-28,0 days 18:48:06,124,Spaghetti,Italian,14.5
1659,2023-01-28,0 days 18:48:06,110,Pork Ramen,Asian,17.95
1659,2023-01-28,0 days 18:48:06,112,Salmon Roll,Asian,14.95
1659,2023-01-28,0 days 18:48:06,120,Steak Torta,Mexican,13.95
1660,2023-01-28,0 days 19:00:12,107,Orange Chicken,Asian,16.5
1661,2023-01-28,0 days 19:05:34,103,Hot Dog,American,9.0
1661,2023-01-28,0 days 19:05:34,111,California Roll,Asian,11.95
1662,2023-01-28,0 days 19:54:25,111,California Roll,Asian,11.95
1663,2023-01-28,0 days 20:46:18,127,Meat Lasagna,Italian,17.95
1663,2023-01-28,0 days 20:46:18,127,Meat Lasagna,Italian,17.95
1663,2023-01-28,0 days 20:46:18,120,Steak Torta,Mexican,13.95
1663,2023-01-28,0 days 20:46:18,106,French Fries,American,7.0
1664,2023-01-28,0 days 21:09:10,129,Mushroom Ravioli,Italian,15.5
1665,2023-01-28,0 days 21:24:32,120,Steak Torta,Mexican,13.95
1665,2023-01-28,0 days 21:24:32,106,French Fries,American,7.0
1666,2023-01-28,0 days 21:28:58,120,Steak Torta,Mexican,13.95
1667,2023-01-28,0 days 21:41:42,111,California Roll,Asian,11.95
1668,2023-01-28,0 days 22:28:44,107,Orange Chicken,Asian,16.5
1668,2023-01-28,0 days 22:28:44,109,Korean Beef Bowl,Asian,17.95
1668,2023-01-28,0 days 22:28:44,113,Edamame,Asian,5.0
1669,2023-01-29,0 days 11:43:36,104,Veggie Burger,American,10.5
1670,2023-01-29,0 days 11:52:11,124,Spaghetti,Italian,14.5
1670,2023-01-29,0 days 11:52:11,105,Mac & Cheese,American,7.0
1670,2023-01-29,0 days 11:52:11,122,Chips & Salsa,Mexican,7.0
1670,2023-01-29,0 days 11:52:11,132,Eggplant Parmesan,Italian,16.95
1671,2023-01-29,0 days 11:55:01,101,Hamburger,American,12.95
1671,2023-01-29,0 days 11:55:01,102,Cheeseburger,American,13.95
1672,2023-01-29,0 days 12:14:46,130,Shrimp Scampi,Italian,19.95
1673,2023-01-29,0 days 12:19:02,129,Mushroom Ravioli,Italian,15.5
1674,2023-01-29,0 days 12:26:17,124,Spaghetti,Italian,14.5
1675,2023-01-29,0 days 12:26:53,109,Korean Beef Bowl,Asian,17.95
1675,2023-01-29,0 days 12:26:53,113,Edamame,Asian,5.0
1675,2023-01-29,0 days 12:26:53,120,Steak Torta,Mexican,13.95
1675,2023-01-29,0 days 12:26:53,122,Chips & Salsa,Mexican,7.0
1676,2023-01-29,0 days 12:39:31,125,Spaghetti & Meatballs,Italian,17.95
1677,2023-01-29,0 days 12:45:39,104,Veggie Burger,American,10.5
1678,2023-01-29,0 days 13:06:51,113,Edamame,Asian,5.0
1679,2023-01-29,0 days 13:08:52,116,Steak Tacos,Mexican,13.95
1681,2023-01-29,0 days 13:23:39,101,Hamburger,American,12.95
1681,2023-01-29,0 days 13:23:39,102,Cheeseburger,American,13.95
1682,2023-01-29,0 days 13:27:10,101,Hamburger,American,12.95
1682,2023-01-29,0 days 13:27:10,113,Edamame,Asian,5.0
1683,2023-01-29,0 days 13:27:41,129,Mushroom Ravioli,Italian,15.5
1684,2023-01-29,0 days 13:33:16,101,Hamburger,American,12.95
1684,2023-01-29,0 days 13:33:16,107,Orange Chicken,Asian,16.5
1684,2023-01-29,0 days 13:33:16,113,Edamame,Asian,5.0
1684,2023-01-29,0 days 13:33:16,120,Steak Torta,Mexican,13.95
1684,2023-01-29,0 days 13:33:16,121,Cheese Quesadillas,Mexican,10.5
1684,2023-01-29,0 days 13:33:16,106,French Fries,American,7.0
1685,2023-01-29,0 days 13:36:52,101,Hamburger,American,12.95
1685,2023-01-29,0 days 13:36:52,102,Cheeseburger,American,13.95
1685,2023-01-29,0 days 13:36:52,124,Spaghetti,Italian,14.5
1685,2023-01-29,0 days 13:36:52,110,Pork Ramen,Asian,17.95
1685,2023-01-29,0 days 13:36:52,117,Chicken Burrito,Mexican,12.95
1685,2023-01-29,0 days 13:36:52,128,Cheese Lasagna,Italian,15.5
1685,2023-01-29,0 days 13:36:52,128,Cheese Lasagna,Italian,15.5
1685,2023-01-29,0 days 13:36:52,111,California Roll,Asian,11.95
1685,2023-01-29,0 days 13:36:52,118,Steak Burrito,Mexican,14.95
1685,2023-01-29,0 days 13:36:52,120,Steak Torta,Mexican,13.95
1685,2023-01-29,0 days 13:36:52,120,Steak Torta,Mexican,13.95
1685,2023-01-29,0 days 13:36:52,105,Mac & Cheese,American,7.0
1685,2023-01-29,0 days 13:36:52,106,French Fries,American,7.0
1686,2023-01-29,0 days 13:37:50,124,Spaghetti,Italian,14.5
1686,2023-01-29,0 days 13:37:50,110,Pork Ramen,Asian,17.95
1686,2023-01-29,0 days 13:37:50,119,Chicken Torta,Mexican,11.95
1686,2023-01-29,0 days 13:37:50,132,Eggplant Parmesan,Italian,16.95
1687,2023-01-29,0 days 13:39:42,118,Steak Burrito,Mexican,14.95
1687,2023-01-29,0 days 13:39:42,106,French Fries,American,7.0
1688,2023-01-29,0 days 13:42:20,113,Edamame,Asian,5.0
1689,2023-01-29,0 days 13:51:07,131,Chicken Parmesan,Italian,17.95
1690,2023-01-29,0 days 13:55:35,125,Spaghetti & Meatballs,Italian,17.95
1691,2023-01-29,0 days 14:13:32,110,Pork Ramen,Asian,17.95
1692,2023-01-29,0 days 14:24:36,127,Meat Lasagna,Italian,17.95
1693,2023-01-29,0 days 14:28:24,127,Meat Lasagna,Italian,17.95
1694,2023-01-29,0 days 14:39:52,102,Cheeseburger,American,13.95
1695,2023-01-29,0 days 15:11:01,120,Steak Torta,Mexican,13.95
1695,2023-01-29,0 days 15:11:01,106,French Fries,American,7.0
1696,2023-01-29,0 days 15:26:55,101,Hamburger,American,12.95
1696,2023-01-29,0 days 15:26:55,129,Mushroom Ravioli,Italian,15.5
1697,2023-01-29,0 days 16:01:52,108,Tofu Pad Thai,Asian,14.5
1697,2023-01-29,0 days 16:01:52,119,Chicken Torta,Mexican,11.95
1698,2023-01-29,0 days 16:04:23,117,Chicken Burrito,Mexican,12.95
1698,2023-01-29,0 days 16:04:23,119,Chicken Torta,Mexican,11.95
1698,2023-01-29,0 days 16:04:23,120,Steak Torta,Mexican,13.95
1699,2023-01-29,0 days 16:05:53,105,Mac & Cheese,American,7.0
1700,2023-01-29,0 days 16:07:41,116,Steak Tacos,Mexican,13.95
1701,2023-01-29,0 days 16:40:57,111,California Roll,Asian,11.95
1702,2023-01-29,0 days 16:48:09,104,Veggie Burger,American,10.5
1703,2023-01-29,0 days 17:47:55,101,Hamburger,American,12.95
1703,2023-01-29,0 days 17:47:55,119,Chicken Torta,Mexican,11.95
1704,2023-01-29,0 days 18:15:40,103,Hot Dog,American,9.0
1704,2023-01-29,0 days 18:15:40,117,Chicken Burrito,Mexican,12.95
1704,2023-01-29,0 days 18:15:40,121,Cheese Quesadillas,Mexican,10.5
1704,2023-01-29,0 days 18:15:40,132,Eggplant Parmesan,Italian,16.95
1705,2023-01-29,0 days 18:38:41,110,Pork Ramen,Asian,17.95
1705,2023-01-29,0 days 18:38:41,129,Mushroom Ravioli,Italian,15.5
1706,2023-01-29,0 days 18:44:29,129,Mushroom Ravioli,Italian,15.5
1707,2023-01-29,0 days 18:45:58,110,Pork Ramen,Asian,17.95
1707,2023-01-29,0 days 18:45:58,113,Edamame,Asian,5.0
1708,2023-01-29,0 days 18:53:35,117,Chicken Burrito,Mexican,12.95
1709,2023-01-29,0 days 18:55:40,101,Hamburger,American,12.95
1709,2023-01-29,0 days 18:55:40,118,Steak Burrito,Mexican,14.95
1710,2023-01-29,0 days 18:58:20,102,Cheeseburger,American,13.95
1710,2023-01-29,0 days 18:58:20,125,Spaghetti & Meatballs,Italian,17.95
1710,2023-01-29,0 days 18:58:20,109,Korean Beef Bowl,Asian,17.95
1711,2023-01-29,0 days 18:59:29,125,Spaghetti & Meatballs,Italian,17.95
1712,2023-01-29,0 days 19:23:49,102,Cheeseburger,American,13.95
1712,2023-01-29,0 days 19:23:49,117,Chicken Burrito,Mexican,12.95
1713,2023-01-29,0 days 19:32:08,127,Meat Lasagna,Italian,17.95
1714,2023-01-29,0 days 19:34:31,112,Salmon Roll,Asian,14.95
1715,2023-01-29,0 days 19:36:45,124,Spaghetti,Italian,14.5
1715,2023-01-29,0 days 19:36:45,109,Korean Beef Bowl,Asian,17.95
1715,2023-01-29,0 days 19:36:45,113,Edamame,Asian,5.0
1715,2023-01-29,0 days 19:36:45,132,Eggplant Parmesan,Italian,16.95
1716,2023-01-29,0 days 20:05:12,112,Salmon Roll,Asian,14.95
1716,2023-01-29,0 days 20:05:12,113,Edamame,Asian,5.0
1717,2023-01-29,0 days 20:15:35,124,Spaghetti,Italian,14.5
1718,2023-01-29,0 days 20:15:51,102,Cheeseburger,American,13.95
1718,2023-01-29,0 days 20:15:51,119,Chicken Torta,Mexican,11.95
1718,2023-01-29,0 days 20:15:51,122,Chips & Salsa,Mexican,7.0
1718,2023-01-29,0 days 20:15:51,130,Shrimp Scampi,Italian,19.95
1719,2023-01-29,0 days 20:23:41,105,Mac & Cheese,American,7.0
1720,2023-01-29,0 days 20:37:53,129,Mushroom Ravioli,Italian,15.5
1720,2023-01-29,0 days 20:37:53,114,Potstickers,Asian,9.0
1721,2023-01-29,0 days 20:38:52,101,Hamburger,American,12.95
1721,2023-01-29,0 days 20:38:52,106,French Fries,American,7.0
1722,2023-01-29,0 days 20:41:46,104,Veggie Burger,American,10.5
1723,2023-01-29,0 days 20:50:55,115,Chicken Tacos,Mexican,11.95
1724,2023-01-29,0 days 21:04:42,122,Chips & Salsa,Mexican,7.0
1725,2023-01-29,0 days 21:27:53,109,Korean Beef Bowl,Asian,17.95
1725,2023-01-29,0 days 21:27:53,130,Shrimp Scampi,Italian,19.95
1726,2023-01-29,0 days 22:44:10,108,Tofu Pad Thai,Asian,14.5
1726,2023-01-29,0 days 22:44:10,112,Salmon Roll,Asian,14.95
1727,2023-01-30,0 days 11:25:25,113,Edamame,Asian,5.0
1727,2023-01-30,0 days 11:25:25,106,French Fries,American,7.0
1728,2023-01-30,0 days 11:30:32,129,Mushroom Ravioli,Italian,15.5
1728,2023-01-30,0 days 11:30:32,119,Chicken Torta,Mexican,11.95
1729,2023-01-30,0 days 11:37:42,108,Tofu Pad Thai,Asian,14.5
1730,2023-01-30,0 days 11:39:14,109,Korean Beef Bowl,Asian,17.95
1730,2023-01-30,0 days 11:39:14,117,Chicken Burrito,Mexican,12.95
1730,2023-01-30,0 days 11:39:14,119,Chicken Torta,Mexican,11.95
1731,2023-01-30,0 days 12:17:29,120,Steak Torta,Mexican,13.95
1732,2023-01-30,0 days 12:20:46,101,Hamburger,American,12.95
1732,2023-01-30,0 days 12:20:46,107,Orange Chicken,Asian,16.5
1732,2023-01-30,0 days 12:20:46,119,Chicken Torta,Mexican,11.95
1733,2023-01-30,0 days 12:26:56,110,Pork Ramen,Asian,17.95
1734,2023-01-30,0 days 12:36:42,101,Hamburger,American,12.95
1734,2023-01-30,0 days 12:36:42,107,Orange Chicken,Asian,16.5
1734,2023-01-30,0 days 12:36:42,102,Cheeseburger,American,13.95
1734,2023-01-30,0 days 12:36:42,103,Hot Dog,American,9.0
1734,2023-01-30,0 days 12:36:42,104,Veggie Burger,American,10.5
1734,2023-01-30,0 days 12:36:42,108,Tofu Pad Thai,Asian,14.5
1734,2023-01-30,0 days 12:36:42,125,Spaghetti & Meatballs,Italian,17.95
1734,2023-01-30,0 days 12:36:42,117,Chicken Burrito,Mexican,12.95
1734,2023-01-30,0 days 12:36:42,129,Mushroom Ravioli,Italian,15.5
1734,2023-01-30,0 days 12:36:42,120,Steak Torta,Mexican,13.95
1734,2023-01-30,0 days 12:36:42,122,Chips & Salsa,Mexican,7.0
1734,2023-01-30,0 days 12:36:42,106,French Fries,American,7.0
1734,2023-01-30,0 days 12:36:42,106,French Fries,American,7.0
1735,2023-01-30,0 days 12:59:38,102,Cheeseburger,American,13.95
1736,2023-01-30,0 days 13:34:18,113,Edamame,Asian,5.0
1737,2023-01-30,0 days 13:41:21,116,Steak Tacos,Mexican,13.95
1737,2023-01-30,0 days 13:41:21,103,Hot Dog,American,9.0
1737,2023-01-30,0 days 13:41:21,104,Veggie Burger,American,10.5
1738,2023-01-30,0 days 13:46:49,101,Hamburger,American,12.95
1738,2023-01-30,0 days 13:46:49,109,Korean Beef Bowl,Asian,17.95
1738,2023-01-30,0 days 13:46:49,117,Chicken Burrito,Mexican,12.95
1738,2023-01-30,0 days 13:46:49,127,Meat Lasagna,Italian,17.95
1739,2023-01-30,0 days 13:49:56,101,Hamburger,American,12.95
1739,2023-01-30,0 days 13:49:56,101,Hamburger,American,12.95
1740,2023-01-30,0 days 14:14:17,103,Hot Dog,American,9.0
1741,2023-01-30,0 days 14:19:34,120,Steak Torta,Mexican,13.95
1742,2023-01-30,0 days 14:23:30,124,Spaghetti,Italian,14.5
1743,2023-01-30,0 days 14:25:35,121,Cheese Quesadillas,Mexican,10.5
1744,2023-01-30,0 days 14:26:51,101,Hamburger,American,12.95
1744,2023-01-30,0 days 14:26:51,108,Tofu Pad Thai,Asian,14.5
1744,2023-01-30,0 days 14:26:51,118,Steak Burrito,Mexican,14.95
1745,2023-01-30,0 days 14:43:16,115,Chicken Tacos,Mexican,11.95
1745,2023-01-30,0 days 14:43:16,108,Tofu Pad Thai,Asian,14.5
1745,2023-01-30,0 days 14:43:16,126,Fettuccine Alfredo,Italian,14.5
1745,2023-01-30,0 days 14:43:16,123,Chips & Guacamole,Mexican,9.0
1746,2023-01-30,0 days 15:07:16,108,Tofu Pad Thai,Asian,14.5
1747,2023-01-30,0 days 15:17:51,113,Edamame,Asian,5.0
1748,2023-01-30,0 days 15:32:57,102,Cheeseburger,American,13.95
1749,2023-01-30,0 days 16:02:56,130,Shrimp Scampi,Italian,19.95
1749,2023-01-30,0 days 16:02:56,123,Chips & Guacamole,Mexican,9.0
1750,2023-01-30,0 days 16:12:42,101,Hamburger,American,12.95
1750,2023-01-30,0 days 16:12:42,128,Cheese Lasagna,Italian,15.5
1751,2023-01-30,0 days 16:49:58,102,Cheeseburger,American,13.95
1751,2023-01-30,0 days 16:49:58,125,Spaghetti & Meatballs,Italian,17.95
1752,2023-01-30,0 days 16:51:01,127,Meat Lasagna,Italian,17.95
1752,2023-01-30,0 days 16:51:01,122,Chips & Salsa,Mexican,7.0
1753,2023-01-30,0 days 16:53:40,102,Cheeseburger,American,13.95
1753,2023-01-30,0 days 16:53:40,123,Chips & Guacamole,Mexican,9.0
1754,2023-01-30,0 days 17:11:32,101,Hamburger,American,12.95
1754,2023-01-30,0 days 17:11:32,103,Hot Dog,American,9.0
1754,2023-01-30,0 days 17:11:32,127,Meat Lasagna,Italian,17.95
1754,2023-01-30,0 days 17:11:32,105,Mac & Cheese,American,7.0
1755,2023-01-30,0 days 17:22:31,109,Korean Beef Bowl,Asian,17.95
1755,2023-01-30,0 days 17:22:31,114,Potstickers,Asian,9.0
1756,2023-01-30,0 days 17:30:17,128,Cheese Lasagna,Italian,15.5
1757,2023-01-30,0 days 17:32:30,108,Tofu Pad Thai,Asian,14.5
1757,2023-01-30,0 days 17:32:30,110,Pork Ramen,Asian,17.95
1758,2023-01-30,0 days 17:38:25,105,Mac & Cheese,American,7.0
1758,2023-01-30,0 days 17:38:25,132,Eggplant Parmesan,Italian,16.95
1759,2023-01-30,0 days 17:49:25,117,Chicken Burrito,Mexican,12.95
1759,2023-01-30,0 days 17:49:25,129,Mushroom Ravioli,Italian,15.5
1759,2023-01-30,0 days 17:49:25,119,Chicken Torta,Mexican,11.95
1759,2023-01-30,0 days 17:49:25,131,Chicken Parmesan,Italian,17.95
1760,2023-01-30,0 days 18:00:46,126,Fettuccine Alfredo,Italian,14.5
1761,2023-01-30,0 days 18:02:30,108,Tofu Pad Thai,Asian,14.5
1762,2023-01-30,0 days 18:14:18,110,Pork Ramen,Asian,17.95
1763,2023-01-30,0 days 18:24:28,125,Spaghetti & Meatballs,Italian,17.95
1764,2023-01-30,0 days 18:24:57,127,Meat Lasagna,Italian,17.95
1764,2023-01-30,0 days 18:24:57,121,Cheese Quesadillas,Mexican,10.5
1764,2023-01-30,0 days 18:24:57,130,Shrimp Scampi,Italian,19.95
1765,2023-01-30,0 days 18:32:30,127,Meat Lasagna,Italian,17.95
1765,2023-01-30,0 days 18:32:30,129,Mushroom Ravioli,Italian,15.5
1766,2023-01-30,0 days 18:50:13,129,Mushroom Ravioli,Italian,15.5
1767,2023-01-30,0 days 19:03:49,102,Cheeseburger,American,13.95
1767,2023-01-30,0 days 19:03:49,108,Tofu Pad Thai,Asian,14.5
1767,2023-01-30,0 days 19:03:49,124,Spaghetti,Italian,14.5
1767,2023-01-30,0 days 19:03:49,117,Chicken Burrito,Mexican,12.95
1768,2023-01-30,0 days 19:28:42,103,Hot Dog,American,9.0
1769,2023-01-30,0 days 19:28:51,109,Korean Beef Bowl,Asian,17.95
1769,2023-01-30,0 days 19:28:51,119,Chicken Torta,Mexican,11.95
1770,2023-01-30,0 days 19:31:17,103,Hot Dog,American,9.0
1771,2023-01-30,0 days 19:46:17,108,Tofu Pad Thai,Asian,14.5
1771,2023-01-30,0 days 19:46:17,131,Chicken Parmesan,Italian,17.95
1772,2023-01-30,0 days 19:57:11,127,Meat Lasagna,Italian,17.95
1773,2023-01-30,0 days 20:06:40,107,Orange Chicken,Asian,16.5
1773,2023-01-30,0 days 20:06:40,108,Tofu Pad Thai,Asian,14.5
1773,2023-01-30,0 days 20:06:40,123,Chips & Guacamole,Mexican,9.0
1773,2023-01-30,0 days 20:06:40,106,French Fries,American,7.0
1774,2023-01-30,0 days 20:07:05,119,Chicken Torta,Mexican,11.95
1775,2023-01-30,0 days 20:07:17,118,Steak Burrito,Mexican,14.95
1776,2023-01-30,0 days 20:09:16,125,Spaghetti & Meatballs,Italian,17.95
1776,2023-01-30,0 days 20:09:16,130,Shrimp Scampi,Italian,19.95
1776,2023-01-30,0 days 20:09:16,106,French Fries,American,7.0
1777,2023-01-30,0 days 20:11:18,120,Steak Torta,Mexican,13.95
1778,2023-01-30,0 days 20:26:02,109,Korean Beef Bowl,Asian,17.95
1779,2023-01-30,0 days 20:27:12,116,Steak Tacos,Mexican,13.95
1780,2023-01-30,0 days 20:54:47,118,Steak Burrito,Mexican,14.95
1781,2023-01-30,0 days 21:05:03,101,Hamburger,American,12.95
1781,2023-01-30,0 days 21:05:03,116,Steak Tacos,Mexican,13.95
1782,2023-01-30,0 days 21:05:29,101,Hamburger,American,12.95
1782,2023-01-30,0 days 21:05:29,111,California Roll,Asian,11.95
1783,2023-01-30,0 days 21:05:39,125,Spaghetti & Meatballs,Italian,17.95
1784,2023-01-30,0 days 21:06:05,108,Tofu Pad Thai,Asian,14.5
1784,2023-01-30,0 days 21:06:05,125,Spaghetti & Meatballs,Italian,17.95
1784,2023-01-30,0 days 21:06:05,127,Meat Lasagna,Italian,17.95
1784,2023-01-30,0 days 21:06:05,122,Chips & Salsa,Mexican,7.0
1785,2023-01-30,0 days 21:08:02,108,Tofu Pad Thai,Asian,14.5
1785,2023-01-30,0 days 21:08:02,124,Spaghetti,Italian,14.5
1786,2023-01-30,0 days 21:20:25,102,Cheeseburger,American,13.95
1786,2023-01-30,0 days 21:20:25,114,Potstickers,Asian,9.0
1787,2023-01-30,0 days 21:25:54,110,Pork Ramen,Asian,17.95
1787,2023-01-30,0 days 21:25:54,113,Edamame,Asian,5.0
1787,2023-01-30,0 days 21:25:54,132,Eggplant Parmesan,Italian,16.95
1788,2023-01-30,0 days 21:35:08,118,Steak Burrito,Mexican,14.95
1788,2023-01-30,0 days 21:35:08,123,Chips & Guacamole,Mexican,9.0
1789,2023-01-30,0 days 21:49:27,125,Spaghetti & Meatballs,Italian,17.95
1789,2023-01-30,0 days 21:49:27,120,Steak Torta,Mexican,13.95
1789,2023-01-30,0 days 21:49:27,123,Chips & Guacamole,Mexican,9.0
1790,2023-01-30,0 days 22:07:03,122,Chips & Salsa,Mexican,7.0
1791,2023-01-30,0 days 22:46:02,102,Cheeseburger,American,13.95
1791,2023-01-30,0 days 22:46:02,125,Spaghetti & Meatballs,Italian,17.95
1791,2023-01-30,0 days 22:46:02,112,Salmon Roll,Asian,14.95
1791,2023-01-30,0 days 22:46:02,106,French Fries,American,7.0
1792,2023-01-31,0 days 11:31:03,129,Mushroom Ravioli,Italian,15.5
1792,2023-01-31,0 days 11:31:03,123,Chips & Guacamole,Mexican,9.0
1793,2023-01-31,0 days 11:44:04,125,Spaghetti & Meatballs,Italian,17.95
1793,2023-01-31,0 days 11:44:04,118,Steak Burrito,Mexican,14.95
1793,2023-01-31,0 days 11:44:04,132,Eggplant Parmesan,Italian,16.95
1794,2023-01-31,0 days 11:56:54,102,Cheeseburger,American,13.95
1795,2023-01-31,0 days 13:21:53,101,Hamburger,American,12.95
1795,2023-01-31,0 days 13:21:53,101,Hamburger,American,12.95
1795,2023-01-31,0 days 13:21:53,116,Steak Tacos,Mexican,13.95
1795,2023-01-31,0 days 13:21:53,104,Veggie Burger,American,10.5
1795,2023-01-31,0 days 13:21:53,108,Tofu Pad Thai,Asian,14.5
1795,2023-01-31,0 days 13:21:53,125,Spaghetti & Meatballs,Italian,17.95
1795,2023-01-31,0 days 13:21:53,129,Mushroom Ravioli,Italian,15.5
1795,2023-01-31,0 days 13:21:53,120,Steak Torta,Mexican,13.95
1795,2023-01-31,0 days 13:21:53,121,Cheese Quesadillas,Mexican,10.5
1795,2023-01-31,0 days 13:21:53,122,Chips & Salsa,Mexican,7.0
1795,2023-01-31,0 days 13:21:53,122,Chips & Salsa,Mexican,7.0
1796,2023-01-31,0 days 13:31:47,102,Cheeseburger,American,13.95
1796,2023-01-31,0 days 13:31:47,125,Spaghetti & Meatballs,Italian,17.95
1796,2023-01-31,0 days 13:31:47,110,Pork Ramen,Asian,17.95
1796,2023-01-31,0 days 13:31:47,111,California Roll,Asian,11.95
1796,2023-01-31,0 days 13:31:47,118,Steak Burrito,Mexican,14.95
1796,2023-01-31,0 days 13:31:47,121,Cheese Quesadillas,Mexican,10.5
1797,2023-01-31,0 days 13:40:00,111,California Roll,Asian,11.95
1797,2023-01-31,0 days 13:40:00,106,French Fries,American,7.0
1798,2023-01-31,0 days 14:03:30,104,Veggie Burger,American,10.5
1799,2023-01-31,0 days 14:07:32,118,Steak Burrito,Mexican,14.95
1800,2023-01-31,0 days 14:17:39,123,Chips & Guacamole,Mexican,9.0
1801,2023-01-31,0 days 14:37:52,102,Cheeseburger,American,13.95
1801,2023-01-31,0 days 14:37:52,110,Pork Ramen,Asian,17.95
1801,2023-01-31,0 days 14:37:52,117,Chicken Burrito,Mexican,12.95
1801,2023-01-31,0 days 14:37:52,120,Steak Torta,Mexican,13.95
1802,2023-01-31,0 days 14:55:20,115,Chicken Tacos,Mexican,11.95
1802,2023-01-31,0 days 14:55:20,110,Pork Ramen,Asian,17.95
1802,2023-01-31,0 days 14:55:20,106,French Fries,American,7.0
1802,2023-01-31,0 days 14:55:20,132,Eggplant Parmesan,Italian,16.95
1803,2023-01-31,0 days 15:12:38,110,Pork Ramen,Asian,17.95
1803,2023-01-31,0 days 15:12:38,127,Meat Lasagna,Italian,17.95
1803,2023-01-31,0 days 15:12:38,132,Eggplant Parmesan,Italian,16.95
1804,2023-01-31,0 days 15:44:13,116,Steak Tacos,Mexican,13.95
1804,2023-01-31,0 days 15:44:13,125,Spaghetti & Meatballs,Italian,17.95
1805,2023-01-31,0 days 16:01:42,109,Korean Beef Bowl,Asian,17.95
1805,2023-01-31,0 days 16:01:42,123,Chips & Guacamole,Mexican,9.0
1806,2023-01-31,0 days 16:02:17,109,Korean Beef Bowl,Asian,17.95
1806,2023-01-31,0 days 16:02:17,111,California Roll,Asian,11.95
1806,2023-01-31,0 days 16:02:17,113,Edamame,Asian,5.0
1807,2023-01-31,0 days 16:07:02,107,Orange Chicken,Asian,16.5
1807,2023-01-31,0 days 16:07:02,126,Fettuccine Alfredo,Italian,14.5
1807,2023-01-31,0 days 16:07:02,131,Chicken Parmesan,Italian,17.95
1808,2023-01-31,0 days 16:07:49,107,Orange Chicken,Asian,16.5
1808,2023-01-31,0 days 16:07:49,132,Eggplant Parmesan,Italian,16.95
1809,2023-01-31,0 days 16:13:08,124,Spaghetti,Italian,14.5
1809,2023-01-31,0 days 16:13:08,120,Steak Torta,Mexican,13.95
1810,2023-01-31,0 days 16:16:19,108,Tofu Pad Thai,Asian,14.5
1811,2023-01-31,0 days 16:23:44,126,Fettuccine Alfredo,Italian,14.5
1811,2023-01-31,0 days 16:23:44,109,Korean Beef Bowl,Asian,17.95
1811,2023-01-31,0 days 16:23:44,118,Steak Burrito,Mexican,14.95
1812,2023-01-31,0 days 17:13:55,108,Tofu Pad Thai,Asian,14.5
1812,2023-01-31,0 days 17:13:55,132,Eggplant Parmesan,Italian,16.95
1813,2023-01-31,0 days 17:21:03,124,Spaghetti,Italian,14.5
1813,2023-01-31,0 days 17:21:03,132,Eggplant Parmesan,Italian,16.95
1814,2023-01-31,0 days 17:24:47,107,Orange Chicken,Asian,16.5
1814,2023-01-31,0 days 17:24:47,103,Hot Dog,American,9.0
1814,2023-01-31,0 days 17:24:47,120,Steak Torta,Mexican,13.95
1815,2023-01-31,0 days 17:33:56,107,Orange Chicken,Asian,16.5
1815,2023-01-31,0 days 17:33:56,109,Korean Beef Bowl,Asian,17.95
1815,2023-01-31,0 days 17:33:56,110,Pork Ramen,Asian,17.95
1816,2023-01-31,0 days 17:59:29,125,Spaghetti & Meatballs,Italian,17.95
1816,2023-01-31,0 days 17:59:29,109,Korean Beef Bowl,Asian,17.95
1816,2023-01-31,0 days 17:59:29,122,Chips & Salsa,Mexican,7.0
1817,2023-01-31,0 days 18:05:04,107,Orange Chicken,Asian,16.5
1817,2023-01-31,0 days 18:05:04,118,Steak Burrito,Mexican,14.95
1817,2023-01-31,0 days 18:05:04,120,Steak Torta,Mexican,13.95
1818,2023-01-31,0 days 18:05:33,111,California Roll,Asian,11.95
1818,2023-01-31,0 days 18:05:33,120,Steak Torta,Mexican,13.95
1819,2023-01-31,0 days 18:06:26,101,Hamburger,American,12.95
1819,2023-01-31,0 days 18:06:26,113,Edamame,Asian,5.0
1819,2023-01-31,0 days 18:06:26,132,Eggplant Parmesan,Italian,16.95
1820,2023-01-31,0 days 18:13:57,102,Cheeseburger,American,13.95
1820,2023-01-31,0 days 18:13:57,125,Spaghetti & Meatballs,Italian,17.95
1820,2023-01-31,0 days 18:13:57,111,California Roll,Asian,11.95
1821,2023-01-31,0 days 18:14:53,103,Hot Dog,American,9.0
1821,2023-01-31,0 days 18:14:53,131,Chicken Parmesan,Italian,17.95
1822,2023-01-31,0 days 18:17:53,116,Steak Tacos,Mexican,13.95
1822,2023-01-31,0 days 18:17:53,117,Chicken Burrito,Mexican,12.95
1823,2023-01-31,0 days 18:19:33,102,Cheeseburger,American,13.95
1824,2023-01-31,0 days 18:20:38,107,Orange Chicken,Asian,16.5
1824,2023-01-31,0 days 18:20:38,105,Mac & Cheese,American,7.0
1825,2023-01-31,0 days 18:22:51,108,Tofu Pad Thai,Asian,14.5
1825,2023-01-31,0 days 18:22:51,124,Spaghetti,Italian,14.5
1825,2023-01-31,0 days 18:22:51,120,Steak Torta,Mexican,13.95
1826,2023-01-31,0 days 18:33:05,125,Spaghetti & Meatballs,Italian,17.95
1826,2023-01-31,0 days 18:33:05,119,Chicken Torta,Mexican,11.95
1826,2023-01-31,0 days 18:33:05,119,Chicken Torta,Mexican,11.95
1826,2023-01-31,0 days 18:33:05,114,Potstickers,Asian,9.0
1827,2023-01-31,0 days 18:56:22,117,Chicken Burrito,Mexican,12.95
1827,2023-01-31,0 days 18:56:22,129,Mushroom Ravioli,Italian,15.5
1827,2023-01-31,0 days 18:56:22,121,Cheese Quesadillas,Mexican,10.5
1828,2023-01-31,0 days 19:12:25,113,Edamame,Asian,5.0
1828,2023-01-31,0 days 19:12:25,123,Chips & Guacamole,Mexican,9.0
1828,2023-01-31,0 days 19:12:25,106,French Fries,American,7.0
1829,2023-01-31,0 days 19:15:50,102,Cheeseburger,American,13.95
1829,2023-01-31,0 days 19:15:50,112,Salmon Roll,Asian,14.95
1829,2023-01-31,0 days 19:15:50,106,French Fries,American,7.0
1829,2023-01-31,0 days 19:15:50,114,Potstickers,Asian,9.0
1830,2023-01-31,0 days 19:23:54,120,Steak Torta,Mexican,13.95
1831,2023-01-31,0 days 20:02:14,120,Steak Torta,Mexican,13.95
1832,2023-01-31,0 days 20:08:22,111,California Roll,Asian,11.95
1833,2023-01-31,0 days 20:11:10,102,Cheeseburger,American,13.95
1833,2023-01-31,0 days 20:11:10,129,Mushroom Ravioli,Italian,15.5
1834,2023-01-31,0 days 20:26:06,117,Chicken Burrito,Mexican,12.95
1834,2023-01-31,0 days 20:26:06,119,Chicken Torta,Mexican,11.95
1835,2023-01-31,0 days 20:28:11,102,Cheeseburger,American,13.95
1835,2023-01-31,0 days 20:28:11,109,Korean Beef Bowl,Asian,17.95
1835,2023-01-31,0 days 20:28:11,127,Meat Lasagna,Italian,17.95
1835,2023-01-31,0 days 20:28:11,112,Salmon Roll,Asian,14.95
1836,2023-01-31,0 days 20:46:18,132,Eggplant Parmesan,Italian,16.95
1837,2023-01-31,0 days 20:56:35,101,Hamburger,American,12.95
1837,2023-01-31,0 days 20:56:35,110,Pork Ramen,Asian,17.95
1837,2023-01-31,0 days 20:56:35,128,Cheese Lasagna,Italian,15.5
1837,2023-01-31,0 days 20:56:35,132,Eggplant Parmesan,Italian,16.95
1838,2023-01-31,0 days 20:56:38,125,Spaghetti & Meatballs,Italian,17.95
1838,2023-01-31,0 days 20:56:38,110,Pork Ramen,Asian,17.95
1838,2023-01-31,0 days 20:56:38,105,Mac & Cheese,American,7.0
1839,2023-01-31,0 days 20:58:38,122,Chips & Salsa,Mexican,7.0
1840,2023-01-31,0 days 21:01:00,107,Orange Chicken,Asian,16.5
1840,2023-01-31,0 days 21:01:00,108,Tofu Pad Thai,Asian,14.5
1840,2023-01-31,0 days 21:01:00,109,Korean Beef Bowl,Asian,17.95
1840,2023-01-31,0 days 21:01:00,117,Chicken Burrito,Mexican,12.95
1841,2023-01-31,0 days 21:01:18,121,Cheese Quesadillas,Mexican,10.5
1841,2023-01-31,0 days 21:01:18,122,Chips & Salsa,Mexican,7.0
1842,2023-01-31,0 days 21:07:17,111,California Roll,Asian,11.95
1842,2023-01-31,0 days 21:07:17,113,Edamame,Asian,5.0
1843,2023-01-31,0 days 21:28:07,107,Orange Chicken,Asian,16.5
1843,2023-01-31,0 days 21:28:07,113,Edamame,Asian,5.0
1844,2023-01-31,0 days 22:09:40,112,Salmon Roll,Asian,14.95
1844,2023-01-31,0 days 22:09:40,123,Chips & Guacamole,Mexican,9.0
1845,2023-01-31,0 days 22:43:07,127,Meat Lasagna,Italian,17.95
1845,2023-01-31,0 days 22:43:07,118,Steak Burrito,Mexican,14.95
1845,2023-01-31,0 days 22:43:07,121,Cheese Quesadillas,Mexican,10.5
1845,2023-01-31,0 days 22:43:07,132,Eggplant Parmesan,Italian,16.95
1846,2023-02-01,0 days 11:32:07,107,Orange Chicken,Asian,16.5
1847,2023-02-01,0 days 11:36:27,108,Tofu Pad Thai,Asian,14.5
1848,2023-02-01,0 days 11:40:46,108,Tofu Pad Thai,Asian,14.5
1848,2023-02-01,0 days 11:40:46,110,Pork Ramen,Asian,17.95
1849,2023-02-01,0 days 11:40:47,124,Spaghetti,Italian,14.5
1849,2023-02-01,0 days 11:40:47,125,Spaghetti & Meatballs,Italian,17.95
1849,2023-02-01,0 days 11:40:47,120,Steak Torta,Mexican,13.95
1850,2023-02-01,0 days 11:44:12,109,Korean Beef Bowl,Asian,17.95
1850,2023-02-01,0 days 11:44:12,129,Mushroom Ravioli,Italian,15.5
1851,2023-02-01,0 days 11:49:01,107,Orange Chicken,Asian,16.5
1851,2023-02-01,0 days 11:49:01,102,Cheeseburger,American,13.95
1851,2023-02-01,0 days 11:49:01,108,Tofu Pad Thai,Asian,14.5
1851,2023-02-01,0 days 11:49:01,127,Meat Lasagna,Italian,17.95
1851,2023-02-01,0 days 11:49:01,111,California Roll,Asian,11.95
1851,2023-02-01,0 days 11:49:01,113,Edamame,Asian,5.0
1851,2023-02-01,0 days 11:49:01,118,Steak Burrito,Mexican,14.95
1851,2023-02-01,0 days 11:49:01,121,Cheese Quesadillas,Mexican,10.5
1851,2023-02-01,0 days 11:49:01,122,Chips & Salsa,Mexican,7.0
1851,2023-02-01,0 days 11:49:01,131,Chicken Parmesan,Italian,17.95
1851,2023-02-01,0 days 11:49:01,123,Chips & Guacamole,Mexican,9.0
1851,2023-02-01,0 days 11:49:01,106,French Fries,American,7.0
1852,2023-02-01,0 days 11:54:36,116,Steak Tacos,Mexican,13.95
1852,2023-02-01,0 days 11:54:36,125,Spaghetti & Meatballs,Italian,17.95
1853,2023-02-01,0 days 12:12:59,117,Chicken Burrito,Mexican,12.95
1853,2023-02-01,0 days 12:12:59,111,California Roll,Asian,11.95
1854,2023-02-01,0 days 12:27:17,107,Orange Chicken,Asian,16.5
1855,2023-02-01,0 days 12:28:09,104,Veggie Burger,American,10.5
1855,2023-02-01,0 days 12:28:09,118,Steak Burrito,Mexican,14.95
1855,2023-02-01,0 days 12:28:09,105,Mac & Cheese,American,7.0
1855,2023-02-01,0 days 12:28:09,131,Chicken Parmesan,Italian,17.95
1856,2023-02-01,0 days 12:32:48,120,Steak Torta,Mexican,13.95
1857,2023-02-01,0 days 12:34:00,116,Steak Tacos,Mexican,13.95
1858,2023-02-01,0 days 12:43:50,122,Chips & Salsa,Mexican,7.0
1859,2023-02-01,0 days 13:18:55,118,Steak Burrito,Mexican,14.95
1860,2023-02-01,0 days 13:19:52,108,Tofu Pad Thai,Asian,14.5
1861,2023-02-01,0 days 13:21:23,130,Shrimp Scampi,Italian,19.95
1862,2023-02-01,0 days 13:27:02,102,Cheeseburger,American,13.95
1862,2023-02-01,0 days 13:27:02,129,Mushroom Ravioli,Italian,15.5
1863,2023-02-01,0 days 13:39:45,115,Chicken Tacos,Mexican,11.95
1864,2023-02-01,0 days 13:46:26,118,Steak Burrito,Mexican,14.95
1865,2023-02-01,0 days 14:09:37,101,Hamburger,American,12.95
1865,2023-02-01,0 days 14:09:37,103,Hot Dog,American,9.0
1865,2023-02-01,0 days 14:09:37,119,Chicken Torta,Mexican,11.95
1865,2023-02-01,0 days 14:09:37,130,Shrimp Scampi,Italian,19.95
1866,2023-02-01,0 days 14:18:56,115,Chicken Tacos,Mexican,11.95
1866,2023-02-01,0 days 14:18:56,108,Tofu Pad Thai,Asian,14.5
1866,2023-02-01,0 days 14:18:56,117,Chicken Burrito,Mexican,12.95
1866,2023-02-01,0 days 14:18:56,121,Cheese Quesadillas,Mexican,10.5
1866,2023-02-01,0 days 14:18:56,105,Mac & Cheese,American,7.0
1866,2023-02-01,0 days 14:18:56,123,Chips & Guacamole,Mexican,9.0
1867,2023-02-01,0 days 14:35:50,122,Chips & Salsa,Mexican,7.0
1868,2023-02-01,0 days 14:35:56,124,Spaghetti,Italian,14.5
1868,2023-02-01,0 days 14:35:56,123,Chips & Guacamole,Mexican,9.0
1869,2023-02-01,0 days 14:37:38,127,Meat Lasagna,Italian,17.95
1869,2023-02-01,0 days 14:37:38,113,Edamame,Asian,5.0
1869,2023-02-01,0 days 14:37:38,119,Chicken Torta,Mexican,11.95
1869,2023-02-01,0 days 14:37:38,119,Chicken Torta,Mexican,11.95
1870,2023-02-01,0 days 14:45:45,107,Orange Chicken,Asian,16.5
1871,2023-02-01,0 days 15:01:40,110,Pork Ramen,Asian,17.95
1872,2023-02-01,0 days 15:07:28,117,Chicken Burrito,Mexican,12.95
1872,2023-02-01,0 days 15:07:28,129,Mushroom Ravioli,Italian,15.5
1872,2023-02-01,0 days 15:07:28,118,Steak Burrito,Mexican,14.95
1872,2023-02-01,0 days 15:07:28,106,French Fries,American,7.0
1873,2023-02-01,0 days 15:09:20,102,Cheeseburger,American,13.95
1873,2023-02-01,0 days 15:09:20,120,Steak Torta,Mexican,13.95
1874,2023-02-01,0 days 15:19:35,120,Steak Torta,Mexican,13.95
1875,2023-02-01,0 days 15:52:26,113,Edamame,Asian,5.0
1875,2023-02-01,0 days 15:52:26,105,Mac & Cheese,American,7.0
1876,2023-02-01,0 days 15:56:21,101,Hamburger,American,12.95
1876,2023-02-01,0 days 15:56:21,116,Steak Tacos,Mexican,13.95
1876,2023-02-01,0 days 15:56:21,125,Spaghetti & Meatballs,Italian,17.95
1876,2023-02-01,0 days 15:56:21,130,Shrimp Scampi,Italian,19.95
1877,2023-02-01,0 days 16:03:52,105,Mac & Cheese,American,7.0
1877,2023-02-01,0 days 16:03:52,130,Shrimp Scampi,Italian,19.95
1878,2023-02-01,0 days 16:07:22,108,Tofu Pad Thai,Asian,14.5
1878,2023-02-01,0 days 16:07:22,111,California Roll,Asian,11.95
1879,2023-02-01,0 days 16:14:27,107,Orange Chicken,Asian,16.5
1880,2023-02-01,0 days 16:15:40,110,Pork Ramen,Asian,17.95
1880,2023-02-01,0 days 16:15:40,127,Meat Lasagna,Italian,17.95
1880,2023-02-01,0 days 16:15:40,129,Mushroom Ravioli,Italian,15.5
1881,2023-02-01,0 days 16:16:16,111,California Roll,Asian,11.95
1881,2023-02-01,0 days 16:16:16,113,Edamame,Asian,5.0
1882,2023-02-01,0 days 16:18:31,102,Cheeseburger,American,13.95
1882,2023-02-01,0 days 16:18:31,124,Spaghetti,Italian,14.5
1883,2023-02-01,0 days 16:25:39,109,Korean Beef Bowl,Asian,17.95
1884,2023-02-01,0 days 16:34:15,102,Cheeseburger,American,13.95
1884,2023-02-01,0 days 16:34:15,126,Fettuccine Alfredo,Italian,14.5
1884,2023-02-01,0 days 16:34:15,109,Korean Beef Bowl,Asian,17.95
1884,2023-02-01,0 days 16:34:15,106,French Fries,American,7.0
1885,2023-02-01,0 days 16:34:57,108,Tofu Pad Thai,Asian,14.5
1885,2023-02-01,0 days 16:34:57,117,Chicken Burrito,Mexican,12.95
1885,2023-02-01,0 days 16:34:57,122,Chips & Salsa,Mexican,7.0
1885,2023-02-01,0 days 16:34:57,130,Shrimp Scampi,Italian,19.95
1886,2023-02-01,0 days 16:43:54,129,Mushroom Ravioli,Italian,15.5
1887,2023-02-01,0 days 16:48:06,102,Cheeseburger,American,13.95
1887,2023-02-01,0 days 16:48:06,108,Tofu Pad Thai,Asian,14.5
1887,2023-02-01,0 days 16:48:06,110,Pork Ramen,Asian,17.95
1887,2023-02-01,0 days 16:48:06,113,Edamame,Asian,5.0
1887,2023-02-01,0 days 16:48:06,105,Mac & Cheese,American,7.0
1888,2023-02-01,0 days 17:01:44,116,Steak Tacos,Mexican,13.95
1888,2023-02-01,0 days 17:01:44,111,California Roll,Asian,11.95
1889,2023-02-01,0 days 17:03:26,101,Hamburger,American,12.95
1889,2023-02-01,0 days 17:03:26,117,Chicken Burrito,Mexican,12.95
1890,2023-02-01,0 days 17:09:36,124,Spaghetti,Italian,14.5
1890,2023-02-01,0 days 17:09:36,112,Salmon Roll,Asian,14.95
1891,2023-02-01,0 days 17:11:07,116,Steak Tacos,Mexican,13.95
1891,2023-02-01,0 days 17:11:07,102,Cheeseburger,American,13.95
1891,2023-02-01,0 days 17:11:07,122,Chips & Salsa,Mexican,7.0
1891,2023-02-01,0 days 17:11:07,114,Potstickers,Asian,9.0
1892,2023-02-01,0 days 17:11:28,102,Cheeseburger,American,13.95
1892,2023-02-01,0 days 17:11:28,109,Korean Beef Bowl,Asian,17.95
1892,2023-02-01,0 days 17:11:28,120,Steak Torta,Mexican,13.95
1893,2023-02-01,0 days 17:11:36,106,French Fries,American,7.0
1894,2023-02-01,0 days 17:13:57,108,Tofu Pad Thai,Asian,14.5
1895,2023-02-01,0 days 17:24:50,116,Steak Tacos,Mexican,13.95
1895,2023-02-01,0 days 17:24:50,105,Mac & Cheese,American,7.0
1895,2023-02-01,0 days 17:24:50,122,Chips & Salsa,Mexican,7.0
1895,2023-02-01,0 days 17:24:50,106,French Fries,American,7.0
1896,2023-02-01,0 days 17:28:49,102,Cheeseburger,American,13.95
1897,2023-02-01,0 days 17:32:37,112,Salmon Roll,Asian,14.95
1897,2023-02-01,0 days 17:32:37,105,Mac & Cheese,American,7.0
1897,2023-02-01,0 days 17:32:37,106,French Fries,American,7.0
1898,2023-02-01,0 days 17:34:26,103,Hot Dog,American,9.0
1899,2023-02-01,0 days 17:35:39,103,Hot Dog,American,9.0
1899,2023-02-01,0 days 17:35:39,118,Steak Burrito,Mexican,14.95
1900,2023-02-01,0 days 17:42:49,109,Korean Beef Bowl,Asian,17.95
1901,2023-02-01,0 days 17:47:51,101,Hamburger,American,12.95
1901,2023-02-01,0 days 17:47:51,125,Spaghetti & Meatballs,Italian,17.95
1902,2023-02-01,0 days 17:50:51,125,Spaghetti & Meatballs,Italian,17.95
1902,2023-02-01,0 days 17:50:51,110,Pork Ramen,Asian,17.95
1903,2023-02-01,0 days 18:06:22,125,Spaghetti & Meatballs,Italian,17.95
1904,2023-02-01,0 days 18:13:17,107,Orange Chicken,Asian,16.5
1904,2023-02-01,0 days 18:13:17,108,Tofu Pad Thai,Asian,14.5
1904,2023-02-01,0 days 18:13:17,117,Chicken Burrito,Mexican,12.95
1904,2023-02-01,0 days 18:13:17,113,Edamame,Asian,5.0
1905,2023-02-01,0 days 18:14:34,101,Hamburger,American,12.95
1905,2023-02-01,0 days 18:14:34,102,Cheeseburger,American,13.95
1905,2023-02-01,0 days 18:14:34,108,Tofu Pad Thai,Asian,14.5
1906,2023-02-01,0 days 18:17:07,124,Spaghetti,Italian,14.5
1907,2023-02-01,0 days 18:25:35,131,Chicken Parmesan,Italian,17.95
1908,2023-02-01,0 days 18:28:56,101,Hamburger,American,12.95
1909,2023-02-01,0 days 18:45:56,117,Chicken Burrito,Mexican,12.95
1910,2023-02-01,0 days 18:57:06,101,Hamburger,American,12.95
1911,2023-02-01,0 days 19:01:15,102,Cheeseburger,American,13.95
1912,2023-02-01,0 days 19:01:32,112,Salmon Roll,Asian,14.95
1912,2023-02-01,0 days 19:01:32,119,Chicken Torta,Mexican,11.95
1913,2023-02-01,0 days 19:04:46,102,Cheeseburger,American,13.95
1914,2023-02-01,0 days 19:24:03,113,Edamame,Asian,5.0
1915,2023-02-01,0 days 19:24:26,113,Edamame,Asian,5.0
1915,2023-02-01,0 days 19:24:26,122,Chips & Salsa,Mexican,7.0
1916,2023-02-01,0 days 19:27:59,101,Hamburger,American,12.95
1916,2023-02-01,0 days 19:27:59,111,California Roll,Asian,11.95
1917,2023-02-01,0 days 19:48:51,115,Chicken Tacos,Mexican,11.95
1917,2023-02-01,0 days 19:48:51,129,Mushroom Ravioli,Italian,15.5
1917,2023-02-01,0 days 19:48:51,105,Mac & Cheese,American,7.0
1917,2023-02-01,0 days 19:48:51,114,Potstickers,Asian,9.0
1918,2023-02-01,0 days 19:50:54,102,Cheeseburger,American,13.95
1919,2023-02-01,0 days 20:03:59,122,Chips & Salsa,Mexican,7.0
1920,2023-02-01,0 days 20:04:38,101,Hamburger,American,12.95
1920,2023-02-01,0 days 20:04:38,119,Chicken Torta,Mexican,11.95
1921,2023-02-01,0 days 20:07:50,127,Meat Lasagna,Italian,17.95
1922,2023-02-01,0 days 20:09:20,104,Veggie Burger,American,10.5
1922,2023-02-01,0 days 20:09:20,126,Fettuccine Alfredo,Italian,14.5
1922,2023-02-01,0 days 20:09:20,132,Eggplant Parmesan,Italian,16.95
1923,2023-02-01,0 days 20:34:14,101,Hamburger,American,12.95
1923,2023-02-01,0 days 20:34:14,108,Tofu Pad Thai,Asian,14.5
1924,2023-02-01,0 days 20:40:02,101,Hamburger,American,12.95
1924,2023-02-01,0 days 20:40:02,119,Chicken Torta,Mexican,11.95
1924,2023-02-01,0 days 20:40:02,131,Chicken Parmesan,Italian,17.95
1925,2023-02-01,0 days 20:43:56,117,Chicken Burrito,Mexican,12.95
1925,2023-02-01,0 days 20:43:56,113,Edamame,Asian,5.0
1926,2023-02-01,0 days 21:12:29,126,Fettuccine Alfredo,Italian,14.5
1926,2023-02-01,0 days 21:12:29,113,Edamame,Asian,5.0
1927,2023-02-01,0 days 21:31:03,121,Cheese Quesadillas,Mexican,10.5
1927,2023-02-01,0 days 21:31:03,122,Chips & Salsa,Mexican,7.0
1927,2023-02-01,0 days 21:31:03,106,French Fries,American,7.0
1928,2023-02-01,0 days 21:57:20,101,Hamburger,American,12.95
1929,2023-02-01,0 days 22:08:01,102,Cheeseburger,American,13.95
1929,2023-02-01,0 days 22:08:01,108,Tofu Pad Thai,Asian,14.5
1929,2023-02-01,0 days 22:08:01,109,Korean Beef Bowl,Asian,17.95
1929,2023-02-01,0 days 22:08:01,111,California Roll,Asian,11.95
1930,2023-02-01,0 days 22:11:02,116,Steak Tacos,Mexican,13.95
1931,2023-02-01,0 days 22:15:43,107,Orange Chicken,Asian,16.5
1931,2023-02-01,0 days 22:15:43,105,Mac & Cheese,American,7.0
1932,2023-02-01,0 days 22:29:35,102,Cheeseburger,American,13.95
1932,2023-02-01,0 days 22:29:35,106,French Fries,American,7.0
1933,2023-02-02,0 days 11:17:08,102,Cheeseburger,American,13.95
1933,2023-02-02,0 days 11:17:08,127,Meat Lasagna,Italian,17.95
1933,2023-02-02,0 days 11:17:08,106,French Fries,American,7.0
1933,2023-02-02,0 days 11:17:08,106,French Fries,American,7.0
1934,2023-02-02,0 days 11:24:45,102,Cheeseburger,American,13.95
1935,2023-02-02,0 days 11:24:47,127,Meat Lasagna,Italian,17.95
1935,2023-02-02,0 days 11:24:47,119,Chicken Torta,Mexican,11.95
1936,2023-02-02,0 days 11:34:50,109,Korean Beef Bowl,Asian,17.95
1936,2023-02-02,0 days 11:34:50,106,French Fries,American,7.0
1937,2023-02-02,0 days 11:43:47,120,Steak Torta,Mexican,13.95
1938,2023-02-02,0 days 11:46:18,113,Edamame,Asian,5.0
1939,2023-02-02,0 days 12:29:44,113,Edamame,Asian,5.0
1940,2023-02-02,0 days 12:30:48,132,Eggplant Parmesan,Italian,16.95
1941,2023-02-02,0 days 12:33:21,113,Edamame,Asian,5.0
1942,2023-02-02,0 days 12:38:58,108,Tofu Pad Thai,Asian,14.5
1942,2023-02-02,0 days 12:38:58,106,French Fries,American,7.0
1943,2023-02-02,0 days 12:40:35,124,Spaghetti,Italian,14.5
1943,2023-02-02,0 days 12:40:35,109,Korean Beef Bowl,Asian,17.95
1944,2023-02-02,0 days 12:49:13,125,Spaghetti & Meatballs,Italian,17.95
1944,2023-02-02,0 days 12:49:13,122,Chips & Salsa,Mexican,7.0
1945,2023-02-02,0 days 12:50:14,131,Chicken Parmesan,Italian,17.95
1946,2023-02-02,0 days 13:01:49,102,Cheeseburger,American,13.95
1946,2023-02-02,0 days 13:01:49,102,Cheeseburger,American,13.95
1946,2023-02-02,0 days 13:01:49,103,Hot Dog,American,9.0
1946,2023-02-02,0 days 13:01:49,110,Pork Ramen,Asian,17.95
1946,2023-02-02,0 days 13:01:49,128,Cheese Lasagna,Italian,15.5
1946,2023-02-02,0 days 13:01:49,129,Mushroom Ravioli,Italian,15.5
1946,2023-02-02,0 days 13:01:49,120,Steak Torta,Mexican,13.95
1946,2023-02-02,0 days 13:01:49,121,Cheese Quesadillas,Mexican,10.5
1947,2023-02-02,0 days 13:12:14,101,Hamburger,American,12.95
1947,2023-02-02,0 days 13:12:14,106,French Fries,American,7.0
1948,2023-02-02,0 days 13:13:28,117,Chicken Burrito,Mexican,12.95
1948,2023-02-02,0 days 13:13:28,129,Mushroom Ravioli,Italian,15.5
1948,2023-02-02,0 days 13:13:28,112,Salmon Roll,Asian,14.95
1949,2023-02-02,0 days 13:14:06,101,Hamburger,American,12.95
1950,2023-02-02,0 days 13:14:40,110,Pork Ramen,Asian,17.95
1951,2023-02-02,0 days 13:39:08,113,Edamame,Asian,5.0
1951,2023-02-02,0 days 13:39:08,122,Chips & Salsa,Mexican,7.0
1952,2023-02-02,0 days 13:41:46,129,Mushroom Ravioli,Italian,15.5
1953,2023-02-02,0 days 13:42:31,117,Chicken Burrito,Mexican,12.95
1954,2023-02-02,0 days 13:53:10,112,Salmon Roll,Asian,14.95
1955,2023-02-02,0 days 14:28:24,114,Potstickers,Asian,9.0
1956,2023-02-02,0 days 14:36:07,116,Steak Tacos,Mexican,13.95
1956,2023-02-02,0 days 14:36:07,104,Veggie Burger,American,10.5
1956,2023-02-02,0 days 14:36:07,132,Eggplant Parmesan,Italian,16.95
1957,2023-02-02,0 days 14:50:01,107,Orange Chicken,Asian,16.5
1957,2023-02-02,0 days 14:50:01,103,Hot Dog,American,9.0
1957,2023-02-02,0 days 14:50:01,104,Veggie Burger,American,10.5
1957,2023-02-02,0 days 14:50:01,126,Fettuccine Alfredo,Italian,14.5
1957,2023-02-02,0 days 14:50:01,117,Chicken Burrito,Mexican,12.95
1957,2023-02-02,0 days 14:50:01,112,Salmon Roll,Asian,14.95
1957,2023-02-02,0 days 14:50:01,113,Edamame,Asian,5.0
1957,2023-02-02,0 days 14:50:01,118,Steak Burrito,Mexican,14.95
1957,2023-02-02,0 days 14:50:01,118,Steak Burrito,Mexican,14.95
1957,2023-02-02,0 days 14:50:01,131,Chicken Parmesan,Italian,17.95
1957,2023-02-02,0 days 14:50:01,131,Chicken Parmesan,Italian,17.95
1957,2023-02-02,0 days 14:50:01,106,French Fries,American,7.0
1957,2023-02-02,0 days 14:50:01,132,Eggplant Parmesan,Italian,16.95
1957,2023-02-02,0 days 14:50:01,132,Eggplant Parmesan,Italian,16.95
1958,2023-02-02,0 days 15:05:43,118,Steak Burrito,Mexican,14.95
1959,2023-02-02,0 days 15:09:10,106,French Fries,American,7.0
1960,2023-02-02,0 days 15:15:16,113,Edamame,Asian,5.0
1961,2023-02-02,0 days 15:29:57,107,Orange Chicken,Asian,16.5
1961,2023-02-02,0 days 15:29:57,129,Mushroom Ravioli,Italian,15.5
1962,2023-02-02,0 days 15:32:15,102,Cheeseburger,American,13.95
1963,2023-02-02,0 days 15:59:08,107,Orange Chicken,Asian,16.5
1963,2023-02-02,0 days 15:59:08,119,Chicken Torta,Mexican,11.95
1963,2023-02-02,0 days 15:59:08,122,Chips & Salsa,Mexican,7.0
1964,2023-02-02,0 days 16:09:42,120,Steak Torta,Mexican,13.95
1964,2023-02-02,0 days 16:09:42,123,Chips & Guacamole,Mexican,9.0
1964,2023-02-02,0 days 16:09:42,132,Eggplant Parmesan,Italian,16.95
1965,2023-02-02,0 days 16:10:04,124,Spaghetti,Italian,14.5
1965,2023-02-02,0 days 16:10:04,125,Spaghetti & Meatballs,Italian,17.95
1965,2023-02-02,0 days 16:10:04,109,Korean Beef Bowl,Asian,17.95
1965,2023-02-02,0 days 16:10:04,110,Pork Ramen,Asian,17.95
1966,2023-02-02,0 days 16:14:14,120,Steak Torta,Mexican,13.95
1966,2023-02-02,0 days 16:14:14,121,Cheese Quesadillas,Mexican,10.5
1966,2023-02-02,0 days 16:14:14,122,Chips & Salsa,Mexican,7.0
1966,2023-02-02,0 days 16:14:14,123,Chips & Guacamole,Mexican,9.0
1967,2023-02-02,0 days 16:41:43,109,Korean Beef Bowl,Asian,17.95
1967,2023-02-02,0 days 16:41:43,112,Salmon Roll,Asian,14.95
1967,2023-02-02,0 days 16:41:43,105,Mac & Cheese,American,7.0
1967,2023-02-02,0 days 16:41:43,131,Chicken Parmesan,Italian,17.95
1968,2023-02-02,0 days 16:58:41,107,Orange Chicken,Asian,16.5
1968,2023-02-02,0 days 16:58:41,115,Chicken Tacos,Mexican,11.95
1968,2023-02-02,0 days 16:58:41,108,Tofu Pad Thai,Asian,14.5
1969,2023-02-02,0 days 17:10:43,109,Korean Beef Bowl,Asian,17.95
1970,2023-02-02,0 days 17:30:16,101,Hamburger,American,12.95
1971,2023-02-02,0 days 17:31:16,110,Pork Ramen,Asian,17.95
1971,2023-02-02,0 days 17:31:16,110,Pork Ramen,Asian,17.95
1972,2023-02-02,0 days 17:35:29,116,Steak Tacos,Mexican,13.95
1972,2023-02-02,0 days 17:35:29,129,Mushroom Ravioli,Italian,15.5
1972,2023-02-02,0 days 17:35:29,113,Edamame,Asian,5.0
1972,2023-02-02,0 days 17:35:29,119,Chicken Torta,Mexican,11.95
1973,2023-02-02,0 days 17:48:51,125,Spaghetti & Meatballs,Italian,17.95
1974,2023-02-02,0 days 17:49:37,107,Orange Chicken,Asian,16.5
1974,2023-02-02,0 days 17:49:37,110,Pork Ramen,Asian,17.95
1974,2023-02-02,0 days 17:49:37,130,Shrimp Scampi,Italian,19.95
1975,2023-02-02,0 days 18:07:34,108,Tofu Pad Thai,Asian,14.5
1975,2023-02-02,0 days 18:07:34,113,Edamame,Asian,5.0
1976,2023-02-02,0 days 18:25:11,124,Spaghetti,Italian,14.5
1976,2023-02-02,0 days 18:25:11,105,Mac & Cheese,American,7.0
1976,2023-02-02,0 days 18:25:11,106,French Fries,American,7.0
1977,2023-02-02,0 days 18:27:37,103,Hot Dog,American,9.0
1978,2023-02-02,0 days 19:03:28,113,Edamame,Asian,5.0
1979,2023-02-02,0 days 19:05:23,114,Potstickers,Asian,9.0
1980,2023-02-02,0 days 19:07:15,110,Pork Ramen,Asian,17.95
1981,2023-02-02,0 days 19:10:40,103,Hot Dog,American,9.0
1981,2023-02-02,0 days 19:10:40,109,Korean Beef Bowl,Asian,17.95
1981,2023-02-02,0 days 19:10:40,122,Chips & Salsa,Mexican,7.0
1981,2023-02-02,0 days 19:10:40,130,Shrimp Scampi,Italian,19.95
1982,2023-02-02,0 days 19:36:26,113,Edamame,Asian,5.0
1983,2023-02-02,0 days 19:39:08,121,Cheese Quesadillas,Mexican,10.5
1984,2023-02-02,0 days 19:50:13,107,Orange Chicken,Asian,16.5
1984,2023-02-02,0 days 19:50:13,132,Eggplant Parmesan,Italian,16.95
1985,2023-02-02,0 days 20:00:05,119,Chicken Torta,Mexican,11.95
1985,2023-02-02,0 days 20:00:05,130,Shrimp Scampi,Italian,19.95
1986,2023-02-02,0 days 20:07:17,101,Hamburger,American,12.95
1986,2023-02-02,0 days 20:07:17,111,California Roll,Asian,11.95
1986,2023-02-02,0 days 20:07:17,131,Chicken Parmesan,Italian,17.95
1986,2023-02-02,0 days 20:07:17,132,Eggplant Parmesan,Italian,16.95
1987,2023-02-02,0 days 20:09:54,116,Steak Tacos,Mexican,13.95
1987,2023-02-02,0 days 20:09:54,103,Hot Dog,American,9.0
1987,2023-02-02,0 days 20:09:54,132,Eggplant Parmesan,Italian,16.95
1988,2023-02-02,0 days 20:46:01,102,Cheeseburger,American,13.95
1988,2023-02-02,0 days 20:46:01,104,Veggie Burger,American,10.5
1988,2023-02-02,0 days 20:46:01,118,Steak Burrito,Mexican,14.95
1989,2023-02-02,0 days 21:15:17,101,Hamburger,American,12.95
1989,2023-02-02,0 days 21:15:17,132,Eggplant Parmesan,Italian,16.95
1990,2023-02-02,0 days 21:22:35,116,Steak Tacos,Mexican,13.95
1990,2023-02-02,0 days 21:22:35,109,Korean Beef Bowl,Asian,17.95
1990,2023-02-02,0 days 21:22:35,122,Chips & Salsa,Mexican,7.0
1991,2023-02-02,0 days 21:47:12,123,Chips & Guacamole,Mexican,9.0
1992,2023-02-02,0 days 21:48:32,103,Hot Dog,American,9.0
1993,2023-02-02,0 days 22:07:29,132,Eggplant Parmesan,Italian,16.95
1994,2023-02-02,0 days 22:08:10,102,Cheeseburger,American,13.95
1994,2023-02-02,0 days 22:08:10,109,Korean Beef Bowl,Asian,17.95
1994,2023-02-02,0 days 22:08:10,118,Steak Burrito,Mexican,14.95
1994,2023-02-02,0 days 22:08:10,123,Chips & Guacamole,Mexican,9.0
1995,2023-02-02,0 days 22:19:33,101,Hamburger,American,12.95
1995,2023-02-02,0 days 22:19:33,116,Steak Tacos,Mexican,13.95
1995,2023-02-02,0 days 22:19:33,124,Spaghetti,Italian,14.5
1995,2023-02-02,0 days 22:19:33,123,Chips & Guacamole,Mexican,9.0
1996,2023-02-03,0 days 11:25:25,124,Spaghetti,Italian,14.5
1996,2023-02-03,0 days 11:25:25,110,Pork Ramen,Asian,17.95
1996,2023-02-03,0 days 11:25:25,120,Steak Torta,Mexican,13.95
1997,2023-02-03,0 days 11:35:10,126,Fettuccine Alfredo,Italian,14.5
1998,2023-02-03,0 days 11:47:03,131,Chicken Parmesan,Italian,17.95
1999,2023-02-03,0 days 12:07:51,107,Orange Chicken,Asian,16.5
1999,2023-02-03,0 days 12:07:51,116,Steak Tacos,Mexican,13.95
1999,2023-02-03,0 days 12:07:51,116,Steak Tacos,Mexican,13.95
1999,2023-02-03,0 days 12:07:51,110,Pork Ramen,Asian,17.95
1999,2023-02-03,0 days 12:07:51,117,Chicken Burrito,Mexican,12.95
1999,2023-02-03,0 days 12:07:51,127,Meat Lasagna,Italian,17.95
1999,2023-02-03,0 days 12:07:51,111,California Roll,Asian,11.95
1999,2023-02-03,0 days 12:07:51,112,Salmon Roll,Asian,14.95
1999,2023-02-03,0 days 12:07:51,122,Chips & Salsa,Mexican,7.0
1999,2023-02-03,0 days 12:07:51,106,French Fries,American,7.0
2000,2023-02-03,0 days 12:14:27,101,Hamburger,American,12.95
2000,2023-02-03,0 days 12:14:27,107,Orange Chicken,Asian,16.5
2000,2023-02-03,0 days 12:14:27,116,Steak Tacos,Mexican,13.95
2000,2023-02-03,0 days 12:14:27,125,Spaghetti & Meatballs,Italian,17.95
2000,2023-02-03,0 days 12:14:27,112,Salmon Roll,Asian,14.95
2000,2023-02-03,0 days 12:14:27,113,Edamame,Asian,5.0
2000,2023-02-03,0 days 12:14:27,121,Cheese Quesadillas,Mexican,10.5
2000,2023-02-03,0 days 12:14:27,130,Shrimp Scampi,Italian,19.95
2000,2023-02-03,0 days 12:14:27,106,French Fries,American,7.0
2000,2023-02-03,0 days 12:14:27,132,Eggplant Parmesan,Italian,16.95
2000,2023-02-03,0 days 12:14:27,132,Eggplant Parmesan,Italian,16.95
2001,2023-02-03,0 days 12:20:45,116,Steak Tacos,Mexican,13.95
2001,2023-02-03,0 days 12:20:45,116,Steak Tacos,Mexican,13.95
2001,2023-02-03,0 days 12:20:45,125,Spaghetti & Meatballs,Italian,17.95
2001,2023-02-03,0 days 12:20:45,110,Pork Ramen,Asian,17.95
2002,2023-02-03,0 days 12:21:10,107,Orange Chicken,Asian,16.5
2002,2023-02-03,0 days 12:21:10,117,Chicken Burrito,Mexican,12.95
2002,2023-02-03,0 days 12:21:10,131,Chicken Parmesan,Italian,17.95
2003,2023-02-03,0 days 12:21:25,126,Fettuccine Alfredo,Italian,14.5
2004,2023-02-03,0 days 12:24:06,110,Pork Ramen,Asian,17.95
2004,2023-02-03,0 days 12:24:06,118,Steak Burrito,Mexican,14.95
2004,2023-02-03,0 days 12:24:06,119,Chicken Torta,Mexican,11.95
2005,2023-02-03,0 days 12:32:02,102,Cheeseburger,American,13.95
2005,2023-02-03,0 days 12:32:02,103,Hot Dog,American,9.0
2005,2023-02-03,0 days 12:32:02,118,Steak Burrito,Mexican,14.95
2005,2023-02-03,0 days 12:32:02,123,Chips & Guacamole,Mexican,9.0
2006,2023-02-03,0 days 12:35:28,103,Hot Dog,American,9.0
2006,2023-02-03,0 days 12:35:28,126,Fettuccine Alfredo,Italian,14.5
2006,2023-02-03,0 days 12:35:28,109,Korean Beef Bowl,Asian,17.95
2006,2023-02-03,0 days 12:35:28,106,French Fries,American,7.0
2007,2023-02-03,0 days 12:37:21,101,Hamburger,American,12.95
2007,2023-02-03,0 days 12:37:21,131,Chicken Parmesan,Italian,17.95
2008,2023-02-03,0 days 12:47:12,111,California Roll,Asian,11.95
2009,2023-02-03,0 days 12:55:07,114,Potstickers,Asian,9.0
2010,2023-02-03,0 days 13:00:41,107,Orange Chicken,Asian,16.5
2010,2023-02-03,0 days 13:00:41,113,Edamame,Asian,5.0
2010,2023-02-03,0 days 13:00:41,120,Steak Torta,Mexican,13.95
2010,2023-02-03,0 days 13:00:41,131,Chicken Parmesan,Italian,17.95
2011,2023-02-03,0 days 13:01:28,103,Hot Dog,American,9.0
2011,2023-02-03,0 days 13:01:28,118,Steak Burrito,Mexican,14.95
2011,2023-02-03,0 days 13:01:28,122,Chips & Salsa,Mexican,7.0
2011,2023-02-03,0 days 13:01:28,132,Eggplant Parmesan,Italian,16.95
2012,2023-02-03,0 days 13:19:00,122,Chips & Salsa,Mexican,7.0
2013,2023-02-03,0 days 13:20:46,107,Orange Chicken,Asian,16.5
2013,2023-02-03,0 days 13:20:46,115,Chicken Tacos,Mexican,11.95
2013,2023-02-03,0 days 13:20:46,108,Tofu Pad Thai,Asian,14.5
2014,2023-02-03,0 days 13:23:13,122,Chips & Salsa,Mexican,7.0
2015,2023-02-03,0 days 13:23:49,109,Korean Beef Bowl,Asian,17.95
2016,2023-02-03,0 days 13:47:00,101,Hamburger,American,12.95
2016,2023-02-03,0 days 13:47:00,126,Fettuccine Alfredo,Italian,14.5
2016,2023-02-03,0 days 13:47:00,127,Meat Lasagna,Italian,17.95
2017,2023-02-03,0 days 13:51:56,101,Hamburger,American,12.95
2017,2023-02-03,0 days 13:51:56,110,Pork Ramen,Asian,17.95
2018,2023-02-03,0 days 14:06:04,113,Edamame,Asian,5.0
2018,2023-02-03,0 days 14:06:04,118,Steak Burrito,Mexican,14.95
2018,2023-02-03,0 days 14:06:04,120,Steak Torta,Mexican,13.95
2019,2023-02-03,0 days 14:14:03,105,Mac & Cheese,American,7.0
2020,2023-02-03,0 days 14:14:05,107,Orange Chicken,Asian,16.5
2021,2023-02-03,0 days 14:25:13,102,Cheeseburger,American,13.95
2021,2023-02-03,0 days 14:25:13,110,Pork Ramen,Asian,17.95
2021,2023-02-03,0 days 14:25:13,113,Edamame,Asian,5.0
2021,2023-02-03,0 days 14:25:13,118,Steak Burrito,Mexican,14.95
2022,2023-02-03,0 days 14:36:36,104,Veggie Burger,American,10.5
2022,2023-02-03,0 days 14:36:36,114,Potstickers,Asian,9.0
2023,2023-02-03,0 days 15:05:28,125,Spaghetti & Meatballs,Italian,17.95
2024,2023-02-03,0 days 16:04:02,121,Cheese Quesadillas,Mexican,10.5
2024,2023-02-03,0 days 16:04:02,105,Mac & Cheese,American,7.0
2024,2023-02-03,0 days 16:04:02,131,Chicken Parmesan,Italian,17.95
2025,2023-02-03,0 days 16:11:01,102,Cheeseburger,American,13.95
2025,2023-02-03,0 days 16:11:01,132,Eggplant Parmesan,Italian,16.95
2026,2023-02-03,0 days 16:11:48,129,Mushroom Ravioli,Italian,15.5
2027,2023-02-03,0 days 16:20:30,105,Mac & Cheese,American,7.0
2027,2023-02-03,0 days 16:20:30,131,Chicken Parmesan,Italian,17.95
2028,2023-02-03,0 days 16:38:16,125,Spaghetti & Meatballs,Italian,17.95
2029,2023-02-03,0 days 16:47:49,123,Chips & Guacamole,Mexican,9.0
2029,2023-02-03,0 days 16:47:49,106,French Fries,American,7.0
2030,2023-02-03,0 days 16:50:44,124,Spaghetti,Italian,14.5
2030,2023-02-03,0 days 16:50:44,105,Mac & Cheese,American,7.0
2031,2023-02-03,0 days 16:51:05,102,Cheeseburger,American,13.95
2031,2023-02-03,0 days 16:51:05,113,Edamame,Asian,5.0
2031,2023-02-03,0 days 16:51:05,105,Mac & Cheese,American,7.0
2032,2023-02-03,0 days 17:12:51,114,Potstickers,Asian,9.0
2033,2023-02-03,0 days 17:13:15,101,Hamburger,American,12.95
2033,2023-02-03,0 days 17:13:15,122,Chips & Salsa,Mexican,7.0
2033,2023-02-03,0 days 17:13:15,130,Shrimp Scampi,Italian,19.95
2033,2023-02-03,0 days 17:13:15,132,Eggplant Parmesan,Italian,16.95
2034,2023-02-03,0 days 17:15:18,107,Orange Chicken,Asian,16.5
2034,2023-02-03,0 days 17:15:18,113,Edamame,Asian,5.0
2035,2023-02-03,0 days 17:16:16,108,Tofu Pad Thai,Asian,14.5
2036,2023-02-03,0 days 17:17:29,101,Hamburger,American,12.95
2036,2023-02-03,0 days 17:17:29,124,Spaghetti,Italian,14.5
2036,2023-02-03,0 days 17:17:29,110,Pork Ramen,Asian,17.95
2037,2023-02-03,0 days 17:30:57,128,Cheese Lasagna,Italian,15.5
2038,2023-02-03,0 days 17:31:35,120,Steak Torta,Mexican,13.95
2039,2023-02-03,0 days 17:36:07,112,Salmon Roll,Asian,14.95
2040,2023-02-03,0 days 17:36:45,125,Spaghetti & Meatballs,Italian,17.95
2041,2023-02-03,0 days 17:40:35,108,Tofu Pad Thai,Asian,14.5
2042,2023-02-03,0 days 18:01:43,101,Hamburger,American,12.95
2042,2023-02-03,0 days 18:01:43,117,Chicken Burrito,Mexican,12.95
2042,2023-02-03,0 days 18:01:43,132,Eggplant Parmesan,Italian,16.95
2043,2023-02-03,0 days 18:23:13,114,Potstickers,Asian,9.0
2044,2023-02-03,0 days 18:33:46,119,Chicken Torta,Mexican,11.95
2044,2023-02-03,0 days 18:33:46,123,Chips & Guacamole,Mexican,9.0
2045,2023-02-03,0 days 18:46:11,118,Steak Burrito,Mexican,14.95
2046,2023-02-03,0 days 18:46:54,127,Meat Lasagna,Italian,17.95
2046,2023-02-03,0 days 18:46:54,111,California Roll,Asian,11.95
2047,2023-02-03,0 days 18:47:08,113,Edamame,Asian,5.0
2047,2023-02-03,0 days 18:47:08,119,Chicken Torta,Mexican,11.95
2047,2023-02-03,0 days 18:47:08,131,Chicken Parmesan,Italian,17.95
2048,2023-02-03,0 days 18:48:26,122,Chips & Salsa,Mexican,7.0
2049,2023-02-03,0 days 19:00:24,101,Hamburger,American,12.95
2049,2023-02-03,0 days 19:00:24,102,Cheeseburger,American,13.95
2049,2023-02-03,0 days 19:00:24,132,Eggplant Parmesan,Italian,16.95
2050,2023-02-03,0 days 19:20:46,127,Meat Lasagna,Italian,17.95
2050,2023-02-03,0 days 19:20:46,112,Salmon Roll,Asian,14.95
2050,2023-02-03,0 days 19:20:46,121,Cheese Quesadillas,Mexican,10.5
2050,2023-02-03,0 days 19:20:46,123,Chips & Guacamole,Mexican,9.0
2051,2023-02-03,0 days 19:51:00,116,Steak Tacos,Mexican,13.95
2051,2023-02-03,0 days 19:51:00,102,Cheeseburger,American,13.95
2051,2023-02-03,0 days 19:51:00,129,Mushroom Ravioli,Italian,15.5
2051,2023-02-03,0 days 19:51:00,123,Chips & Guacamole,Mexican,9.0
2052,2023-02-03,0 days 19:54:31,115,Chicken Tacos,Mexican,11.95
2052,2023-02-03,0 days 19:54:31,124,Spaghetti,Italian,14.5
2052,2023-02-03,0 days 19:54:31,125,Spaghetti & Meatballs,Italian,17.95
2052,2023-02-03,0 days 19:54:31,120,Steak Torta,Mexican,13.95
2053,2023-02-03,0 days 20:42:43,125,Spaghetti & Meatballs,Italian,17.95
2053,2023-02-03,0 days 20:42:43,113,Edamame,Asian,5.0
2054,2023-02-03,0 days 20:46:45,125,Spaghetti & Meatballs,Italian,17.95
2054,2023-02-03,0 days 20:46:45,127,Meat Lasagna,Italian,17.95
2055,2023-02-03,0 days 20:59:30,104,Veggie Burger,American,10.5
2055,2023-02-03,0 days 20:59:30,110,Pork Ramen,Asian,17.95
2056,2023-02-03,0 days 21:05:04,112,Salmon Roll,Asian,14.95
2056,2023-02-03,0 days 21:05:04,121,Cheese Quesadillas,Mexican,10.5
2056,2023-02-03,0 days 21:05:04,132,Eggplant Parmesan,Italian,16.95
2057,2023-02-03,0 days 21:11:26,125,Spaghetti & Meatballs,Italian,17.95
2058,2023-02-04,0 days 11:19:17,113,Edamame,Asian,5.0
2058,2023-02-04,0 days 11:19:17,122,Chips & Salsa,Mexican,7.0
2059,2023-02-04,0 days 11:41:34,117,Chicken Burrito,Mexican,12.95
2059,2023-02-04,0 days 11:41:34,105,Mac & Cheese,American,7.0
2059,2023-02-04,0 days 11:41:34,122,Chips & Salsa,Mexican,7.0
2060,2023-02-04,0 days 11:45:09,110,Pork Ramen,Asian,17.95
2060,2023-02-04,0 days 11:45:09,122,Chips & Salsa,Mexican,7.0
2061,2023-02-04,0 days 11:49:00,104,Veggie Burger,American,10.5
2061,2023-02-04,0 days 11:49:00,123,Chips & Guacamole,Mexican,9.0
2062,2023-02-04,0 days 11:56:32,110,Pork Ramen,Asian,17.95
2063,2023-02-04,0 days 12:25:02,107,Orange Chicken,Asian,16.5
2064,2023-02-04,0 days 12:26:39,101,Hamburger,American,12.95
2064,2023-02-04,0 days 12:26:39,103,Hot Dog,American,9.0
2064,2023-02-04,0 days 12:26:39,128,Cheese Lasagna,Italian,15.5
2064,2023-02-04,0 days 12:26:39,129,Mushroom Ravioli,Italian,15.5
2065,2023-02-04,0 days 12:27:21,117,Chicken Burrito,Mexican,12.95
2065,2023-02-04,0 days 12:27:21,120,Steak Torta,Mexican,13.95
2065,2023-02-04,0 days 12:27:21,132,Eggplant Parmesan,Italian,16.95
2066,2023-02-04,0 days 12:44:20,109,Korean Beef Bowl,Asian,17.95
2066,2023-02-04,0 days 12:44:20,109,Korean Beef Bowl,Asian,17.95
2067,2023-02-04,0 days 12:47:00,122,Chips & Salsa,Mexican,7.0
2068,2023-02-04,0 days 12:49:48,107,Orange Chicken,Asian,16.5
2068,2023-02-04,0 days 12:49:48,115,Chicken Tacos,Mexican,11.95
2069,2023-02-04,0 days 12:58:32,113,Edamame,Asian,5.0
2069,2023-02-04,0 days 12:58:32,131,Chicken Parmesan,Italian,17.95
2070,2023-02-04,0 days 13:00:47,120,Steak Torta,Mexican,13.95
2070,2023-02-04,0 days 13:00:47,132,Eggplant Parmesan,Italian,16.95
2071,2023-02-04,0 days 13:06:29,108,Tofu Pad Thai,Asian,14.5
2072,2023-02-04,0 days 13:08:24,117,Chicken Burrito,Mexican,12.95
2073,2023-02-04,0 days 13:35:51,101,Hamburger,American,12.95
2073,2023-02-04,0 days 13:35:51,126,Fettuccine Alfredo,Italian,14.5
2073,2023-02-04,0 days 13:35:51,109,Korean Beef Bowl,Asian,17.95
2073,2023-02-04,0 days 13:35:51,109,Korean Beef Bowl,Asian,17.95
2073,2023-02-04,0 days 13:35:51,110,Pork Ramen,Asian,17.95
2073,2023-02-04,0 days 13:35:51,110,Pork Ramen,Asian,17.95
2073,2023-02-04,0 days 13:35:51,117,Chicken Burrito,Mexican,12.95
2073,2023-02-04,0 days 13:35:51,106,French Fries,American,7.0
2073,2023-02-04,0 days 13:35:51,106,French Fries,American,7.0
2074,2023-02-04,0 days 13:41:08,124,Spaghetti,Italian,14.5
2074,2023-02-04,0 days 13:41:08,109,Korean Beef Bowl,Asian,17.95
2075,2023-02-04,0 days 14:03:04,107,Orange Chicken,Asian,16.5
2075,2023-02-04,0 days 14:03:04,115,Chicken Tacos,Mexican,11.95
2075,2023-02-04,0 days 14:03:04,102,Cheeseburger,American,13.95
2075,2023-02-04,0 days 14:03:04,124,Spaghetti,Italian,14.5
2075,2023-02-04,0 days 14:03:04,125,Spaghetti & Meatballs,Italian,17.95
2075,2023-02-04,0 days 14:03:04,127,Meat Lasagna,Italian,17.95
2075,2023-02-04,0 days 14:03:04,129,Mushroom Ravioli,Italian,15.5
2075,2023-02-04,0 days 14:03:04,111,California Roll,Asian,11.95
2075,2023-02-04,0 days 14:03:04,112,Salmon Roll,Asian,14.95
2075,2023-02-04,0 days 14:03:04,118,Steak Burrito,Mexican,14.95
2075,2023-02-04,0 days 14:03:04,122,Chips & Salsa,Mexican,7.0
2075,2023-02-04,0 days 14:03:04,132,Eggplant Parmesan,Italian,16.95
2075,2023-02-04,0 days 14:03:04,132,Eggplant Parmesan,Italian,16.95
2076,2023-02-04,0 days 14:11:44,101,Hamburger,American,12.95
2076,2023-02-04,0 days 14:11:44,127,Meat Lasagna,Italian,17.95
2077,2023-02-04,0 days 14:31:27,117,Chicken Burrito,Mexican,12.95
2078,2023-02-04,0 days 14:49:29,101,Hamburger,American,12.95
2078,2023-02-04,0 days 14:49:29,131,Chicken Parmesan,Italian,17.95
2079,2023-02-04,0 days 14:57:11,122,Chips & Salsa,Mexican,7.0
2080,2023-02-04,0 days 14:58:48,102,Cheeseburger,American,13.95
2080,2023-02-04,0 days 14:58:48,128,Cheese Lasagna,Italian,15.5
2081,2023-02-04,0 days 15:14:39,129,Mushroom Ravioli,Italian,15.5
2081,2023-02-04,0 days 15:14:39,112,Salmon Roll,Asian,14.95
2081,2023-02-04,0 days 15:14:39,112,Salmon Roll,Asian,14.95
2081,2023-02-04,0 days 15:14:39,113,Edamame,Asian,5.0
2082,2023-02-04,0 days 15:16:20,112,Salmon Roll,Asian,14.95
2083,2023-02-04,0 days 15:40:20,104,Veggie Burger,American,10.5
2084,2023-02-04,0 days 16:06:23,125,Spaghetti & Meatballs,Italian,17.95
2084,2023-02-04,0 days 16:06:23,117,Chicken Burrito,Mexican,12.95
2085,2023-02-04,0 days 16:16:36,127,Meat Lasagna,Italian,17.95
2086,2023-02-04,0 days 16:38:50,109,Korean Beef Bowl,Asian,17.95
2086,2023-02-04,0 days 16:38:50,111,California Roll,Asian,11.95
2087,2023-02-04,0 days 16:39:18,101,Hamburger,American,12.95
2087,2023-02-04,0 days 16:39:18,125,Spaghetti & Meatballs,Italian,17.95
2088,2023-02-04,0 days 16:48:57,123,Chips & Guacamole,Mexican,9.0
2089,2023-02-04,0 days 17:05:16,122,Chips & Salsa,Mexican,7.0
2090,2023-02-04,0 days 17:17:07,101,Hamburger,American,12.95
2090,2023-02-04,0 days 17:17:07,110,Pork Ramen,Asian,17.95
2090,2023-02-04,0 days 17:17:07,105,Mac & Cheese,American,7.0
2090,2023-02-04,0 days 17:17:07,131,Chicken Parmesan,Italian,17.95
2091,2023-02-04,0 days 17:17:43,124,Spaghetti,Italian,14.5
2091,2023-02-04,0 days 17:17:43,121,Cheese Quesadillas,Mexican,10.5
2092,2023-02-04,0 days 17:31:43,109,Korean Beef Bowl,Asian,17.95
2092,2023-02-04,0 days 17:31:43,129,Mushroom Ravioli,Italian,15.5
2093,2023-02-04,0 days 17:33:29,113,Edamame,Asian,5.0
2093,2023-02-04,0 days 17:33:29,123,Chips & Guacamole,Mexican,9.0
2094,2023-02-04,0 days 17:35:45,109,Korean Beef Bowl,Asian,17.95
2094,2023-02-04,0 days 17:35:45,127,Meat Lasagna,Italian,17.95
2095,2023-02-04,0 days 17:49:55,101,Hamburger,American,12.95
2095,2023-02-04,0 days 17:49:55,102,Cheeseburger,American,13.95
2095,2023-02-04,0 days 17:49:55,110,Pork Ramen,Asian,17.95
2095,2023-02-04,0 days 17:49:55,105,Mac & Cheese,American,7.0
2096,2023-02-04,0 days 18:11:16,112,Salmon Roll,Asian,14.95
2097,2023-02-04,0 days 18:13:32,125,Spaghetti & Meatballs,Italian,17.95
2097,2023-02-04,0 days 18:13:32,105,Mac & Cheese,American,7.0
2098,2023-02-04,0 days 18:16:27,108,Tofu Pad Thai,Asian,14.5
2098,2023-02-04,0 days 18:16:27,124,Spaghetti,Italian,14.5
2099,2023-02-04,0 days 18:44:17,113,Edamame,Asian,5.0
2100,2023-02-04,0 days 18:46:03,108,Tofu Pad Thai,Asian,14.5
2100,2023-02-04,0 days 18:46:03,117,Chicken Burrito,Mexican,12.95
2101,2023-02-04,0 days 19:27:08,115,Chicken Tacos,Mexican,11.95
2101,2023-02-04,0 days 19:27:08,108,Tofu Pad Thai,Asian,14.5
2101,2023-02-04,0 days 19:27:08,117,Chicken Burrito,Mexican,12.95
2102,2023-02-04,0 days 19:30:52,107,Orange Chicken,Asian,16.5
2102,2023-02-04,0 days 19:30:52,127,Meat Lasagna,Italian,17.95
2102,2023-02-04,0 days 19:30:52,129,Mushroom Ravioli,Italian,15.5
2103,2023-02-04,0 days 19:38:28,101,Hamburger,American,12.95
2103,2023-02-04,0 days 19:38:28,116,Steak Tacos,Mexican,13.95
2103,2023-02-04,0 days 19:38:28,102,Cheeseburger,American,13.95
2103,2023-02-04,0 days 19:38:28,105,Mac & Cheese,American,7.0
2104,2023-02-04,0 days 20:09:43,124,Spaghetti,Italian,14.5
2104,2023-02-04,0 days 20:09:43,129,Mushroom Ravioli,Italian,15.5
2104,2023-02-04,0 days 20:09:43,105,Mac & Cheese,American,7.0
2105,2023-02-04,0 days 20:22:27,125,Spaghetti & Meatballs,Italian,17.95
2106,2023-02-04,0 days 20:54:54,131,Chicken Parmesan,Italian,17.95
2106,2023-02-04,0 days 20:54:54,114,Potstickers,Asian,9.0
2107,2023-02-04,0 days 21:01:41,128,Cheese Lasagna,Italian,15.5
2107,2023-02-04,0 days 21:01:41,118,Steak Burrito,Mexican,14.95
2108,2023-02-04,0 days 21:05:07,102,Cheeseburger,American,13.95
2108,2023-02-04,0 days 21:05:07,124,Spaghetti,Italian,14.5
2108,2023-02-04,0 days 21:05:07,131,Chicken Parmesan,Italian,17.95
2108,2023-02-04,0 days 21:05:07,123,Chips & Guacamole,Mexican,9.0
2109,2023-02-04,0 days 21:13:14,102,Cheeseburger,American,13.95
2109,2023-02-04,0 days 21:13:14,113,Edamame,Asian,5.0
2110,2023-02-04,0 days 21:16:34,111,California Roll,Asian,11.95
2110,2023-02-04,0 days 21:16:34,119,Chicken Torta,Mexican,11.95
2111,2023-02-04,0 days 21:28:44,101,Hamburger,American,12.95
2111,2023-02-04,0 days 21:28:44,103,Hot Dog,American,9.0
2111,2023-02-04,0 days 21:28:44,110,Pork Ramen,Asian,17.95
2111,2023-02-04,0 days 21:28:44,113,Edamame,Asian,5.0
2112,2023-02-04,0 days 22:07:51,101,Hamburger,American,12.95
2113,2023-02-04,0 days 22:16:08,103,Hot Dog,American,9.0
2113,2023-02-04,0 days 22:16:08,129,Mushroom Ravioli,Italian,15.5
2114,2023-02-04,0 days 22:26:28,108,Tofu Pad Thai,Asian,14.5
2115,2023-02-05,0 days 11:15:19,107,Orange Chicken,Asian,16.5
2115,2023-02-05,0 days 11:15:19,109,Korean Beef Bowl,Asian,17.95
2115,2023-02-05,0 days 11:15:19,113,Edamame,Asian,5.0
2115,2023-02-05,0 days 11:15:19,105,Mac & Cheese,American,7.0
2116,2023-02-05,0 days 12:11:52,129,Mushroom Ravioli,Italian,15.5
2117,2023-02-05,0 days 12:20:33,120,Steak Torta,Mexican,13.95
2118,2023-02-05,0 days 12:24:57,102,Cheeseburger,American,13.95
2118,2023-02-05,0 days 12:24:57,105,Mac & Cheese,American,7.0
2118,2023-02-05,0 days 12:24:57,105,Mac & Cheese,American,7.0
2119,2023-02-05,0 days 12:30:46,111,California Roll,Asian,11.95
2120,2023-02-05,0 days 12:47:12,114,Potstickers,Asian,9.0
2121,2023-02-05,0 days 12:50:51,114,Potstickers,Asian,9.0
2122,2023-02-05,0 days 12:52:55,110,Pork Ramen,Asian,17.95
2122,2023-02-05,0 days 12:52:55,110,Pork Ramen,Asian,17.95
2123,2023-02-05,0 days 12:54:56,122,Chips & Salsa,Mexican,7.0
2124,2023-02-05,0 days 12:56:27,117,Chicken Burrito,Mexican,12.95
2124,2023-02-05,0 days 12:56:27,129,Mushroom Ravioli,Italian,15.5
2124,2023-02-05,0 days 12:56:27,120,Steak Torta,Mexican,13.95
2124,2023-02-05,0 days 12:56:27,120,Steak Torta,Mexican,13.95
2124,2023-02-05,0 days 12:56:27,121,Cheese Quesadillas,Mexican,10.5
2125,2023-02-05,0 days 13:06:10,109,Korean Beef Bowl,Asian,17.95
2126,2023-02-05,0 days 13:31:29,101,Hamburger,American,12.95
2126,2023-02-05,0 days 13:31:29,101,Hamburger,American,12.95
2126,2023-02-05,0 days 13:31:29,104,Veggie Burger,American,10.5
2126,2023-02-05,0 days 13:31:29,125,Spaghetti & Meatballs,Italian,17.95
2126,2023-02-05,0 days 13:31:29,126,Fettuccine Alfredo,Italian,14.5
2126,2023-02-05,0 days 13:31:29,109,Korean Beef Bowl,Asian,17.95
2126,2023-02-05,0 days 13:31:29,128,Cheese Lasagna,Italian,15.5
2126,2023-02-05,0 days 13:31:29,111,California Roll,Asian,11.95
2126,2023-02-05,0 days 13:31:29,113,Edamame,Asian,5.0
2126,2023-02-05,0 days 13:31:29,118,Steak Burrito,Mexican,14.95
2126,2023-02-05,0 days 13:31:29,119,Chicken Torta,Mexican,11.95
2126,2023-02-05,0 days 13:31:29,120,Steak Torta,Mexican,13.95
2126,2023-02-05,0 days 13:31:29,132,Eggplant Parmesan,Italian,16.95
2127,2023-02-05,0 days 13:42:16,108,Tofu Pad Thai,Asian,14.5
2128,2023-02-05,0 days 13:42:50,108,Tofu Pad Thai,Asian,14.5
2128,2023-02-05,0 days 13:42:50,120,Steak Torta,Mexican,13.95
2129,2023-02-05,0 days 13:48:38,125,Spaghetti & Meatballs,Italian,17.95
2129,2023-02-05,0 days 13:48:38,109,Korean Beef Bowl,Asian,17.95
2129,2023-02-05,0 days 13:48:38,117,Chicken Burrito,Mexican,12.95
2129,2023-02-05,0 days 13:48:38,131,Chicken Parmesan,Italian,17.95
2130,2023-02-05,0 days 14:17:14,122,Chips & Salsa,Mexican,7.0
2131,2023-02-05,0 days 14:17:24,116,Steak Tacos,Mexican,13.95
2132,2023-02-05,0 days 14:18:04,115,Chicken Tacos,Mexican,11.95
2132,2023-02-05,0 days 14:18:04,109,Korean Beef Bowl,Asian,17.95
2132,2023-02-05,0 days 14:18:04,111,California Roll,Asian,11.95
2132,2023-02-05,0 days 14:18:04,114,Potstickers,Asian,9.0
2133,2023-02-05,0 days 14:18:52,131,Chicken Parmesan,Italian,17.95
2134,2023-02-05,0 days 14:36:32,110,Pork Ramen,Asian,17.95
2134,2023-02-05,0 days 14:36:32,113,Edamame,Asian,5.0
2134,2023-02-05,0 days 14:36:32,131,Chicken Parmesan,Italian,17.95
2135,2023-02-05,0 days 14:38:28,107,Orange Chicken,Asian,16.5
2135,2023-02-05,0 days 14:38:28,125,Spaghetti & Meatballs,Italian,17.95
2135,2023-02-05,0 days 14:38:28,126,Fettuccine Alfredo,Italian,14.5
2136,2023-02-05,0 days 14:54:49,102,Cheeseburger,American,13.95
2136,2023-02-05,0 days 14:54:49,108,Tofu Pad Thai,Asian,14.5
2136,2023-02-05,0 days 14:54:49,111,California Roll,Asian,11.95
2137,2023-02-05,0 days 15:00:15,116,Steak Tacos,Mexican,13.95
2137,2023-02-05,0 days 15:00:15,102,Cheeseburger,American,13.95
2137,2023-02-05,0 days 15:00:15,109,Korean Beef Bowl,Asian,17.95
2138,2023-02-05,0 days 15:08:13,109,Korean Beef Bowl,Asian,17.95
2138,2023-02-05,0 days 15:08:13,132,Eggplant Parmesan,Italian,16.95
2139,2023-02-05,0 days 15:41:58,125,Spaghetti & Meatballs,Italian,17.95
2140,2023-02-05,0 days 16:55:35,130,Shrimp Scampi,Italian,19.95
2141,2023-02-05,0 days 17:00:13,112,Salmon Roll,Asian,14.95
2142,2023-02-05,0 days 17:36:09,101,Hamburger,American,12.95
2142,2023-02-05,0 days 17:36:09,123,Chips & Guacamole,Mexican,9.0
2143,2023-02-05,0 days 17:44:52,108,Tofu Pad Thai,Asian,14.5
2143,2023-02-05,0 days 17:44:52,108,Tofu Pad Thai,Asian,14.5
2143,2023-02-05,0 days 17:44:52,108,Tofu Pad Thai,Asian,14.5
2143,2023-02-05,0 days 17:44:52,113,Edamame,Asian,5.0
2144,2023-02-05,0 days 17:48:08,102,Cheeseburger,American,13.95
2144,2023-02-05,0 days 17:48:08,105,Mac & Cheese,American,7.0
2145,2023-02-05,0 days 17:57:12,111,California Roll,Asian,11.95
2145,2023-02-05,0 days 17:57:12,131,Chicken Parmesan,Italian,17.95
2146,2023-02-05,0 days 18:04:19,126,Fettuccine Alfredo,Italian,14.5
2146,2023-02-05,0 days 18:04:19,117,Chicken Burrito,Mexican,12.95
2147,2023-02-05,0 days 18:11:25,124,Spaghetti,Italian,14.5
2147,2023-02-05,0 days 18:11:25,113,Edamame,Asian,5.0
2147,2023-02-05,0 days 18:11:25,113,Edamame,Asian,5.0
2147,2023-02-05,0 days 18:11:25,123,Chips & Guacamole,Mexican,9.0
2148,2023-02-05,0 days 18:15:37,117,Chicken Burrito,Mexican,12.95
2148,2023-02-05,0 days 18:15:37,119,Chicken Torta,Mexican,11.95
2149,2023-02-05,0 days 18:19:51,117,Chicken Burrito,Mexican,12.95
2150,2023-02-05,0 days 18:22:25,110,Pork Ramen,Asian,17.95
2151,2023-02-05,0 days 18:22:28,101,Hamburger,American,12.95
2151,2023-02-05,0 days 18:22:28,130,Shrimp Scampi,Italian,19.95
2152,2023-02-05,0 days 18:35:11,110,Pork Ramen,Asian,17.95
2152,2023-02-05,0 days 18:35:11,118,Steak Burrito,Mexican,14.95
2153,2023-02-05,0 days 18:38:01,109,Korean Beef Bowl,Asian,17.95
2153,2023-02-05,0 days 18:38:01,122,Chips & Salsa,Mexican,7.0
2154,2023-02-05,0 days 18:55:27,101,Hamburger,American,12.95
2154,2023-02-05,0 days 18:55:27,116,Steak Tacos,Mexican,13.95
2155,2023-02-05,0 days 18:59:56,117,Chicken Burrito,Mexican,12.95
2155,2023-02-05,0 days 18:59:56,106,French Fries,American,7.0
2156,2023-02-05,0 days 19:29:29,117,Chicken Burrito,Mexican,12.95
2156,2023-02-05,0 days 19:29:29,129,Mushroom Ravioli,Italian,15.5
2156,2023-02-05,0 days 19:29:29,121,Cheese Quesadillas,Mexican,10.5
2157,2023-02-05,0 days 19:39:29,110,Pork Ramen,Asian,17.95
2157,2023-02-05,0 days 19:39:29,105,Mac & Cheese,American,7.0
2158,2023-02-05,0 days 19:49:47,117,Chicken Burrito,Mexican,12.95
2158,2023-02-05,0 days 19:49:47,113,Edamame,Asian,5.0
2159,2023-02-05,0 days 19:55:12,107,Orange Chicken,Asian,16.5
2159,2023-02-05,0 days 19:55:12,102,Cheeseburger,American,13.95
2159,2023-02-05,0 days 19:55:12,108,Tofu Pad Thai,Asian,14.5
2159,2023-02-05,0 days 19:55:12,109,Korean Beef Bowl,Asian,17.95
2160,2023-02-05,0 days 20:01:50,113,Edamame,Asian,5.0
2161,2023-02-05,0 days 20:10:24,101,Hamburger,American,12.95
2161,2023-02-05,0 days 20:10:24,118,Steak Burrito,Mexican,14.95
2162,2023-02-05,0 days 20:15:06,108,Tofu Pad Thai,Asian,14.5
2162,2023-02-05,0 days 20:15:06,105,Mac & Cheese,American,7.0
2163,2023-02-05,0 days 20:18:08,115,Chicken Tacos,Mexican,11.95
2163,2023-02-05,0 days 20:18:08,123,Chips & Guacamole,Mexican,9.0
2164,2023-02-05,0 days 20:23:49,103,Hot Dog,American,9.0
2165,2023-02-05,0 days 20:29:51,102,Cheeseburger,American,13.95
2165,2023-02-05,0 days 20:29:51,105,Mac & Cheese,American,7.0
2166,2023-02-05,0 days 20:41:36,132,Eggplant Parmesan,Italian,16.95
2167,2023-02-05,0 days 20:56:14,122,Chips & Salsa,Mexican,7.0
2168,2023-02-05,0 days 20:59:08,119,Chicken Torta,Mexican,11.95
2169,2023-02-05,0 days 21:23:02,119,Chicken Torta,Mexican,11.95
2169,2023-02-05,0 days 21:23:02,132,Eggplant Parmesan,Italian,16.95
2170,2023-02-05,0 days 21:34:23,124,Spaghetti,Italian,14.5
2171,2023-02-05,0 days 21:48:24,119,Chicken Torta,Mexican,11.95
2172,2023-02-05,0 days 21:51:44,115,Chicken Tacos,Mexican,11.95
2172,2023-02-05,0 days 21:51:44,125,Spaghetti & Meatballs,Italian,17.95
2172,2023-02-05,0 days 21:51:44,120,Steak Torta,Mexican,13.95
2172,2023-02-05,0 days 21:51:44,120,Steak Torta,Mexican,13.95
2173,2023-02-05,0 days 21:56:42,107,Orange Chicken,Asian,16.5
2174,2023-02-05,0 days 22:00:17,118,Steak Burrito,Mexican,14.95
2174,2023-02-05,0 days 22:00:17,120,Steak Torta,Mexican,13.95
2174,2023-02-05,0 days 22:00:17,121,Cheese Quesadillas,Mexican,10.5
2174,2023-02-05,0 days 22:00:17,105,Mac & Cheese,American,7.0
2175,2023-02-06,0 days 11:16:08,124,Spaghetti,Italian,14.5
2176,2023-02-06,0 days 11:18:53,116,Steak Tacos,Mexican,13.95
2177,2023-02-06,0 days 11:25:48,116,Steak Tacos,Mexican,13.95
2177,2023-02-06,0 days 11:25:48,113,Edamame,Asian,5.0
2178,2023-02-06,0 days 11:32:25,109,Korean Beef Bowl,Asian,17.95
2179,2023-02-06,0 days 11:54:09,113,Edamame,Asian,5.0
2180,2023-02-06,0 days 11:59:14,108,Tofu Pad Thai,Asian,14.5
2180,2023-02-06,0 days 11:59:14,130,Shrimp Scampi,Italian,19.95
2181,2023-02-06,0 days 12:06:15,125,Spaghetti & Meatballs,Italian,17.95
2181,2023-02-06,0 days 12:06:15,125,Spaghetti & Meatballs,Italian,17.95
2182,2023-02-06,0 days 12:22:30,107,Orange Chicken,Asian,16.5
2182,2023-02-06,0 days 12:22:30,102,Cheeseburger,American,13.95
2182,2023-02-06,0 days 12:22:30,108,Tofu Pad Thai,Asian,14.5
2182,2023-02-06,0 days 12:22:30,125,Spaghetti & Meatballs,Italian,17.95
2182,2023-02-06,0 days 12:22:30,109,Korean Beef Bowl,Asian,17.95
2182,2023-02-06,0 days 12:22:30,110,Pork Ramen,Asian,17.95
2182,2023-02-06,0 days 12:22:30,117,Chicken Burrito,Mexican,12.95
2182,2023-02-06,0 days 12:22:30,118,Steak Burrito,Mexican,14.95
2182,2023-02-06,0 days 12:22:30,120,Steak Torta,Mexican,13.95
2183,2023-02-06,0 days 12:25:17,101,Hamburger,American,12.95
2183,2023-02-06,0 days 12:25:17,104,Veggie Burger,American,10.5
2183,2023-02-06,0 days 12:25:17,111,California Roll,Asian,11.95
2183,2023-02-06,0 days 12:25:17,105,Mac & Cheese,American,7.0
2184,2023-02-06,0 days 12:40:25,107,Orange Chicken,Asian,16.5
2184,2023-02-06,0 days 12:40:25,115,Chicken Tacos,Mexican,11.95
2184,2023-02-06,0 days 12:40:25,108,Tofu Pad Thai,Asian,14.5
2185,2023-02-06,0 days 12:54:25,103,Hot Dog,American,9.0
2186,2023-02-06,0 days 13:03:16,112,Salmon Roll,Asian,14.95
2187,2023-02-06,0 days 13:10:13,116,Steak Tacos,Mexican,13.95
2187,2023-02-06,0 days 13:10:13,124,Spaghetti,Italian,14.5
2187,2023-02-06,0 days 13:10:13,120,Steak Torta,Mexican,13.95
2187,2023-02-06,0 days 13:10:13,105,Mac & Cheese,American,7.0
2187,2023-02-06,0 days 13:10:13,114,Potstickers,Asian,9.0
2188,2023-02-06,0 days 13:13:33,116,Steak Tacos,Mexican,13.95
2188,2023-02-06,0 days 13:13:33,108,Tofu Pad Thai,Asian,14.5
2188,2023-02-06,0 days 13:13:33,124,Spaghetti,Italian,14.5
2188,2023-02-06,0 days 13:13:33,109,Korean Beef Bowl,Asian,17.95
2188,2023-02-06,0 days 13:13:33,109,Korean Beef Bowl,Asian,17.95
2188,2023-02-06,0 days 13:13:33,127,Meat Lasagna,Italian,17.95
2188,2023-02-06,0 days 13:13:33,128,Cheese Lasagna,Italian,15.5
2188,2023-02-06,0 days 13:13:33,112,Salmon Roll,Asian,14.95
2188,2023-02-06,0 days 13:13:33,112,Salmon Roll,Asian,14.95
2188,2023-02-06,0 days 13:13:33,113,Edamame,Asian,5.0
2188,2023-02-06,0 days 13:13:33,121,Cheese Quesadillas,Mexican,10.5
2188,2023-02-06,0 days 13:13:33,122,Chips & Salsa,Mexican,7.0
2188,2023-02-06,0 days 13:13:33,131,Chicken Parmesan,Italian,17.95
2189,2023-02-06,0 days 13:14:59,103,Hot Dog,American,9.0
2189,2023-02-06,0 days 13:14:59,119,Chicken Torta,Mexican,11.95
2190,2023-02-06,0 days 13:19:45,107,Orange Chicken,Asian,16.5
2190,2023-02-06,0 days 13:19:45,111,California Roll,Asian,11.95
2191,2023-02-06,0 days 13:19:59,112,Salmon Roll,Asian,14.95
2191,2023-02-06,0 days 13:19:59,131,Chicken Parmesan,Italian,17.95
2191,2023-02-06,0 days 13:19:59,106,French Fries,American,7.0
2192,2023-02-06,0 days 13:20:41,106,French Fries,American,7.0
2193,2023-02-06,0 days 13:21:21,125,Spaghetti & Meatballs,Italian,17.95
2193,2023-02-06,0 days 13:21:21,109,Korean Beef Bowl,Asian,17.95
2193,2023-02-06,0 days 13:21:21,118,Steak Burrito,Mexican,14.95
2193,2023-02-06,0 days 13:21:21,119,Chicken Torta,Mexican,11.95
2194,2023-02-06,0 days 13:22:11,102,Cheeseburger,American,13.95
2194,2023-02-06,0 days 13:22:11,108,Tofu Pad Thai,Asian,14.5
2195,2023-02-06,0 days 13:39:29,108,Tofu Pad Thai,Asian,14.5
2195,2023-02-06,0 days 13:39:29,118,Steak Burrito,Mexican,14.95
2195,2023-02-06,0 days 13:39:29,123,Chips & Guacamole,Mexican,9.0
2196,2023-02-06,0 days 13:45:32,105,Mac & Cheese,American,7.0
2197,2023-02-06,0 days 14:01:18,109,Korean Beef Bowl,Asian,17.95
2197,2023-02-06,0 days 14:01:18,111,California Roll,Asian,11.95
2198,2023-02-06,0 days 14:13:09,102,Cheeseburger,American,13.95
2198,2023-02-06,0 days 14:13:09,108,Tofu Pad Thai,Asian,14.5
2198,2023-02-06,0 days 14:13:09,126,Fettuccine Alfredo,Italian,14.5
2198,2023-02-06,0 days 14:13:09,110,Pork Ramen,Asian,17.95
2199,2023-02-06,0 days 14:36:06,120,Steak Torta,Mexican,13.95
2200,2023-02-06,0 days 15:21:45,130,Shrimp Scampi,Italian,19.95
2201,2023-02-06,0 days 15:24:02,128,Cheese Lasagna,Italian,15.5
2202,2023-02-06,0 days 15:31:14,111,California Roll,Asian,11.95
2202,2023-02-06,0 days 15:31:14,131,Chicken Parmesan,Italian,17.95
2203,2023-02-06,0 days 16:11:41,101,Hamburger,American,12.95
2203,2023-02-06,0 days 16:11:41,129,Mushroom Ravioli,Italian,15.5
2203,2023-02-06,0 days 16:11:41,105,Mac & Cheese,American,7.0
2203,2023-02-06,0 days 16:11:41,131,Chicken Parmesan,Italian,17.95
2204,2023-02-06,0 days 16:28:46,130,Shrimp Scampi,Italian,19.95
2205,2023-02-06,0 days 16:39:28,101,Hamburger,American,12.95
2205,2023-02-06,0 days 16:39:28,117,Chicken Burrito,Mexican,12.95
2206,2023-02-06,0 days 16:59:29,107,Orange Chicken,Asian,16.5
2206,2023-02-06,0 days 16:59:29,102,Cheeseburger,American,13.95
2206,2023-02-06,0 days 16:59:29,112,Salmon Roll,Asian,14.95
2207,2023-02-06,0 days 17:00:57,106,French Fries,American,7.0
2208,2023-02-06,0 days 17:10:44,107,Orange Chicken,Asian,16.5
2208,2023-02-06,0 days 17:10:44,109,Korean Beef Bowl,Asian,17.95
2209,2023-02-06,0 days 17:11:37,105,Mac & Cheese,American,7.0
2209,2023-02-06,0 days 17:11:37,122,Chips & Salsa,Mexican,7.0
2209,2023-02-06,0 days 17:11:37,132,Eggplant Parmesan,Italian,16.95
2210,2023-02-06,0 days 17:24:07,108,Tofu Pad Thai,Asian,14.5
2211,2023-02-06,0 days 17:30:36,126,Fettuccine Alfredo,Italian,14.5
2211,2023-02-06,0 days 17:30:36,111,California Roll,Asian,11.95
2212,2023-02-06,0 days 17:52:48,113,Edamame,Asian,5.0
2213,2023-02-06,0 days 17:53:26,124,Spaghetti,Italian,14.5
2213,2023-02-06,0 days 17:53:26,106,French Fries,American,7.0
2214,2023-02-06,0 days 17:57:31,120,Steak Torta,Mexican,13.95
2214,2023-02-06,0 days 17:57:31,122,Chips & Salsa,Mexican,7.0
2215,2023-02-06,0 days 18:07:53,109,Korean Beef Bowl,Asian,17.95
2215,2023-02-06,0 days 18:07:53,122,Chips & Salsa,Mexican,7.0
2216,2023-02-06,0 days 18:10:26,117,Chicken Burrito,Mexican,12.95
2216,2023-02-06,0 days 18:10:26,120,Steak Torta,Mexican,13.95
2217,2023-02-06,0 days 18:21:44,101,Hamburger,American,12.95
2217,2023-02-06,0 days 18:21:44,118,Steak Burrito,Mexican,14.95
2217,2023-02-06,0 days 18:21:44,120,Steak Torta,Mexican,13.95
2218,2023-02-06,0 days 18:29:00,130,Shrimp Scampi,Italian,19.95
2218,2023-02-06,0 days 18:29:00,131,Chicken Parmesan,Italian,17.95
2219,2023-02-06,0 days 18:41:54,128,Cheese Lasagna,Italian,15.5
2219,2023-02-06,0 days 18:41:54,132,Eggplant Parmesan,Italian,16.95
2220,2023-02-06,0 days 18:46:32,128,Cheese Lasagna,Italian,15.5
2221,2023-02-06,0 days 18:47:16,116,Steak Tacos,Mexican,13.95
2221,2023-02-06,0 days 18:47:16,105,Mac & Cheese,American,7.0
2221,2023-02-06,0 days 18:47:16,106,French Fries,American,7.0
2221,2023-02-06,0 days 18:47:16,132,Eggplant Parmesan,Italian,16.95
2222,2023-02-06,0 days 18:51:55,101,Hamburger,American,12.95
2222,2023-02-06,0 days 18:51:55,116,Steak Tacos,Mexican,13.95
2222,2023-02-06,0 days 18:51:55,120,Steak Torta,Mexican,13.95
2224,2023-02-06,0 days 19:02:49,117,Chicken Burrito,Mexican,12.95
2225,2023-02-06,0 days 19:23:26,120,Steak Torta,Mexican,13.95
2226,2023-02-06,0 days 19:29:57,102,Cheeseburger,American,13.95
2226,2023-02-06,0 days 19:29:57,113,Edamame,Asian,5.0
2226,2023-02-06,0 days 19:29:57,122,Chips & Salsa,Mexican,7.0
2227,2023-02-06,0 days 19:43:48,132,Eggplant Parmesan,Italian,16.95
2228,2023-02-06,0 days 20:04:33,111,California Roll,Asian,11.95
2228,2023-02-06,0 days 20:04:33,130,Shrimp Scampi,Italian,19.95
2229,2023-02-06,0 days 20:16:54,102,Cheeseburger,American,13.95
2229,2023-02-06,0 days 20:16:54,109,Korean Beef Bowl,Asian,17.95
2229,2023-02-06,0 days 20:16:54,112,Salmon Roll,Asian,14.95
2230,2023-02-06,0 days 20:41:12,108,Tofu Pad Thai,Asian,14.5
2231,2023-02-06,0 days 20:42:58,131,Chicken Parmesan,Italian,17.95
2232,2023-02-06,0 days 20:50:02,101,Hamburger,American,12.95
2232,2023-02-06,0 days 20:50:02,124,Spaghetti,Italian,14.5
2232,2023-02-06,0 days 20:50:02,117,Chicken Burrito,Mexican,12.95
2233,2023-02-06,0 days 21:07:01,109,Korean Beef Bowl,Asian,17.95
2234,2023-02-06,0 days 21:17:17,107,Orange Chicken,Asian,16.5
2234,2023-02-06,0 days 21:17:17,124,Spaghetti,Italian,14.5
2234,2023-02-06,0 days 21:17:17,117,Chicken Burrito,Mexican,12.95
2234,2023-02-06,0 days 21:17:17,132,Eggplant Parmesan,Italian,16.95
2235,2023-02-06,0 days 21:26:37,111,California Roll,Asian,11.95
2235,2023-02-06,0 days 21:26:37,118,Steak Burrito,Mexican,14.95
2236,2023-02-06,0 days 21:32:03,104,Veggie Burger,American,10.5
2236,2023-02-06,0 days 21:32:03,118,Steak Burrito,Mexican,14.95
2236,2023-02-06,0 days 21:32:03,130,Shrimp Scampi,Italian,19.95
2237,2023-02-06,0 days 21:37:09,102,Cheeseburger,American,13.95
2237,2023-02-06,0 days 21:37:09,109,Korean Beef Bowl,Asian,17.95
2237,2023-02-06,0 days 21:37:09,122,Chips & Salsa,Mexican,7.0
2238,2023-02-06,0 days 21:38:28,114,Potstickers,Asian,9.0
2239,2023-02-06,0 days 22:09:09,108,Tofu Pad Thai,Asian,14.5
2240,2023-02-06,0 days 22:22:17,115,Chicken Tacos,Mexican,11.95
2240,2023-02-06,0 days 22:22:17,130,Shrimp Scampi,Italian,19.95
2241,2023-02-07,0 days 11:40:43,109,Korean Beef Bowl,Asian,17.95
2241,2023-02-07,0 days 11:40:43,131,Chicken Parmesan,Italian,17.95
2241,2023-02-07,0 days 11:40:43,106,French Fries,American,7.0
2242,2023-02-07,0 days 11:57:32,107,Orange Chicken,Asian,16.5
2242,2023-02-07,0 days 11:57:32,102,Cheeseburger,American,13.95
2242,2023-02-07,0 days 11:57:32,110,Pork Ramen,Asian,17.95
2242,2023-02-07,0 days 11:57:32,117,Chicken Burrito,Mexican,12.95
2242,2023-02-07,0 days 11:57:32,129,Mushroom Ravioli,Italian,15.5
2243,2023-02-07,0 days 12:22:59,101,Hamburger,American,12.95
2243,2023-02-07,0 days 12:22:59,104,Veggie Burger,American,10.5
2244,2023-02-07,0 days 12:24:36,132,Eggplant Parmesan,Italian,16.95
2245,2023-02-07,0 days 12:30:31,122,Chips & Salsa,Mexican,7.0
2246,2023-02-07,0 days 12:52:30,102,Cheeseburger,American,13.95
2246,2023-02-07,0 days 12:52:30,108,Tofu Pad Thai,Asian,14.5
2247,2023-02-07,0 days 13:15:55,120,Steak Torta,Mexican,13.95
2248,2023-02-07,0 days 13:22:06,103,Hot Dog,American,9.0
2248,2023-02-07,0 days 13:22:06,105,Mac & Cheese,American,7.0
2249,2023-02-07,0 days 13:24:15,130,Shrimp Scampi,Italian,19.95
2250,2023-02-07,0 days 13:31:14,119,Chicken Torta,Mexican,11.95
2251,2023-02-07,0 days 13:58:00,106,French Fries,American,7.0
2251,2023-02-07,0 days 13:58:00,114,Potstickers,Asian,9.0
2252,2023-02-07,0 days 14:32:17,107,Orange Chicken,Asian,16.5
2252,2023-02-07,0 days 14:32:17,132,Eggplant Parmesan,Italian,16.95
2253,2023-02-07,0 days 14:54:01,101,Hamburger,American,12.95
2254,2023-02-07,0 days 15:00:58,101,Hamburger,American,12.95
2254,2023-02-07,0 days 15:00:58,115,Chicken Tacos,Mexican,11.95
2254,2023-02-07,0 days 15:00:58,108,Tofu Pad Thai,Asian,14.5
2254,2023-02-07,0 days 15:00:58,117,Chicken Burrito,Mexican,12.95
2254,2023-02-07,0 days 15:00:58,117,Chicken Burrito,Mexican,12.95
2254,2023-02-07,0 days 15:00:58,127,Meat Lasagna,Italian,17.95
2254,2023-02-07,0 days 15:00:58,120,Steak Torta,Mexican,13.95
2254,2023-02-07,0 days 15:00:58,106,French Fries,American,7.0
2254,2023-02-07,0 days 15:00:58,132,Eggplant Parmesan,Italian,16.95
2255,2023-02-07,0 days 15:15:54,107,Orange Chicken,Asian,16.5
2255,2023-02-07,0 days 15:15:54,108,Tofu Pad Thai,Asian,14.5
2255,2023-02-07,0 days 15:15:54,122,Chips & Salsa,Mexican,7.0
2256,2023-02-07,0 days 15:22:04,125,Spaghetti & Meatballs,Italian,17.95
2256,2023-02-07,0 days 15:22:04,113,Edamame,Asian,5.0
2256,2023-02-07,0 days 15:22:04,106,French Fries,American,7.0
2256,2023-02-07,0 days 15:22:04,132,Eggplant Parmesan,Italian,16.95
2257,2023-02-07,0 days 15:28:55,107,Orange Chicken,Asian,16.5
2257,2023-02-07,0 days 15:28:55,117,Chicken Burrito,Mexican,12.95
2257,2023-02-07,0 days 15:28:55,106,French Fries,American,7.0
2259,2023-02-07,0 days 15:41:25,119,Chicken Torta,Mexican,11.95
2260,2023-02-07,0 days 15:43:28,101,Hamburger,American,12.95
2260,2023-02-07,0 days 15:43:28,115,Chicken Tacos,Mexican,11.95
2260,2023-02-07,0 days 15:43:28,130,Shrimp Scampi,Italian,19.95
2260,2023-02-07,0 days 15:43:28,131,Chicken Parmesan,Italian,17.95
2261,2023-02-07,0 days 15:48:00,110,Pork Ramen,Asian,17.95
2262,2023-02-07,0 days 16:36:54,125,Spaghetti & Meatballs,Italian,17.95
2262,2023-02-07,0 days 16:36:54,119,Chicken Torta,Mexican,11.95
2263,2023-02-07,0 days 16:42:45,102,Cheeseburger,American,13.95
2263,2023-02-07,0 days 16:42:45,122,Chips & Salsa,Mexican,7.0
2264,2023-02-07,0 days 16:46:03,110,Pork Ramen,Asian,17.95
2264,2023-02-07,0 days 16:46:03,131,Chicken Parmesan,Italian,17.95
2265,2023-02-07,0 days 17:05:42,101,Hamburger,American,12.95
2265,2023-02-07,0 days 17:05:42,126,Fettuccine Alfredo,Italian,14.5
2265,2023-02-07,0 days 17:05:42,109,Korean Beef Bowl,Asian,17.95
2265,2023-02-07,0 days 17:05:42,132,Eggplant Parmesan,Italian,16.95
2266,2023-02-07,0 days 17:20:38,131,Chicken Parmesan,Italian,17.95
2267,2023-02-07,0 days 17:22:30,103,Hot Dog,American,9.0
2267,2023-02-07,0 days 17:22:30,108,Tofu Pad Thai,Asian,14.5
2267,2023-02-07,0 days 17:22:30,121,Cheese Quesadillas,Mexican,10.5
2268,2023-02-07,0 days 17:27:05,105,Mac & Cheese,American,7.0
2269,2023-02-07,0 days 17:40:20,107,Orange Chicken,Asian,16.5
2269,2023-02-07,0 days 17:40:20,117,Chicken Burrito,Mexican,12.95
2270,2023-02-07,0 days 17:57:15,120,Steak Torta,Mexican,13.95
2270,2023-02-07,0 days 17:57:15,106,French Fries,American,7.0
2271,2023-02-07,0 days 18:09:56,105,Mac & Cheese,American,7.0
2272,2023-02-07,0 days 18:17:46,104,Veggie Burger,American,10.5
2272,2023-02-07,0 days 18:17:46,127,Meat Lasagna,Italian,17.95
2272,2023-02-07,0 days 18:17:46,118,Steak Burrito,Mexican,14.95
2272,2023-02-07,0 days 18:17:46,131,Chicken Parmesan,Italian,17.95
2273,2023-02-07,0 days 18:31:29,107,Orange Chicken,Asian,16.5
2273,2023-02-07,0 days 18:31:29,116,Steak Tacos,Mexican,13.95
2273,2023-02-07,0 days 18:31:29,110,Pork Ramen,Asian,17.95
2274,2023-02-07,0 days 18:35:51,132,Eggplant Parmesan,Italian,16.95
2275,2023-02-07,0 days 18:42:49,108,Tofu Pad Thai,Asian,14.5
2275,2023-02-07,0 days 18:42:49,109,Korean Beef Bowl,Asian,17.95
2276,2023-02-07,0 days 18:44:16,103,Hot Dog,American,9.0
2277,2023-02-07,0 days 18:53:49,116,Steak Tacos,Mexican,13.95
2277,2023-02-07,0 days 18:53:49,125,Spaghetti & Meatballs,Italian,17.95
2277,2023-02-07,0 days 18:53:49,125,Spaghetti & Meatballs,Italian,17.95
2277,2023-02-07,0 days 18:53:49,121,Cheese Quesadillas,Mexican,10.5
2278,2023-02-07,0 days 19:02:51,131,Chicken Parmesan,Italian,17.95
2278,2023-02-07,0 days 19:02:51,132,Eggplant Parmesan,Italian,16.95
2279,2023-02-07,0 days 19:13:49,125,Spaghetti & Meatballs,Italian,17.95
2280,2023-02-07,0 days 19:14:00,117,Chicken Burrito,Mexican,12.95
2280,2023-02-07,0 days 19:14:00,113,Edamame,Asian,5.0
2280,2023-02-07,0 days 19:14:00,119,Chicken Torta,Mexican,11.95
2280,2023-02-07,0 days 19:14:00,131,Chicken Parmesan,Italian,17.95
2281,2023-02-07,0 days 19:15:58,131,Chicken Parmesan,Italian,17.95
2282,2023-02-07,0 days 19:33:21,114,Potstickers,Asian,9.0
2283,2023-02-07,0 days 19:34:04,103,Hot Dog,American,9.0
2283,2023-02-07,0 days 19:34:04,124,Spaghetti,Italian,14.5
2283,2023-02-07,0 days 19:34:04,126,Fettuccine Alfredo,Italian,14.5
2283,2023-02-07,0 days 19:34:04,129,Mushroom Ravioli,Italian,15.5
2284,2023-02-07,0 days 19:35:53,102,Cheeseburger,American,13.95
2284,2023-02-07,0 days 19:35:53,108,Tofu Pad Thai,Asian,14.5
2284,2023-02-07,0 days 19:35:53,110,Pork Ramen,Asian,17.95
2285,2023-02-07,0 days 19:38:29,117,Chicken Burrito,Mexican,12.95
2286,2023-02-07,0 days 19:42:45,110,Pork Ramen,Asian,17.95
2287,2023-02-07,0 days 20:13:16,117,Chicken Burrito,Mexican,12.95
2288,2023-02-07,0 days 20:20:41,106,French Fries,American,7.0
2289,2023-02-07,0 days 20:29:43,102,Cheeseburger,American,13.95
2289,2023-02-07,0 days 20:29:43,119,Chicken Torta,Mexican,11.95
2289,2023-02-07,0 days 20:29:43,120,Steak Torta,Mexican,13.95
2289,2023-02-07,0 days 20:29:43,131,Chicken Parmesan,Italian,17.95
2290,2023-02-07,0 days 20:47:23,110,Pork Ramen,Asian,17.95
2291,2023-02-07,0 days 20:55:05,102,Cheeseburger,American,13.95
2291,2023-02-07,0 days 20:55:05,102,Cheeseburger,American,13.95
2291,2023-02-07,0 days 20:55:05,124,Spaghetti,Italian,14.5
2292,2023-02-07,0 days 20:57:53,108,Tofu Pad Thai,Asian,14.5
2292,2023-02-07,0 days 20:57:53,113,Edamame,Asian,5.0
2292,2023-02-07,0 days 20:57:53,119,Chicken Torta,Mexican,11.95
2292,2023-02-07,0 days 20:57:53,105,Mac & Cheese,American,7.0
2293,2023-02-07,0 days 21:14:52,101,Hamburger,American,12.95
2293,2023-02-07,0 days 21:14:52,122,Chips & Salsa,Mexican,7.0
2294,2023-02-07,0 days 21:16:09,119,Chicken Torta,Mexican,11.95
2295,2023-02-07,0 days 21:21:53,119,Chicken Torta,Mexican,11.95
2296,2023-02-07,0 days 21:24:01,102,Cheeseburger,American,13.95
2296,2023-02-07,0 days 21:24:01,117,Chicken Burrito,Mexican,12.95
2296,2023-02-07,0 days 21:24:01,105,Mac & Cheese,American,7.0
2296,2023-02-07,0 days 21:24:01,122,Chips & Salsa,Mexican,7.0
2297,2023-02-07,0 days 21:35:12,126,Fettuccine Alfredo,Italian,14.5
2298,2023-02-07,0 days 21:40:33,104,Veggie Burger,American,10.5
2298,2023-02-07,0 days 21:40:33,108,Tofu Pad Thai,Asian,14.5
2298,2023-02-07,0 days 21:40:33,105,Mac & Cheese,American,7.0
2298,2023-02-07,0 days 21:40:33,106,French Fries,American,7.0
2299,2023-02-07,0 days 21:55:00,119,Chicken Torta,Mexican,11.95
2299,2023-02-07,0 days 21:55:00,114,Potstickers,Asian,9.0
2300,2023-02-07,0 days 21:59:07,125,Spaghetti & Meatballs,Italian,17.95
2301,2023-02-07,0 days 22:10:57,116,Steak Tacos,Mexican,13.95
2301,2023-02-07,0 days 22:10:57,102,Cheeseburger,American,13.95
2302,2023-02-08,0 days 11:46:15,124,Spaghetti,Italian,14.5
2302,2023-02-08,0 days 11:46:15,110,Pork Ramen,Asian,17.95
2303,2023-02-08,0 days 12:10:20,103,Hot Dog,American,9.0
2303,2023-02-08,0 days 12:10:20,114,Potstickers,Asian,9.0
2304,2023-02-08,0 days 12:22:04,107,Orange Chicken,Asian,16.5
2304,2023-02-08,0 days 12:22:04,128,Cheese Lasagna,Italian,15.5
2305,2023-02-08,0 days 12:27:40,107,Orange Chicken,Asian,16.5
2306,2023-02-08,0 days 12:45:27,113,Edamame,Asian,5.0
2306,2023-02-08,0 days 12:45:27,113,Edamame,Asian,5.0
2306,2023-02-08,0 days 12:45:27,119,Chicken Torta,Mexican,11.95
2307,2023-02-08,0 days 12:51:06,131,Chicken Parmesan,Italian,17.95
2308,2023-02-08,0 days 13:03:37,117,Chicken Burrito,Mexican,12.95
2308,2023-02-08,0 days 13:03:37,119,Chicken Torta,Mexican,11.95
2308,2023-02-08,0 days 13:03:37,130,Shrimp Scampi,Italian,19.95
2309,2023-02-08,0 days 13:06:36,101,Hamburger,American,12.95
2309,2023-02-08,0 days 13:06:36,102,Cheeseburger,American,13.95
2309,2023-02-08,0 days 13:06:36,103,Hot Dog,American,9.0
2309,2023-02-08,0 days 13:06:36,104,Veggie Burger,American,10.5
2309,2023-02-08,0 days 13:06:36,125,Spaghetti & Meatballs,Italian,17.95
2309,2023-02-08,0 days 13:06:36,117,Chicken Burrito,Mexican,12.95
2309,2023-02-08,0 days 13:06:36,129,Mushroom Ravioli,Italian,15.5
2309,2023-02-08,0 days 13:06:36,122,Chips & Salsa,Mexican,7.0
2309,2023-02-08,0 days 13:06:36,130,Shrimp Scampi,Italian,19.95
2310,2023-02-08,0 days 13:38:04,113,Edamame,Asian,5.0
2311,2023-02-08,0 days 13:38:52,131,Chicken Parmesan,Italian,17.95
2312,2023-02-08,0 days 14:10:27,109,Korean Beef Bowl,Asian,17.95
2312,2023-02-08,0 days 14:10:27,128,Cheese Lasagna,Italian,15.5
2312,2023-02-08,0 days 14:10:27,105,Mac & Cheese,American,7.0
2313,2023-02-08,0 days 14:12:59,115,Chicken Tacos,Mexican,11.95
2313,2023-02-08,0 days 14:12:59,109,Korean Beef Bowl,Asian,17.95
2314,2023-02-08,0 days 14:25:11,107,Orange Chicken,Asian,16.5
2314,2023-02-08,0 days 14:25:11,105,Mac & Cheese,American,7.0
2314,2023-02-08,0 days 14:25:11,122,Chips & Salsa,Mexican,7.0
2315,2023-02-08,0 days 14:33:52,124,Spaghetti,Italian,14.5
2315,2023-02-08,0 days 14:33:52,117,Chicken Burrito,Mexican,12.95
2315,2023-02-08,0 days 14:33:52,113,Edamame,Asian,5.0
2315,2023-02-08,0 days 14:33:52,119,Chicken Torta,Mexican,11.95
2316,2023-02-08,0 days 14:37:47,109,Korean Beef Bowl,Asian,17.95
2317,2023-02-08,0 days 14:49:35,101,Hamburger,American,12.95
2317,2023-02-08,0 days 14:49:35,112,Salmon Roll,Asian,14.95
2317,2023-02-08,0 days 14:49:35,118,Steak Burrito,Mexican,14.95
2317,2023-02-08,0 days 14:49:35,120,Steak Torta,Mexican,13.95
2318,2023-02-08,0 days 15:00:00,122,Chips & Salsa,Mexican,7.0
2319,2023-02-08,0 days 15:10:49,118,Steak Burrito,Mexican,14.95
2319,2023-02-08,0 days 15:10:49,119,Chicken Torta,Mexican,11.95
2320,2023-02-08,0 days 15:27:41,108,Tofu Pad Thai,Asian,14.5
2321,2023-02-08,0 days 15:33:33,117,Chicken Burrito,Mexican,12.95
2322,2023-02-08,0 days 15:46:13,103,Hot Dog,American,9.0
2322,2023-02-08,0 days 15:46:13,110,Pork Ramen,Asian,17.95
2322,2023-02-08,0 days 15:46:13,113,Edamame,Asian,5.0
2322,2023-02-08,0 days 15:46:13,106,French Fries,American,7.0
2323,2023-02-08,0 days 16:07:18,101,Hamburger,American,12.95
2324,2023-02-08,0 days 16:16:21,120,Steak Torta,Mexican,13.95
2325,2023-02-08,0 days 16:28:32,118,Steak Burrito,Mexican,14.95
2326,2023-02-08,0 days 16:28:40,124,Spaghetti,Italian,14.5
2326,2023-02-08,0 days 16:28:40,109,Korean Beef Bowl,Asian,17.95
2326,2023-02-08,0 days 16:28:40,111,California Roll,Asian,11.95
2326,2023-02-08,0 days 16:28:40,106,French Fries,American,7.0
2327,2023-02-08,0 days 16:58:21,102,Cheeseburger,American,13.95
2327,2023-02-08,0 days 16:58:21,111,California Roll,Asian,11.95
2328,2023-02-08,0 days 17:02:47,102,Cheeseburger,American,13.95
2329,2023-02-08,0 days 17:19:00,109,Korean Beef Bowl,Asian,17.95
2329,2023-02-08,0 days 17:19:00,122,Chips & Salsa,Mexican,7.0
2329,2023-02-08,0 days 17:19:00,123,Chips & Guacamole,Mexican,9.0
2330,2023-02-08,0 days 17:19:54,113,Edamame,Asian,5.0
2330,2023-02-08,0 days 17:19:54,119,Chicken Torta,Mexican,11.95
2331,2023-02-08,0 days 17:20:08,127,Meat Lasagna,Italian,17.95
2331,2023-02-08,0 days 17:20:08,131,Chicken Parmesan,Italian,17.95
2332,2023-02-08,0 days 17:53:01,107,Orange Chicken,Asian,16.5
2332,2023-02-08,0 days 17:53:01,103,Hot Dog,American,9.0
2332,2023-02-08,0 days 17:53:01,108,Tofu Pad Thai,Asian,14.5
2333,2023-02-08,0 days 18:02:00,104,Veggie Burger,American,10.5
2333,2023-02-08,0 days 18:02:00,110,Pork Ramen,Asian,17.95
2333,2023-02-08,0 days 18:02:00,110,Pork Ramen,Asian,17.95
2333,2023-02-08,0 days 18:02:00,122,Chips & Salsa,Mexican,7.0
2334,2023-02-08,0 days 18:06:04,124,Spaghetti,Italian,14.5
2334,2023-02-08,0 days 18:06:04,122,Chips & Salsa,Mexican,7.0
2334,2023-02-08,0 days 18:06:04,130,Shrimp Scampi,Italian,19.95
2335,2023-02-08,0 days 18:20:27,108,Tofu Pad Thai,Asian,14.5
2335,2023-02-08,0 days 18:20:27,105,Mac & Cheese,American,7.0
2335,2023-02-08,0 days 18:20:27,122,Chips & Salsa,Mexican,7.0
2336,2023-02-08,0 days 18:24:31,112,Salmon Roll,Asian,14.95
2337,2023-02-08,0 days 18:50:18,107,Orange Chicken,Asian,16.5
2337,2023-02-08,0 days 18:50:18,109,Korean Beef Bowl,Asian,17.95
2338,2023-02-08,0 days 18:51:54,106,French Fries,American,7.0
2339,2023-02-08,0 days 18:54:41,128,Cheese Lasagna,Italian,15.5
2339,2023-02-08,0 days 18:54:41,114,Potstickers,Asian,9.0
2340,2023-02-08,0 days 18:59:56,127,Meat Lasagna,Italian,17.95
2340,2023-02-08,0 days 18:59:56,132,Eggplant Parmesan,Italian,16.95
2341,2023-02-08,0 days 19:07:53,101,Hamburger,American,12.95
2341,2023-02-08,0 days 19:07:53,117,Chicken Burrito,Mexican,12.95
2341,2023-02-08,0 days 19:07:53,127,Meat Lasagna,Italian,17.95
2342,2023-02-08,0 days 19:12:49,106,French Fries,American,7.0
2343,2023-02-08,0 days 19:20:14,122,Chips & Salsa,Mexican,7.0
2343,2023-02-08,0 days 19:20:14,106,French Fries,American,7.0
2344,2023-02-08,0 days 20:20:37,108,Tofu Pad Thai,Asian,14.5
2344,2023-02-08,0 days 20:20:37,109,Korean Beef Bowl,Asian,17.95
2344,2023-02-08,0 days 20:20:37,110,Pork Ramen,Asian,17.95
2345,2023-02-08,0 days 20:20:51,120,Steak Torta,Mexican,13.95
2346,2023-02-08,0 days 20:25:39,101,Hamburger,American,12.95
2346,2023-02-08,0 days 20:25:39,102,Cheeseburger,American,13.95
2346,2023-02-08,0 days 20:25:39,128,Cheese Lasagna,Italian,15.5
2346,2023-02-08,0 days 20:25:39,119,Chicken Torta,Mexican,11.95
2347,2023-02-08,0 days 20:28:32,126,Fettuccine Alfredo,Italian,14.5
2347,2023-02-08,0 days 20:28:32,113,Edamame,Asian,5.0
2347,2023-02-08,0 days 20:28:32,105,Mac & Cheese,American,7.0
2348,2023-02-08,0 days 20:58:36,101,Hamburger,American,12.95
2348,2023-02-08,0 days 20:58:36,115,Chicken Tacos,Mexican,11.95
2348,2023-02-08,0 days 20:58:36,121,Cheese Quesadillas,Mexican,10.5
2349,2023-02-08,0 days 20:59:06,122,Chips & Salsa,Mexican,7.0
2350,2023-02-08,0 days 21:21:37,120,Steak Torta,Mexican,13.95
2351,2023-02-08,0 days 21:52:14,109,Korean Beef Bowl,Asian,17.95
2351,2023-02-08,0 days 21:52:14,119,Chicken Torta,Mexican,11.95
2351,2023-02-08,0 days 21:52:14,119,Chicken Torta,Mexican,11.95
2351,2023-02-08,0 days 21:52:14,123,Chips & Guacamole,Mexican,9.0
2352,2023-02-08,0 days 22:21:27,112,Salmon Roll,Asian,14.95
2352,2023-02-08,0 days 22:21:27,106,French Fries,American,7.0
2353,2023-02-08,0 days 22:23:41,106,French Fries,American,7.0
2354,2023-02-08,0 days 22:36:28,129,Mushroom Ravioli,Italian,15.5
2354,2023-02-08,0 days 22:36:28,119,Chicken Torta,Mexican,11.95
2354,2023-02-08,0 days 22:36:28,123,Chips & Guacamole,Mexican,9.0
2354,2023-02-08,0 days 22:36:28,132,Eggplant Parmesan,Italian,16.95
2355,2023-02-09,0 days 11:26:25,129,Mushroom Ravioli,Italian,15.5
2356,2023-02-09,0 days 11:31:10,114,Potstickers,Asian,9.0
2358,2023-02-09,0 days 12:13:41,102,Cheeseburger,American,13.95
2358,2023-02-09,0 days 12:13:41,117,Chicken Burrito,Mexican,12.95
2359,2023-02-09,0 days 12:16:09,132,Eggplant Parmesan,Italian,16.95
2360,2023-02-09,0 days 12:19:47,102,Cheeseburger,American,13.95
2360,2023-02-09,0 days 12:19:47,120,Steak Torta,Mexican,13.95
2361,2023-02-09,0 days 12:23:58,113,Edamame,Asian,5.0
2362,2023-02-09,0 days 12:30:05,125,Spaghetti & Meatballs,Italian,17.95
2362,2023-02-09,0 days 12:30:05,111,California Roll,Asian,11.95
2362,2023-02-09,0 days 12:30:05,105,Mac & Cheese,American,7.0
2363,2023-02-09,0 days 12:35:50,108,Tofu Pad Thai,Asian,14.5
2363,2023-02-09,0 days 12:35:50,119,Chicken Torta,Mexican,11.95
2363,2023-02-09,0 days 12:35:50,120,Steak Torta,Mexican,13.95
2363,2023-02-09,0 days 12:35:50,106,French Fries,American,7.0
2364,2023-02-09,0 days 12:52:36,101,Hamburger,American,12.95
2364,2023-02-09,0 days 12:52:36,109,Korean Beef Bowl,Asian,17.95
2364,2023-02-09,0 days 12:52:36,117,Chicken Burrito,Mexican,12.95
2364,2023-02-09,0 days 12:52:36,127,Meat Lasagna,Italian,17.95
2364,2023-02-09,0 days 12:52:36,127,Meat Lasagna,Italian,17.95
2364,2023-02-09,0 days 12:52:36,127,Meat Lasagna,Italian,17.95
2364,2023-02-09,0 days 12:52:36,119,Chicken Torta,Mexican,11.95
2364,2023-02-09,0 days 12:52:36,120,Steak Torta,Mexican,13.95
2364,2023-02-09,0 days 12:52:36,132,Eggplant Parmesan,Italian,16.95
2365,2023-02-09,0 days 13:02:33,109,Korean Beef Bowl,Asian,17.95
2366,2023-02-09,0 days 13:07:01,117,Chicken Burrito,Mexican,12.95
2366,2023-02-09,0 days 13:07:01,106,French Fries,American,7.0
2366,2023-02-09,0 days 13:07:01,106,French Fries,American,7.0
2367,2023-02-09,0 days 13:08:29,112,Salmon Roll,Asian,14.95
2367,2023-02-09,0 days 13:08:29,131,Chicken Parmesan,Italian,17.95
2368,2023-02-09,0 days 13:35:05,105,Mac & Cheese,American,7.0
2369,2023-02-09,0 days 14:00:19,107,Orange Chicken,Asian,16.5
2369,2023-02-09,0 days 14:00:19,102,Cheeseburger,American,13.95
2369,2023-02-09,0 days 14:00:19,124,Spaghetti,Italian,14.5
2369,2023-02-09,0 days 14:00:19,117,Chicken Burrito,Mexican,12.95
2369,2023-02-09,0 days 14:00:19,113,Edamame,Asian,5.0
2369,2023-02-09,0 days 14:00:19,118,Steak Burrito,Mexican,14.95
2369,2023-02-09,0 days 14:00:19,120,Steak Torta,Mexican,13.95
2369,2023-02-09,0 days 14:00:19,105,Mac & Cheese,American,7.0
2369,2023-02-09,0 days 14:00:19,105,Mac & Cheese,American,7.0
2369,2023-02-09,0 days 14:00:19,106,French Fries,American,7.0
2369,2023-02-09,0 days 14:00:19,114,Potstickers,Asian,9.0
2370,2023-02-09,0 days 14:00:23,127,Meat Lasagna,Italian,17.95
2370,2023-02-09,0 days 14:00:23,106,French Fries,American,7.0
2371,2023-02-09,0 days 14:00:40,104,Veggie Burger,American,10.5
2372,2023-02-09,0 days 14:04:34,107,Orange Chicken,Asian,16.5
2372,2023-02-09,0 days 14:04:34,124,Spaghetti,Italian,14.5
2372,2023-02-09,0 days 14:04:34,126,Fettuccine Alfredo,Italian,14.5
2372,2023-02-09,0 days 14:04:34,122,Chips & Salsa,Mexican,7.0
2373,2023-02-09,0 days 14:29:17,130,Shrimp Scampi,Italian,19.95
2374,2023-02-09,0 days 14:35:54,125,Spaghetti & Meatballs,Italian,17.95
2374,2023-02-09,0 days 14:35:54,126,Fettuccine Alfredo,Italian,14.5
2374,2023-02-09,0 days 14:35:54,117,Chicken Burrito,Mexican,12.95
2374,2023-02-09,0 days 14:35:54,113,Edamame,Asian,5.0
2375,2023-02-09,0 days 15:14:42,101,Hamburger,American,12.95
2375,2023-02-09,0 days 15:14:42,111,California Roll,Asian,11.95
2375,2023-02-09,0 days 15:14:42,132,Eggplant Parmesan,Italian,16.95
2376,2023-02-09,0 days 15:25:59,101,Hamburger,American,12.95
2376,2023-02-09,0 days 15:25:59,108,Tofu Pad Thai,Asian,14.5
2376,2023-02-09,0 days 15:25:59,125,Spaghetti & Meatballs,Italian,17.95
2376,2023-02-09,0 days 15:25:59,110,Pork Ramen,Asian,17.95
2377,2023-02-09,0 days 15:26:16,109,Korean Beef Bowl,Asian,17.95
2377,2023-02-09,0 days 15:26:16,122,Chips & Salsa,Mexican,7.0
2378,2023-02-09,0 days 16:05:30,111,California Roll,Asian,11.95
2378,2023-02-09,0 days 16:05:30,119,Chicken Torta,Mexican,11.95
2379,2023-02-09,0 days 16:18:14,110,Pork Ramen,Asian,17.95
2379,2023-02-09,0 days 16:18:14,129,Mushroom Ravioli,Italian,15.5
2380,2023-02-09,0 days 16:22:26,103,Hot Dog,American,9.0
2380,2023-02-09,0 days 16:22:26,111,California Roll,Asian,11.95
2381,2023-02-09,0 days 16:49:40,102,Cheeseburger,American,13.95
2381,2023-02-09,0 days 16:49:40,102,Cheeseburger,American,13.95
2381,2023-02-09,0 days 16:49:40,113,Edamame,Asian,5.0
2381,2023-02-09,0 days 16:49:40,120,Steak Torta,Mexican,13.95
2382,2023-02-09,0 days 17:09:34,101,Hamburger,American,12.95
2382,2023-02-09,0 days 17:09:34,107,Orange Chicken,Asian,16.5
2382,2023-02-09,0 days 17:09:34,122,Chips & Salsa,Mexican,7.0
2382,2023-02-09,0 days 17:09:34,114,Potstickers,Asian,9.0
2383,2023-02-09,0 days 17:12:03,109,Korean Beef Bowl,Asian,17.95
2383,2023-02-09,0 days 17:12:03,105,Mac & Cheese,American,7.0
2384,2023-02-09,0 days 17:17:07,121,Cheese Quesadillas,Mexican,10.5
2385,2023-02-09,0 days 17:23:46,119,Chicken Torta,Mexican,11.95
2386,2023-02-09,0 days 17:36:17,109,Korean Beef Bowl,Asian,17.95
2386,2023-02-09,0 days 17:36:17,129,Mushroom Ravioli,Italian,15.5
2387,2023-02-09,0 days 17:38:39,101,Hamburger,American,12.95
2387,2023-02-09,0 days 17:38:39,104,Veggie Burger,American,10.5
2387,2023-02-09,0 days 17:38:39,124,Spaghetti,Italian,14.5
2387,2023-02-09,0 days 17:38:39,132,Eggplant Parmesan,Italian,16.95
2388,2023-02-09,0 days 17:46:35,108,Tofu Pad Thai,Asian,14.5
2389,2023-02-09,0 days 17:57:51,120,Steak Torta,Mexican,13.95
2390,2023-02-09,0 days 18:02:29,129,Mushroom Ravioli,Italian,15.5
2390,2023-02-09,0 days 18:02:29,105,Mac & Cheese,American,7.0
2391,2023-02-09,0 days 18:05:26,119,Chicken Torta,Mexican,11.95
2392,2023-02-09,0 days 18:05:44,103,Hot Dog,American,9.0
2392,2023-02-09,0 days 18:05:44,104,Veggie Burger,American,10.5
2393,2023-02-09,0 days 18:06:54,126,Fettuccine Alfredo,Italian,14.5
2393,2023-02-09,0 days 18:06:54,113,Edamame,Asian,5.0
2393,2023-02-09,0 days 18:06:54,132,Eggplant Parmesan,Italian,16.95
2394,2023-02-09,0 days 18:14:43,101,Hamburger,American,12.95
2394,2023-02-09,0 days 18:14:43,127,Meat Lasagna,Italian,17.95
2394,2023-02-09,0 days 18:14:43,123,Chips & Guacamole,Mexican,9.0
2395,2023-02-09,0 days 18:33:38,102,Cheeseburger,American,13.95
2395,2023-02-09,0 days 18:33:38,128,Cheese Lasagna,Italian,15.5
2396,2023-02-09,0 days 18:34:07,122,Chips & Salsa,Mexican,7.0
2396,2023-02-09,0 days 18:34:07,130,Shrimp Scampi,Italian,19.95
2396,2023-02-09,0 days 18:34:07,114,Potstickers,Asian,9.0
2397,2023-02-09,0 days 18:35:19,102,Cheeseburger,American,13.95
2397,2023-02-09,0 days 18:35:19,111,California Roll,Asian,11.95
2398,2023-02-09,0 days 18:53:44,125,Spaghetti & Meatballs,Italian,17.95
2398,2023-02-09,0 days 18:53:44,112,Salmon Roll,Asian,14.95
2398,2023-02-09,0 days 18:53:44,114,Potstickers,Asian,9.0
2399,2023-02-09,0 days 19:00:56,125,Spaghetti & Meatballs,Italian,17.95
2399,2023-02-09,0 days 19:00:56,109,Korean Beef Bowl,Asian,17.95
2399,2023-02-09,0 days 19:00:56,127,Meat Lasagna,Italian,17.95
2399,2023-02-09,0 days 19:00:56,129,Mushroom Ravioli,Italian,15.5
2400,2023-02-09,0 days 19:30:28,126,Fettuccine Alfredo,Italian,14.5
2401,2023-02-09,0 days 19:33:50,102,Cheeseburger,American,13.95
2401,2023-02-09,0 days 19:33:50,120,Steak Torta,Mexican,13.95
2401,2023-02-09,0 days 19:33:50,131,Chicken Parmesan,Italian,17.95
2401,2023-02-09,0 days 19:33:50,132,Eggplant Parmesan,Italian,16.95
2402,2023-02-09,0 days 19:38:23,110,Pork Ramen,Asian,17.95
2403,2023-02-09,0 days 19:54:24,109,Korean Beef Bowl,Asian,17.95
2403,2023-02-09,0 days 19:54:24,121,Cheese Quesadillas,Mexican,10.5
2403,2023-02-09,0 days 19:54:24,131,Chicken Parmesan,Italian,17.95
2404,2023-02-09,0 days 20:09:44,109,Korean Beef Bowl,Asian,17.95
2404,2023-02-09,0 days 20:09:44,119,Chicken Torta,Mexican,11.95
2404,2023-02-09,0 days 20:09:44,130,Shrimp Scampi,Italian,19.95
2405,2023-02-09,0 days 20:38:13,118,Steak Burrito,Mexican,14.95
2406,2023-02-09,0 days 21:08:21,107,Orange Chicken,Asian,16.5
2406,2023-02-09,0 days 21:08:21,113,Edamame,Asian,5.0
2407,2023-02-09,0 days 21:51:59,128,Cheese Lasagna,Italian,15.5
2408,2023-02-09,0 days 22:01:04,124,Spaghetti,Italian,14.5
2408,2023-02-09,0 days 22:01:04,125,Spaghetti & Meatballs,Italian,17.95
2409,2023-02-10,0 days 11:28:16,101,Hamburger,American,12.95
2409,2023-02-10,0 days 11:28:16,113,Edamame,Asian,5.0
2409,2023-02-10,0 days 11:28:16,121,Cheese Quesadillas,Mexican,10.5
2409,2023-02-10,0 days 11:28:16,114,Potstickers,Asian,9.0
2410,2023-02-10,0 days 11:43:09,111,California Roll,Asian,11.95
2410,2023-02-10,0 days 11:43:09,121,Cheese Quesadillas,Mexican,10.5
2410,2023-02-10,0 days 11:43:09,105,Mac & Cheese,American,7.0
2411,2023-02-10,0 days 11:53:29,116,Steak Tacos,Mexican,13.95
2412,2023-02-10,0 days 12:09:03,127,Meat Lasagna,Italian,17.95
2413,2023-02-10,0 days 12:10:19,101,Hamburger,American,12.95
2414,2023-02-10,0 days 12:10:37,105,Mac & Cheese,American,7.0
2415,2023-02-10,0 days 12:34:39,120,Steak Torta,Mexican,13.95
2415,2023-02-10,0 days 12:34:39,122,Chips & Salsa,Mexican,7.0
2416,2023-02-10,0 days 12:37:42,117,Chicken Burrito,Mexican,12.95
2416,2023-02-10,0 days 12:37:42,122,Chips & Salsa,Mexican,7.0
2417,2023-02-10,0 days 12:38:36,124,Spaghetti,Italian,14.5
2417,2023-02-10,0 days 12:38:36,125,Spaghetti & Meatballs,Italian,17.95
2417,2023-02-10,0 days 12:38:36,111,California Roll,Asian,11.95
2417,2023-02-10,0 days 12:38:36,119,Chicken Torta,Mexican,11.95
2418,2023-02-10,0 days 12:40:03,121,Cheese Quesadillas,Mexican,10.5
2419,2023-02-10,0 days 12:41:17,120,Steak Torta,Mexican,13.95
2420,2023-02-10,0 days 12:43:17,131,Chicken Parmesan,Italian,17.95
2421,2023-02-10,0 days 12:48:04,106,French Fries,American,7.0
2422,2023-02-10,0 days 12:58:32,102,Cheeseburger,American,13.95
2422,2023-02-10,0 days 12:58:32,124,Spaghetti,Italian,14.5
2422,2023-02-10,0 days 12:58:32,113,Edamame,Asian,5.0
2422,2023-02-10,0 days 12:58:32,122,Chips & Salsa,Mexican,7.0
2423,2023-02-10,0 days 13:04:06,109,Korean Beef Bowl,Asian,17.95
2423,2023-02-10,0 days 13:04:06,111,California Roll,Asian,11.95
2423,2023-02-10,0 days 13:04:06,119,Chicken Torta,Mexican,11.95
2424,2023-02-10,0 days 13:04:23,115,Chicken Tacos,Mexican,11.95
2424,2023-02-10,0 days 13:04:23,111,California Roll,Asian,11.95
2425,2023-02-10,0 days 13:17:12,122,Chips & Salsa,Mexican,7.0
2426,2023-02-10,0 days 13:37:25,108,Tofu Pad Thai,Asian,14.5
2426,2023-02-10,0 days 13:37:25,126,Fettuccine Alfredo,Italian,14.5
2426,2023-02-10,0 days 13:37:25,110,Pork Ramen,Asian,17.95
2427,2023-02-10,0 days 13:42:50,106,French Fries,American,7.0
2428,2023-02-10,0 days 13:45:23,120,Steak Torta,Mexican,13.95
2429,2023-02-10,0 days 13:49:59,131,Chicken Parmesan,Italian,17.95
2430,2023-02-10,0 days 13:54:52,129,Mushroom Ravioli,Italian,15.5
2430,2023-02-10,0 days 13:54:52,111,California Roll,Asian,11.95
2430,2023-02-10,0 days 13:54:52,105,Mac & Cheese,American,7.0
2431,2023-02-10,0 days 14:06:28,102,Cheeseburger,American,13.95
2431,2023-02-10,0 days 14:06:28,125,Spaghetti & Meatballs,Italian,17.95
2431,2023-02-10,0 days 14:06:28,117,Chicken Burrito,Mexican,12.95
2431,2023-02-10,0 days 14:06:28,127,Meat Lasagna,Italian,17.95
2431,2023-02-10,0 days 14:06:28,111,California Roll,Asian,11.95
2431,2023-02-10,0 days 14:06:28,120,Steak Torta,Mexican,13.95
2431,2023-02-10,0 days 14:06:28,120,Steak Torta,Mexican,13.95
2431,2023-02-10,0 days 14:06:28,122,Chips & Salsa,Mexican,7.0
2432,2023-02-10,0 days 14:11:49,124,Spaghetti,Italian,14.5
2432,2023-02-10,0 days 14:11:49,110,Pork Ramen,Asian,17.95
2432,2023-02-10,0 days 14:11:49,120,Steak Torta,Mexican,13.95
2433,2023-02-10,0 days 14:23:45,102,Cheeseburger,American,13.95
2433,2023-02-10,0 days 14:23:45,127,Meat Lasagna,Italian,17.95
2433,2023-02-10,0 days 14:23:45,123,Chips & Guacamole,Mexican,9.0
2434,2023-02-10,0 days 14:25:40,119,Chicken Torta,Mexican,11.95
2435,2023-02-10,0 days 14:28:48,129,Mushroom Ravioli,Italian,15.5
2436,2023-02-10,0 days 14:58:42,118,Steak Burrito,Mexican,14.95
2436,2023-02-10,0 days 14:58:42,105,Mac & Cheese,American,7.0
2437,2023-02-10,0 days 15:01:08,126,Fettuccine Alfredo,Italian,14.5
2437,2023-02-10,0 days 15:01:08,120,Steak Torta,Mexican,13.95
2438,2023-02-10,0 days 15:31:30,120,Steak Torta,Mexican,13.95
2439,2023-02-10,0 days 16:43:26,111,California Roll,Asian,11.95
2439,2023-02-10,0 days 16:43:26,121,Cheese Quesadillas,Mexican,10.5
2440,2023-02-10,0 days 16:43:55,108,Tofu Pad Thai,Asian,14.5
2440,2023-02-10,0 days 16:43:55,127,Meat Lasagna,Italian,17.95
2440,2023-02-10,0 days 16:43:55,113,Edamame,Asian,5.0
2441,2023-02-10,0 days 16:49:23,122,Chips & Salsa,Mexican,7.0
2442,2023-02-10,0 days 16:49:38,101,Hamburger,American,12.95
2442,2023-02-10,0 days 16:49:38,115,Chicken Tacos,Mexican,11.95
2442,2023-02-10,0 days 16:49:38,112,Salmon Roll,Asian,14.95
2443,2023-02-10,0 days 16:54:05,102,Cheeseburger,American,13.95
2444,2023-02-10,0 days 17:02:57,125,Spaghetti & Meatballs,Italian,17.95
2444,2023-02-10,0 days 17:02:57,113,Edamame,Asian,5.0
2445,2023-02-10,0 days 17:10:46,107,Orange Chicken,Asian,16.5
2445,2023-02-10,0 days 17:10:46,124,Spaghetti,Italian,14.5
2445,2023-02-10,0 days 17:10:46,129,Mushroom Ravioli,Italian,15.5
2446,2023-02-10,0 days 17:19:06,104,Veggie Burger,American,10.5
2447,2023-02-10,0 days 17:20:30,125,Spaghetti & Meatballs,Italian,17.95
2447,2023-02-10,0 days 17:20:30,130,Shrimp Scampi,Italian,19.95
2447,2023-02-10,0 days 17:20:30,123,Chips & Guacamole,Mexican,9.0
2447,2023-02-10,0 days 17:20:30,106,French Fries,American,7.0
2448,2023-02-10,0 days 17:26:11,112,Salmon Roll,Asian,14.95
2449,2023-02-10,0 days 17:51:44,132,Eggplant Parmesan,Italian,16.95
2450,2023-02-10,0 days 17:55:50,110,Pork Ramen,Asian,17.95
2450,2023-02-10,0 days 17:55:50,122,Chips & Salsa,Mexican,7.0
2451,2023-02-10,0 days 17:58:53,113,Edamame,Asian,5.0
2451,2023-02-10,0 days 17:58:53,105,Mac & Cheese,American,7.0
2452,2023-02-10,0 days 18:09:01,108,Tofu Pad Thai,Asian,14.5
2452,2023-02-10,0 days 18:09:01,128,Cheese Lasagna,Italian,15.5
2452,2023-02-10,0 days 18:09:01,132,Eggplant Parmesan,Italian,16.95
2453,2023-02-10,0 days 18:51:01,126,Fettuccine Alfredo,Italian,14.5
2454,2023-02-10,0 days 19:00:37,117,Chicken Burrito,Mexican,12.95
2454,2023-02-10,0 days 19:00:37,106,French Fries,American,7.0
2455,2023-02-10,0 days 19:07:28,129,Mushroom Ravioli,Italian,15.5
2455,2023-02-10,0 days 19:07:28,118,Steak Burrito,Mexican,14.95
2455,2023-02-10,0 days 19:07:28,131,Chicken Parmesan,Italian,17.95
2455,2023-02-10,0 days 19:07:28,114,Potstickers,Asian,9.0
2456,2023-02-10,0 days 19:19:00,126,Fettuccine Alfredo,Italian,14.5
2456,2023-02-10,0 days 19:19:00,110,Pork Ramen,Asian,17.95
2456,2023-02-10,0 days 19:19:00,112,Salmon Roll,Asian,14.95
2456,2023-02-10,0 days 19:19:00,113,Edamame,Asian,5.0
2457,2023-02-10,0 days 20:01:34,111,California Roll,Asian,11.95
2458,2023-02-10,0 days 20:09:17,125,Spaghetti & Meatballs,Italian,17.95
2458,2023-02-10,0 days 20:09:17,113,Edamame,Asian,5.0
2458,2023-02-10,0 days 20:09:17,105,Mac & Cheese,American,7.0
2458,2023-02-10,0 days 20:09:17,132,Eggplant Parmesan,Italian,16.95
2459,2023-02-10,0 days 20:12:30,104,Veggie Burger,American,10.5
2459,2023-02-10,0 days 20:12:30,121,Cheese Quesadillas,Mexican,10.5
2460,2023-02-10,0 days 20:13:13,111,California Roll,Asian,11.95
2461,2023-02-10,0 days 20:14:23,108,Tofu Pad Thai,Asian,14.5
2462,2023-02-10,0 days 20:18:10,101,Hamburger,American,12.95
2462,2023-02-10,0 days 20:18:10,101,Hamburger,American,12.95
2463,2023-02-10,0 days 20:20:20,110,Pork Ramen,Asian,17.95
2463,2023-02-10,0 days 20:20:20,120,Steak Torta,Mexican,13.95
2464,2023-02-10,0 days 20:20:24,127,Meat Lasagna,Italian,17.95
2465,2023-02-10,0 days 20:33:37,115,Chicken Tacos,Mexican,11.95
2465,2023-02-10,0 days 20:33:37,120,Steak Torta,Mexican,13.95
2466,2023-02-10,0 days 21:11:59,117,Chicken Burrito,Mexican,12.95
2467,2023-02-10,0 days 21:35:04,132,Eggplant Parmesan,Italian,16.95
2468,2023-02-11,0 days 11:44:12,130,Shrimp Scampi,Italian,19.95
2469,2023-02-11,0 days 11:44:58,110,Pork Ramen,Asian,17.95
2470,2023-02-11,0 days 11:46:05,125,Spaghetti & Meatballs,Italian,17.95
2470,2023-02-11,0 days 11:46:05,113,Edamame,Asian,5.0
2471,2023-02-11,0 days 11:48:07,107,Orange Chicken,Asian,16.5
2471,2023-02-11,0 days 11:48:07,102,Cheeseburger,American,13.95
2471,2023-02-11,0 days 11:48:07,102,Cheeseburger,American,13.95
2471,2023-02-11,0 days 11:48:07,108,Tofu Pad Thai,Asian,14.5
2471,2023-02-11,0 days 11:48:07,125,Spaghetti & Meatballs,Italian,17.95
2471,2023-02-11,0 days 11:48:07,125,Spaghetti & Meatballs,Italian,17.95
2471,2023-02-11,0 days 11:48:07,109,Korean Beef Bowl,Asian,17.95
2471,2023-02-11,0 days 11:48:07,105,Mac & Cheese,American,7.0
2472,2023-02-11,0 days 11:53:20,108,Tofu Pad Thai,Asian,14.5
2473,2023-02-11,0 days 12:00:54,123,Chips & Guacamole,Mexican,9.0
2474,2023-02-11,0 days 12:02:54,103,Hot Dog,American,9.0
2475,2023-02-11,0 days 12:08:37,118,Steak Burrito,Mexican,14.95
2476,2023-02-11,0 days 12:11:27,125,Spaghetti & Meatballs,Italian,17.95
2476,2023-02-11,0 days 12:11:27,109,Korean Beef Bowl,Asian,17.95
2477,2023-02-11,0 days 12:20:06,103,Hot Dog,American,9.0
2477,2023-02-11,0 days 12:20:06,106,French Fries,American,7.0
2478,2023-02-11,0 days 12:27:39,113,Edamame,Asian,5.0
2478,2023-02-11,0 days 12:27:39,105,Mac & Cheese,American,7.0
2479,2023-02-11,0 days 12:35:27,101,Hamburger,American,12.95
2479,2023-02-11,0 days 12:35:27,108,Tofu Pad Thai,Asian,14.5
2479,2023-02-11,0 days 12:35:27,108,Tofu Pad Thai,Asian,14.5
2479,2023-02-11,0 days 12:35:27,114,Potstickers,Asian,9.0
2479,2023-02-11,0 days 12:35:27,132,Eggplant Parmesan,Italian,16.95
2480,2023-02-11,0 days 12:42:27,113,Edamame,Asian,5.0
2481,2023-02-11,0 days 12:54:36,108,Tofu Pad Thai,Asian,14.5
2481,2023-02-11,0 days 12:54:36,123,Chips & Guacamole,Mexican,9.0
2482,2023-02-11,0 days 12:55:29,119,Chicken Torta,Mexican,11.95
2483,2023-02-11,0 days 12:56:55,113,Edamame,Asian,5.0
2484,2023-02-11,0 days 13:14:20,129,Mushroom Ravioli,Italian,15.5
2485,2023-02-11,0 days 13:22:08,124,Spaghetti,Italian,14.5
2485,2023-02-11,0 days 13:22:08,117,Chicken Burrito,Mexican,12.95
2485,2023-02-11,0 days 13:22:08,129,Mushroom Ravioli,Italian,15.5
2485,2023-02-11,0 days 13:22:08,113,Edamame,Asian,5.0
2486,2023-02-11,0 days 13:30:45,102,Cheeseburger,American,13.95
2486,2023-02-11,0 days 13:30:45,103,Hot Dog,American,9.0
2486,2023-02-11,0 days 13:30:45,122,Chips & Salsa,Mexican,7.0
2486,2023-02-11,0 days 13:30:45,131,Chicken Parmesan,Italian,17.95
2488,2023-02-11,0 days 13:43:20,101,Hamburger,American,12.95
2488,2023-02-11,0 days 13:43:20,117,Chicken Burrito,Mexican,12.95
2488,2023-02-11,0 days 13:43:20,118,Steak Burrito,Mexican,14.95
2488,2023-02-11,0 days 13:43:20,106,French Fries,American,7.0
2489,2023-02-11,0 days 13:52:56,108,Tofu Pad Thai,Asian,14.5
2490,2023-02-11,0 days 13:58:36,104,Veggie Burger,American,10.5
2491,2023-02-11,0 days 14:00:00,124,Spaghetti,Italian,14.5
2491,2023-02-11,0 days 14:00:00,109,Korean Beef Bowl,Asian,17.95
2491,2023-02-11,0 days 14:00:00,112,Salmon Roll,Asian,14.95
2491,2023-02-11,0 days 14:00:00,121,Cheese Quesadillas,Mexican,10.5
2491,2023-02-11,0 days 14:00:00,105,Mac & Cheese,American,7.0
2491,2023-02-11,0 days 14:00:00,106,French Fries,American,7.0
2492,2023-02-11,0 days 14:20:32,101,Hamburger,American,12.95
2493,2023-02-11,0 days 14:40:54,107,Orange Chicken,Asian,16.5
2493,2023-02-11,0 days 14:40:54,104,Veggie Burger,American,10.5
2494,2023-02-11,0 days 14:41:21,102,Cheeseburger,American,13.95
2495,2023-02-11,0 days 14:50:55,109,Korean Beef Bowl,Asian,17.95
2496,2023-02-11,0 days 15:02:30,125,Spaghetti & Meatballs,Italian,17.95
2496,2023-02-11,0 days 15:02:30,125,Spaghetti & Meatballs,Italian,17.95
2496,2023-02-11,0 days 15:02:30,127,Meat Lasagna,Italian,17.95
2497,2023-02-11,0 days 15:12:46,116,Steak Tacos,Mexican,13.95
2497,2023-02-11,0 days 15:12:46,125,Spaghetti & Meatballs,Italian,17.95
2497,2023-02-11,0 days 15:12:46,129,Mushroom Ravioli,Italian,15.5
2497,2023-02-11,0 days 15:12:46,113,Edamame,Asian,5.0
2498,2023-02-11,0 days 15:23:21,108,Tofu Pad Thai,Asian,14.5
2499,2023-02-11,0 days 16:34:30,122,Chips & Salsa,Mexican,7.0
2500,2023-02-11,0 days 17:00:13,124,Spaghetti,Italian,14.5
2501,2023-02-11,0 days 17:00:41,105,Mac & Cheese,American,7.0
2502,2023-02-11,0 days 17:08:01,108,Tofu Pad Thai,Asian,14.5
2502,2023-02-11,0 days 17:08:01,124,Spaghetti,Italian,14.5
2502,2023-02-11,0 days 17:08:01,127,Meat Lasagna,Italian,17.95
2503,2023-02-11,0 days 17:08:24,120,Steak Torta,Mexican,13.95
2503,2023-02-11,0 days 17:08:24,132,Eggplant Parmesan,Italian,16.95
2504,2023-02-11,0 days 17:12:25,113,Edamame,Asian,5.0
2504,2023-02-11,0 days 17:12:25,119,Chicken Torta,Mexican,11.95
2505,2023-02-11,0 days 17:22:02,117,Chicken Burrito,Mexican,12.95
2505,2023-02-11,0 days 17:22:02,128,Cheese Lasagna,Italian,15.5
2506,2023-02-11,0 days 17:44:46,104,Veggie Burger,American,10.5
2506,2023-02-11,0 days 17:44:46,108,Tofu Pad Thai,Asian,14.5
2506,2023-02-11,0 days 17:44:46,125,Spaghetti & Meatballs,Italian,17.95
2506,2023-02-11,0 days 17:44:46,113,Edamame,Asian,5.0
2507,2023-02-11,0 days 17:47:02,104,Veggie Burger,American,10.5
2507,2023-02-11,0 days 17:47:02,126,Fettuccine Alfredo,Italian,14.5
2507,2023-02-11,0 days 17:47:02,109,Korean Beef Bowl,Asian,17.95
2507,2023-02-11,0 days 17:47:02,120,Steak Torta,Mexican,13.95
2508,2023-02-11,0 days 17:47:30,126,Fettuccine Alfredo,Italian,14.5
2508,2023-02-11,0 days 17:47:30,109,Korean Beef Bowl,Asian,17.95
2509,2023-02-11,0 days 17:49:56,117,Chicken Burrito,Mexican,12.95
2510,2023-02-11,0 days 17:53:00,116,Steak Tacos,Mexican,13.95
2511,2023-02-11,0 days 18:00:12,109,Korean Beef Bowl,Asian,17.95
2511,2023-02-11,0 days 18:00:12,129,Mushroom Ravioli,Italian,15.5
2511,2023-02-11,0 days 18:00:12,113,Edamame,Asian,5.0
2512,2023-02-11,0 days 18:02:54,107,Orange Chicken,Asian,16.5
2512,2023-02-11,0 days 18:02:54,109,Korean Beef Bowl,Asian,17.95
2512,2023-02-11,0 days 18:02:54,129,Mushroom Ravioli,Italian,15.5
2512,2023-02-11,0 days 18:02:54,120,Steak Torta,Mexican,13.95
2513,2023-02-11,0 days 18:21:25,120,Steak Torta,Mexican,13.95
2514,2023-02-11,0 days 18:25:46,109,Korean Beef Bowl,Asian,17.95
2514,2023-02-11,0 days 18:25:46,105,Mac & Cheese,American,7.0
2515,2023-02-11,0 days 18:46:12,103,Hot Dog,American,9.0
2515,2023-02-11,0 days 18:46:12,112,Salmon Roll,Asian,14.95
2515,2023-02-11,0 days 18:46:12,120,Steak Torta,Mexican,13.95
2515,2023-02-11,0 days 18:46:12,132,Eggplant Parmesan,Italian,16.95
2516,2023-02-11,0 days 18:50:33,102,Cheeseburger,American,13.95
2516,2023-02-11,0 days 18:50:33,126,Fettuccine Alfredo,Italian,14.5
2517,2023-02-11,0 days 18:56:35,130,Shrimp Scampi,Italian,19.95
2518,2023-02-11,0 days 19:02:19,116,Steak Tacos,Mexican,13.95
2518,2023-02-11,0 days 19:02:19,118,Steak Burrito,Mexican,14.95
2518,2023-02-11,0 days 19:02:19,131,Chicken Parmesan,Italian,17.95
2518,2023-02-11,0 days 19:02:19,123,Chips & Guacamole,Mexican,9.0
2519,2023-02-11,0 days 19:04:08,113,Edamame,Asian,5.0
2519,2023-02-11,0 days 19:04:08,122,Chips & Salsa,Mexican,7.0
2520,2023-02-11,0 days 19:06:07,127,Meat Lasagna,Italian,17.95
2521,2023-02-11,0 days 19:11:58,113,Edamame,Asian,5.0
2521,2023-02-11,0 days 19:11:58,120,Steak Torta,Mexican,13.95
2522,2023-02-11,0 days 19:25:46,125,Spaghetti & Meatballs,Italian,17.95
2522,2023-02-11,0 days 19:25:46,111,California Roll,Asian,11.95
2522,2023-02-11,0 days 19:25:46,121,Cheese Quesadillas,Mexican,10.5
2522,2023-02-11,0 days 19:25:46,106,French Fries,American,7.0
2523,2023-02-11,0 days 19:30:16,125,Spaghetti & Meatballs,Italian,17.95
2523,2023-02-11,0 days 19:30:16,128,Cheese Lasagna,Italian,15.5
2523,2023-02-11,0 days 19:30:16,106,French Fries,American,7.0
2523,2023-02-11,0 days 19:30:16,132,Eggplant Parmesan,Italian,16.95
2524,2023-02-11,0 days 19:31:47,124,Spaghetti,Italian,14.5
2524,2023-02-11,0 days 19:31:47,125,Spaghetti & Meatballs,Italian,17.95
2524,2023-02-11,0 days 19:31:47,112,Salmon Roll,Asian,14.95
2524,2023-02-11,0 days 19:31:47,106,French Fries,American,7.0
2525,2023-02-11,0 days 19:32:54,126,Fettuccine Alfredo,Italian,14.5
2526,2023-02-11,0 days 19:36:30,107,Orange Chicken,Asian,16.5
2526,2023-02-11,0 days 19:36:30,125,Spaghetti & Meatballs,Italian,17.95
2527,2023-02-11,0 days 19:53:46,101,Hamburger,American,12.95
2527,2023-02-11,0 days 19:53:46,127,Meat Lasagna,Italian,17.95
2527,2023-02-11,0 days 19:53:46,130,Shrimp Scampi,Italian,19.95
2528,2023-02-11,0 days 19:54:40,102,Cheeseburger,American,13.95
2528,2023-02-11,0 days 19:54:40,113,Edamame,Asian,5.0
2529,2023-02-11,0 days 20:06:11,125,Spaghetti & Meatballs,Italian,17.95
2529,2023-02-11,0 days 20:06:11,109,Korean Beef Bowl,Asian,17.95
2529,2023-02-11,0 days 20:06:11,113,Edamame,Asian,5.0
2529,2023-02-11,0 days 20:06:11,132,Eggplant Parmesan,Italian,16.95
2530,2023-02-11,0 days 20:11:26,112,Salmon Roll,Asian,14.95
2530,2023-02-11,0 days 20:11:26,120,Steak Torta,Mexican,13.95
2530,2023-02-11,0 days 20:11:26,114,Potstickers,Asian,9.0
2531,2023-02-11,0 days 20:22:03,112,Salmon Roll,Asian,14.95
2531,2023-02-11,0 days 20:22:03,120,Steak Torta,Mexican,13.95
2532,2023-02-11,0 days 20:33:15,109,Korean Beef Bowl,Asian,17.95
2533,2023-02-11,0 days 21:34:53,101,Hamburger,American,12.95
2534,2023-02-11,0 days 21:44:25,124,Spaghetti,Italian,14.5
2535,2023-02-11,0 days 21:45:46,117,Chicken Burrito,Mexican,12.95
2535,2023-02-11,0 days 21:45:46,119,Chicken Torta,Mexican,11.95
2536,2023-02-11,0 days 21:52:14,125,Spaghetti & Meatballs,Italian,17.95
2537,2023-02-12,0 days 11:17:06,102,Cheeseburger,American,13.95
2538,2023-02-12,0 days 11:37:34,124,Spaghetti,Italian,14.5
2538,2023-02-12,0 days 11:37:34,110,Pork Ramen,Asian,17.95
2538,2023-02-12,0 days 11:37:34,119,Chicken Torta,Mexican,11.95
2539,2023-02-12,0 days 11:38:35,127,Meat Lasagna,Italian,17.95
2539,2023-02-12,0 days 11:38:35,105,Mac & Cheese,American,7.0
2540,2023-02-12,0 days 11:48:50,109,Korean Beef Bowl,Asian,17.95
2540,2023-02-12,0 days 11:48:50,121,Cheese Quesadillas,Mexican,10.5
2541,2023-02-12,0 days 11:54:44,129,Mushroom Ravioli,Italian,15.5
2541,2023-02-12,0 days 11:54:44,119,Chicken Torta,Mexican,11.95
2542,2023-02-12,0 days 11:57:08,122,Chips & Salsa,Mexican,7.0
2543,2023-02-12,0 days 12:00:00,103,Hot Dog,American,9.0
2544,2023-02-12,0 days 12:03:27,101,Hamburger,American,12.95
2544,2023-02-12,0 days 12:03:27,117,Chicken Burrito,Mexican,12.95
2544,2023-02-12,0 days 12:03:27,113,Edamame,Asian,5.0
2545,2023-02-12,0 days 12:12:17,131,Chicken Parmesan,Italian,17.95
2546,2023-02-12,0 days 12:41:02,107,Orange Chicken,Asian,16.5
2547,2023-02-12,0 days 12:45:49,101,Hamburger,American,12.95
2547,2023-02-12,0 days 12:45:49,101,Hamburger,American,12.95
2547,2023-02-12,0 days 12:45:49,115,Chicken Tacos,Mexican,11.95
2547,2023-02-12,0 days 12:45:49,108,Tofu Pad Thai,Asian,14.5
2547,2023-02-12,0 days 12:45:49,124,Spaghetti,Italian,14.5
2547,2023-02-12,0 days 12:45:49,125,Spaghetti & Meatballs,Italian,17.95
2547,2023-02-12,0 days 12:45:49,109,Korean Beef Bowl,Asian,17.95
2547,2023-02-12,0 days 12:45:49,127,Meat Lasagna,Italian,17.95
2547,2023-02-12,0 days 12:45:49,128,Cheese Lasagna,Italian,15.5
2547,2023-02-12,0 days 12:45:49,129,Mushroom Ravioli,Italian,15.5
2547,2023-02-12,0 days 12:45:49,113,Edamame,Asian,5.0
2547,2023-02-12,0 days 12:45:49,130,Shrimp Scampi,Italian,19.95
2548,2023-02-12,0 days 12:48:03,101,Hamburger,American,12.95
2548,2023-02-12,0 days 12:48:03,101,Hamburger,American,12.95
2548,2023-02-12,0 days 12:48:03,115,Chicken Tacos,Mexican,11.95
2548,2023-02-12,0 days 12:48:03,110,Pork Ramen,Asian,17.95
2548,2023-02-12,0 days 12:48:03,127,Meat Lasagna,Italian,17.95
2548,2023-02-12,0 days 12:48:03,112,Salmon Roll,Asian,14.95
2549,2023-02-12,0 days 13:06:59,121,Cheese Quesadillas,Mexican,10.5
2550,2023-02-12,0 days 13:18:54,120,Steak Torta,Mexican,13.95
2551,2023-02-12,0 days 13:28:21,116,Steak Tacos,Mexican,13.95
2551,2023-02-12,0 days 13:28:21,109,Korean Beef Bowl,Asian,17.95
2552,2023-02-12,0 days 13:47:03,101,Hamburger,American,12.95
2553,2023-02-12,0 days 13:47:07,114,Potstickers,Asian,9.0
2554,2023-02-12,0 days 13:53:40,125,Spaghetti & Meatballs,Italian,17.95
2555,2023-02-12,0 days 14:00:00,101,Hamburger,American,12.95
2555,2023-02-12,0 days 14:00:00,115,Chicken Tacos,Mexican,11.95
2556,2023-02-12,0 days 14:00:38,117,Chicken Burrito,Mexican,12.95
2556,2023-02-12,0 days 14:00:38,106,French Fries,American,7.0
2557,2023-02-12,0 days 14:09:47,124,Spaghetti,Italian,14.5
2557,2023-02-12,0 days 14:09:47,120,Steak Torta,Mexican,13.95
2557,2023-02-12,0 days 14:09:47,114,Potstickers,Asian,9.0
2557,2023-02-12,0 days 14:09:47,114,Potstickers,Asian,9.0
2558,2023-02-12,0 days 14:20:14,125,Spaghetti & Meatballs,Italian,17.95
2558,2023-02-12,0 days 14:20:14,109,Korean Beef Bowl,Asian,17.95
2559,2023-02-12,0 days 14:22:23,122,Chips & Salsa,Mexican,7.0
2560,2023-02-12,0 days 14:27:16,115,Chicken Tacos,Mexican,11.95
2561,2023-02-12,0 days 14:28:55,103,Hot Dog,American,9.0
2562,2023-02-12,0 days 14:30:22,110,Pork Ramen,Asian,17.95
2562,2023-02-12,0 days 14:30:22,129,Mushroom Ravioli,Italian,15.5
2562,2023-02-12,0 days 14:30:22,113,Edamame,Asian,5.0
2562,2023-02-12,0 days 14:30:22,105,Mac & Cheese,American,7.0
2563,2023-02-12,0 days 14:43:38,116,Steak Tacos,Mexican,13.95
2563,2023-02-12,0 days 14:43:38,111,California Roll,Asian,11.95
2563,2023-02-12,0 days 14:43:38,114,Potstickers,Asian,9.0
2564,2023-02-12,0 days 14:53:19,106,French Fries,American,7.0
2565,2023-02-12,0 days 15:04:49,103,Hot Dog,American,9.0
2565,2023-02-12,0 days 15:04:49,108,Tofu Pad Thai,Asian,14.5
2565,2023-02-12,0 days 15:04:49,109,Korean Beef Bowl,Asian,17.95
2566,2023-02-12,0 days 15:25:11,124,Spaghetti,Italian,14.5
2566,2023-02-12,0 days 15:25:11,106,French Fries,American,7.0
2567,2023-02-12,0 days 15:38:37,102,Cheeseburger,American,13.95
2568,2023-02-12,0 days 15:53:33,101,Hamburger,American,12.95
2568,2023-02-12,0 days 15:53:33,132,Eggplant Parmesan,Italian,16.95
2569,2023-02-12,0 days 15:53:59,102,Cheeseburger,American,13.95
2569,2023-02-12,0 days 15:53:59,127,Meat Lasagna,Italian,17.95
2569,2023-02-12,0 days 15:53:59,119,Chicken Torta,Mexican,11.95
2569,2023-02-12,0 days 15:53:59,114,Potstickers,Asian,9.0
2570,2023-02-12,0 days 15:54:49,109,Korean Beef Bowl,Asian,17.95
2571,2023-02-12,0 days 15:58:47,107,Orange Chicken,Asian,16.5
2571,2023-02-12,0 days 15:58:47,124,Spaghetti,Italian,14.5
2571,2023-02-12,0 days 15:58:47,132,Eggplant Parmesan,Italian,16.95
2572,2023-02-12,0 days 16:04:07,108,Tofu Pad Thai,Asian,14.5
2573,2023-02-12,0 days 16:10:39,108,Tofu Pad Thai,Asian,14.5
2573,2023-02-12,0 days 16:10:39,124,Spaghetti,Italian,14.5
2574,2023-02-12,0 days 16:22:32,130,Shrimp Scampi,Italian,19.95
2574,2023-02-12,0 days 16:22:32,106,French Fries,American,7.0
2575,2023-02-12,0 days 16:30:57,108,Tofu Pad Thai,Asian,14.5
2576,2023-02-12,0 days 16:58:29,107,Orange Chicken,Asian,16.5
2576,2023-02-12,0 days 16:58:29,113,Edamame,Asian,5.0
2577,2023-02-12,0 days 17:21:15,112,Salmon Roll,Asian,14.95
2577,2023-02-12,0 days 17:21:15,120,Steak Torta,Mexican,13.95
2578,2023-02-12,0 days 17:36:09,115,Chicken Tacos,Mexican,11.95
2578,2023-02-12,0 days 17:36:09,110,Pork Ramen,Asian,17.95
2578,2023-02-12,0 days 17:36:09,120,Steak Torta,Mexican,13.95
2578,2023-02-12,0 days 17:36:09,121,Cheese Quesadillas,Mexican,10.5
2579,2023-02-12,0 days 17:38:32,104,Veggie Burger,American,10.5
2579,2023-02-12,0 days 17:38:32,108,Tofu Pad Thai,Asian,14.5
2579,2023-02-12,0 days 17:38:32,125,Spaghetti & Meatballs,Italian,17.95
2580,2023-02-12,0 days 17:42:00,129,Mushroom Ravioli,Italian,15.5
2580,2023-02-12,0 days 17:42:00,118,Steak Burrito,Mexican,14.95
2581,2023-02-12,0 days 17:56:55,107,Orange Chicken,Asian,16.5
2581,2023-02-12,0 days 17:56:55,109,Korean Beef Bowl,Asian,17.95
2582,2023-02-12,0 days 17:59:55,122,Chips & Salsa,Mexican,7.0
2583,2023-02-12,0 days 18:14:11,113,Edamame,Asian,5.0
2584,2023-02-12,0 days 18:25:21,109,Korean Beef Bowl,Asian,17.95
2584,2023-02-12,0 days 18:25:21,119,Chicken Torta,Mexican,11.95
2585,2023-02-12,0 days 18:27:56,111,California Roll,Asian,11.95
2585,2023-02-12,0 days 18:27:56,113,Edamame,Asian,5.0
2586,2023-02-12,0 days 19:04:06,101,Hamburger,American,12.95
2586,2023-02-12,0 days 19:04:06,131,Chicken Parmesan,Italian,17.95
2587,2023-02-12,0 days 19:09:56,108,Tofu Pad Thai,Asian,14.5
2587,2023-02-12,0 days 19:09:56,125,Spaghetti & Meatballs,Italian,17.95
2587,2023-02-12,0 days 19:09:56,120,Steak Torta,Mexican,13.95
2588,2023-02-12,0 days 20:01:13,101,Hamburger,American,12.95
2588,2023-02-12,0 days 20:01:13,102,Cheeseburger,American,13.95
2588,2023-02-12,0 days 20:01:13,120,Steak Torta,Mexican,13.95
2588,2023-02-12,0 days 20:01:13,122,Chips & Salsa,Mexican,7.0
2589,2023-02-12,0 days 20:14:33,128,Cheese Lasagna,Italian,15.5
2590,2023-02-12,0 days 20:25:21,126,Fettuccine Alfredo,Italian,14.5
2590,2023-02-12,0 days 20:25:21,126,Fettuccine Alfredo,Italian,14.5
2591,2023-02-12,0 days 20:39:09,117,Chicken Burrito,Mexican,12.95
2591,2023-02-12,0 days 20:39:09,130,Shrimp Scampi,Italian,19.95
2592,2023-02-12,0 days 21:43:21,107,Orange Chicken,Asian,16.5
2593,2023-02-12,0 days 22:02:05,117,Chicken Burrito,Mexican,12.95
2593,2023-02-12,0 days 22:02:05,113,Edamame,Asian,5.0
2593,2023-02-12,0 days 22:02:05,120,Steak Torta,Mexican,13.95
2593,2023-02-12,0 days 22:02:05,132,Eggplant Parmesan,Italian,16.95
2594,2023-02-12,0 days 22:54:43,108,Tofu Pad Thai,Asian,14.5
2594,2023-02-12,0 days 22:54:43,114,Potstickers,Asian,9.0
2596,2023-02-13,0 days 11:27:46,103,Hot Dog,American,9.0
2596,2023-02-13,0 days 11:27:46,129,Mushroom Ravioli,Italian,15.5
2596,2023-02-13,0 days 11:27:46,119,Chicken Torta,Mexican,11.95
2596,2023-02-13,0 days 11:27:46,122,Chips & Salsa,Mexican,7.0
2597,2023-02-13,0 days 11:31:11,104,Veggie Burger,American,10.5
2598,2023-02-13,0 days 11:37:51,111,California Roll,Asian,11.95
2599,2023-02-13,0 days 11:52:09,121,Cheese Quesadillas,Mexican,10.5
2599,2023-02-13,0 days 11:52:09,132,Eggplant Parmesan,Italian,16.95
2600,2023-02-13,0 days 11:53:11,104,Veggie Burger,American,10.5
2601,2023-02-13,0 days 12:03:27,107,Orange Chicken,Asian,16.5
2601,2023-02-13,0 days 12:03:27,116,Steak Tacos,Mexican,13.95
2601,2023-02-13,0 days 12:03:27,119,Chicken Torta,Mexican,11.95
2602,2023-02-13,0 days 12:10:01,102,Cheeseburger,American,13.95
2602,2023-02-13,0 days 12:10:01,103,Hot Dog,American,9.0
2602,2023-02-13,0 days 12:10:01,103,Hot Dog,American,9.0
2602,2023-02-13,0 days 12:10:01,125,Spaghetti & Meatballs,Italian,17.95
2602,2023-02-13,0 days 12:10:01,117,Chicken Burrito,Mexican,12.95
2602,2023-02-13,0 days 12:10:01,113,Edamame,Asian,5.0
2602,2023-02-13,0 days 12:10:01,119,Chicken Torta,Mexican,11.95
2602,2023-02-13,0 days 12:10:01,120,Steak Torta,Mexican,13.95
2603,2023-02-13,0 days 12:22:43,101,Hamburger,American,12.95
2604,2023-02-13,0 days 12:33:36,101,Hamburger,American,12.95
2604,2023-02-13,0 days 12:33:36,127,Meat Lasagna,Italian,17.95
2604,2023-02-13,0 days 12:33:36,113,Edamame,Asian,5.0
2605,2023-02-13,0 days 12:46:15,120,Steak Torta,Mexican,13.95
2606,2023-02-13,0 days 12:56:00,101,Hamburger,American,12.95
2606,2023-02-13,0 days 12:56:00,102,Cheeseburger,American,13.95
2607,2023-02-13,0 days 13:00:12,111,California Roll,Asian,11.95
2608,2023-02-13,0 days 13:11:19,122,Chips & Salsa,Mexican,7.0
2609,2023-02-13,0 days 13:12:42,101,Hamburger,American,12.95
2609,2023-02-13,0 days 13:12:42,107,Orange Chicken,Asian,16.5
2609,2023-02-13,0 days 13:12:42,109,Korean Beef Bowl,Asian,17.95
2609,2023-02-13,0 days 13:12:42,127,Meat Lasagna,Italian,17.95
2610,2023-02-13,0 days 13:17:50,113,Edamame,Asian,5.0
2611,2023-02-13,0 days 13:22:38,124,Spaghetti,Italian,14.5
2612,2023-02-13,0 days 13:43:11,101,Hamburger,American,12.95
2612,2023-02-13,0 days 13:43:11,107,Orange Chicken,Asian,16.5
2612,2023-02-13,0 days 13:43:11,116,Steak Tacos,Mexican,13.95
2612,2023-02-13,0 days 13:43:11,102,Cheeseburger,American,13.95
2612,2023-02-13,0 days 13:43:11,126,Fettuccine Alfredo,Italian,14.5
2612,2023-02-13,0 days 13:43:11,110,Pork Ramen,Asian,17.95
2612,2023-02-13,0 days 13:43:11,111,California Roll,Asian,11.95
2612,2023-02-13,0 days 13:43:11,120,Steak Torta,Mexican,13.95
2612,2023-02-13,0 days 13:43:11,122,Chips & Salsa,Mexican,7.0
2612,2023-02-13,0 days 13:43:11,123,Chips & Guacamole,Mexican,9.0
2612,2023-02-13,0 days 13:43:11,123,Chips & Guacamole,Mexican,9.0
2612,2023-02-13,0 days 13:43:11,106,French Fries,American,7.0
2613,2023-02-13,0 days 13:46:46,107,Orange Chicken,Asian,16.5
2613,2023-02-13,0 days 13:46:46,110,Pork Ramen,Asian,17.95
2615,2023-02-13,0 days 13:54:55,129,Mushroom Ravioli,Italian,15.5
2615,2023-02-13,0 days 13:54:55,119,Chicken Torta,Mexican,11.95
2616,2023-02-13,0 days 13:59:40,108,Tofu Pad Thai,Asian,14.5
2616,2023-02-13,0 days 13:59:40,130,Shrimp Scampi,Italian,19.95
2616,2023-02-13,0 days 13:59:40,132,Eggplant Parmesan,Italian,16.95
2617,2023-02-13,0 days 14:38:42,101,Hamburger,American,12.95
2618,2023-02-13,0 days 14:46:51,126,Fettuccine Alfredo,Italian,14.5
2618,2023-02-13,0 days 14:46:51,117,Chicken Burrito,Mexican,12.95
2619,2023-02-13,0 days 14:53:46,131,Chicken Parmesan,Italian,17.95
2620,2023-02-13,0 days 15:00:24,110,Pork Ramen,Asian,17.95
2621,2023-02-13,0 days 15:34:03,110,Pork Ramen,Asian,17.95
2622,2023-02-13,0 days 16:06:27,104,Veggie Burger,American,10.5
2622,2023-02-13,0 days 16:06:27,124,Spaghetti,Italian,14.5
2622,2023-02-13,0 days 16:06:27,131,Chicken Parmesan,Italian,17.95
2623,2023-02-13,0 days 16:08:36,111,California Roll,Asian,11.95
2624,2023-02-13,0 days 16:21:18,108,Tofu Pad Thai,Asian,14.5
2624,2023-02-13,0 days 16:21:18,121,Cheese Quesadillas,Mexican,10.5
2625,2023-02-13,0 days 16:23:52,109,Korean Beef Bowl,Asian,17.95
2625,2023-02-13,0 days 16:23:52,111,California Roll,Asian,11.95
2625,2023-02-13,0 days 16:23:52,122,Chips & Salsa,Mexican,7.0
2625,2023-02-13,0 days 16:23:52,131,Chicken Parmesan,Italian,17.95
2626,2023-02-13,0 days 16:49:57,102,Cheeseburger,American,13.95
2626,2023-02-13,0 days 16:49:57,122,Chips & Salsa,Mexican,7.0
2626,2023-02-13,0 days 16:49:57,106,French Fries,American,7.0
2627,2023-02-13,0 days 16:50:09,113,Edamame,Asian,5.0
2627,2023-02-13,0 days 16:50:09,105,Mac & Cheese,American,7.0
2628,2023-02-13,0 days 16:57:02,107,Orange Chicken,Asian,16.5
2628,2023-02-13,0 days 16:57:02,126,Fettuccine Alfredo,Italian,14.5
2628,2023-02-13,0 days 16:57:02,113,Edamame,Asian,5.0
2629,2023-02-13,0 days 17:07:10,120,Steak Torta,Mexican,13.95
2630,2023-02-13,0 days 17:15:17,118,Steak Burrito,Mexican,14.95
2630,2023-02-13,0 days 17:15:17,121,Cheese Quesadillas,Mexican,10.5
2630,2023-02-13,0 days 17:15:17,106,French Fries,American,7.0
2631,2023-02-13,0 days 17:19:26,107,Orange Chicken,Asian,16.5
2631,2023-02-13,0 days 17:19:26,126,Fettuccine Alfredo,Italian,14.5
2631,2023-02-13,0 days 17:19:26,113,Edamame,Asian,5.0
2631,2023-02-13,0 days 17:19:26,118,Steak Burrito,Mexican,14.95
2632,2023-02-13,0 days 17:24:48,108,Tofu Pad Thai,Asian,14.5
2632,2023-02-13,0 days 17:24:48,117,Chicken Burrito,Mexican,12.95
2633,2023-02-13,0 days 17:37:46,113,Edamame,Asian,5.0
2633,2023-02-13,0 days 17:37:46,113,Edamame,Asian,5.0
2633,2023-02-13,0 days 17:37:46,120,Steak Torta,Mexican,13.95
2633,2023-02-13,0 days 17:37:46,122,Chips & Salsa,Mexican,7.0
2634,2023-02-13,0 days 18:01:27,125,Spaghetti & Meatballs,Italian,17.95
2634,2023-02-13,0 days 18:01:27,113,Edamame,Asian,5.0
2635,2023-02-13,0 days 18:09:55,113,Edamame,Asian,5.0
2636,2023-02-13,0 days 18:10:11,112,Salmon Roll,Asian,14.95
2637,2023-02-13,0 days 18:17:35,101,Hamburger,American,12.95
2638,2023-02-13,0 days 18:27:27,103,Hot Dog,American,9.0
2638,2023-02-13,0 days 18:27:27,119,Chicken Torta,Mexican,11.95
2638,2023-02-13,0 days 18:27:27,106,French Fries,American,7.0
2639,2023-02-13,0 days 18:38:55,105,Mac & Cheese,American,7.0
2639,2023-02-13,0 days 18:38:55,106,French Fries,American,7.0
2640,2023-02-13,0 days 19:21:23,101,Hamburger,American,12.95
2641,2023-02-13,0 days 19:52:22,107,Orange Chicken,Asian,16.5
2641,2023-02-13,0 days 19:52:22,125,Spaghetti & Meatballs,Italian,17.95
2641,2023-02-13,0 days 19:52:22,110,Pork Ramen,Asian,17.95
2641,2023-02-13,0 days 19:52:22,106,French Fries,American,7.0
2642,2023-02-13,0 days 20:02:53,109,Korean Beef Bowl,Asian,17.95
2643,2023-02-13,0 days 20:08:34,109,Korean Beef Bowl,Asian,17.95
2643,2023-02-13,0 days 20:08:34,106,French Fries,American,7.0
2644,2023-02-13,0 days 20:22:27,108,Tofu Pad Thai,Asian,14.5
2644,2023-02-13,0 days 20:22:27,109,Korean Beef Bowl,Asian,17.95
2644,2023-02-13,0 days 20:22:27,105,Mac & Cheese,American,7.0
2645,2023-02-13,0 days 20:26:18,102,Cheeseburger,American,13.95
2645,2023-02-13,0 days 20:26:18,123,Chips & Guacamole,Mexican,9.0
2646,2023-02-13,0 days 20:29:23,107,Orange Chicken,Asian,16.5
2647,2023-02-13,0 days 20:45:14,115,Chicken Tacos,Mexican,11.95
2647,2023-02-13,0 days 20:45:14,110,Pork Ramen,Asian,17.95
2647,2023-02-13,0 days 20:45:14,118,Steak Burrito,Mexican,14.95
2647,2023-02-13,0 days 20:45:14,122,Chips & Salsa,Mexican,7.0
2648,2023-02-13,0 days 20:48:10,101,Hamburger,American,12.95
2648,2023-02-13,0 days 20:48:10,107,Orange Chicken,Asian,16.5
2648,2023-02-13,0 days 20:48:10,102,Cheeseburger,American,13.95
2649,2023-02-13,0 days 20:52:50,109,Korean Beef Bowl,Asian,17.95
2649,2023-02-13,0 days 20:52:50,123,Chips & Guacamole,Mexican,9.0
2649,2023-02-13,0 days 20:52:50,106,French Fries,American,7.0
2650,2023-02-13,0 days 20:55:07,102,Cheeseburger,American,13.95
2650,2023-02-13,0 days 20:55:07,104,Veggie Burger,American,10.5
2650,2023-02-13,0 days 20:55:07,113,Edamame,Asian,5.0
2650,2023-02-13,0 days 20:55:07,122,Chips & Salsa,Mexican,7.0
2651,2023-02-13,0 days 20:59:54,102,Cheeseburger,American,13.95
2652,2023-02-13,0 days 21:00:56,109,Korean Beef Bowl,Asian,17.95
2653,2023-02-13,0 days 21:03:23,115,Chicken Tacos,Mexican,11.95
2653,2023-02-13,0 days 21:03:23,125,Spaghetti & Meatballs,Italian,17.95
2654,2023-02-13,0 days 21:05:06,127,Meat Lasagna,Italian,17.95
2654,2023-02-13,0 days 21:05:06,112,Salmon Roll,Asian,14.95
2655,2023-02-13,0 days 21:34:36,112,Salmon Roll,Asian,14.95
2655,2023-02-13,0 days 21:34:36,120,Steak Torta,Mexican,13.95
2655,2023-02-13,0 days 21:34:36,114,Potstickers,Asian,9.0
2655,2023-02-13,0 days 21:34:36,132,Eggplant Parmesan,Italian,16.95
2656,2023-02-13,0 days 21:36:02,107,Orange Chicken,Asian,16.5
2657,2023-02-13,0 days 21:46:22,117,Chicken Burrito,Mexican,12.95
2657,2023-02-13,0 days 21:46:22,129,Mushroom Ravioli,Italian,15.5
2658,2023-02-13,0 days 21:59:50,112,Salmon Roll,Asian,14.95
2659,2023-02-13,0 days 22:00:43,102,Cheeseburger,American,13.95
2659,2023-02-13,0 days 22:00:43,125,Spaghetti & Meatballs,Italian,17.95
2660,2023-02-13,0 days 22:02:38,102,Cheeseburger,American,13.95
2661,2023-02-13,0 days 22:09:27,102,Cheeseburger,American,13.95
2661,2023-02-13,0 days 22:09:27,129,Mushroom Ravioli,Italian,15.5
2662,2023-02-13,0 days 22:22:32,117,Chicken Burrito,Mexican,12.95
2662,2023-02-13,0 days 22:22:32,121,Cheese Quesadillas,Mexican,10.5
2663,2023-02-13,0 days 22:24:52,111,California Roll,Asian,11.95
2663,2023-02-13,0 days 22:24:52,105,Mac & Cheese,American,7.0
2664,2023-02-13,0 days 22:38:02,116,Steak Tacos,Mexican,13.95
2664,2023-02-13,0 days 22:38:02,119,Chicken Torta,Mexican,11.95
2665,2023-02-13,0 days 22:41:26,101,Hamburger,American,12.95
2666,2023-02-14,0 days 11:48:35,118,Steak Burrito,Mexican,14.95
2666,2023-02-14,0 days 11:48:35,122,Chips & Salsa,Mexican,7.0
2667,2023-02-14,0 days 12:10:23,129,Mushroom Ravioli,Italian,15.5
2668,2023-02-14,0 days 12:22:58,111,California Roll,Asian,11.95
2668,2023-02-14,0 days 12:22:58,114,Potstickers,Asian,9.0
2669,2023-02-14,0 days 12:42:49,105,Mac & Cheese,American,7.0
2670,2023-02-14,0 days 13:13:51,125,Spaghetti & Meatballs,Italian,17.95
2670,2023-02-14,0 days 13:13:51,119,Chicken Torta,Mexican,11.95
2670,2023-02-14,0 days 13:13:51,122,Chips & Salsa,Mexican,7.0
2670,2023-02-14,0 days 13:13:51,132,Eggplant Parmesan,Italian,16.95
2671,2023-02-14,0 days 13:17:44,129,Mushroom Ravioli,Italian,15.5
2672,2023-02-14,0 days 14:05:30,107,Orange Chicken,Asian,16.5
2672,2023-02-14,0 days 14:05:30,126,Fettuccine Alfredo,Italian,14.5
2673,2023-02-14,0 days 14:07:03,105,Mac & Cheese,American,7.0
2674,2023-02-14,0 days 14:15:01,132,Eggplant Parmesan,Italian,16.95
2675,2023-02-14,0 days 14:41:49,101,Hamburger,American,12.95
2675,2023-02-14,0 days 14:41:49,102,Cheeseburger,American,13.95
2675,2023-02-14,0 days 14:41:49,108,Tofu Pad Thai,Asian,14.5
2675,2023-02-14,0 days 14:41:49,124,Spaghetti,Italian,14.5
2675,2023-02-14,0 days 14:41:49,117,Chicken Burrito,Mexican,12.95
2675,2023-02-14,0 days 14:41:49,117,Chicken Burrito,Mexican,12.95
2675,2023-02-14,0 days 14:41:49,129,Mushroom Ravioli,Italian,15.5
2675,2023-02-14,0 days 14:41:49,112,Salmon Roll,Asian,14.95
2675,2023-02-14,0 days 14:41:49,120,Steak Torta,Mexican,13.95
2675,2023-02-14,0 days 14:41:49,105,Mac & Cheese,American,7.0
2675,2023-02-14,0 days 14:41:49,123,Chips & Guacamole,Mexican,9.0
2675,2023-02-14,0 days 14:41:49,114,Potstickers,Asian,9.0
2675,2023-02-14,0 days 14:41:49,132,Eggplant Parmesan,Italian,16.95
2675,2023-02-14,0 days 14:41:49,132,Eggplant Parmesan,Italian,16.95
2676,2023-02-14,0 days 15:17:34,110,Pork Ramen,Asian,17.95
2677,2023-02-14,0 days 15:27:42,115,Chicken Tacos,Mexican,11.95
2677,2023-02-14,0 days 15:27:42,102,Cheeseburger,American,13.95
2677,2023-02-14,0 days 15:27:42,117,Chicken Burrito,Mexican,12.95
2677,2023-02-14,0 days 15:27:42,106,French Fries,American,7.0
2678,2023-02-14,0 days 15:47:53,101,Hamburger,American,12.95
2679,2023-02-14,0 days 16:01:35,106,French Fries,American,7.0
2680,2023-02-14,0 days 16:10:21,102,Cheeseburger,American,13.95
2681,2023-02-14,0 days 16:39:19,106,French Fries,American,7.0
2682,2023-02-14,0 days 16:40:26,120,Steak Torta,Mexican,13.95
2683,2023-02-14,0 days 16:56:35,116,Steak Tacos,Mexican,13.95
2683,2023-02-14,0 days 16:56:35,113,Edamame,Asian,5.0
2684,2023-02-14,0 days 17:02:18,103,Hot Dog,American,9.0
2685,2023-02-14,0 days 17:15:58,112,Salmon Roll,Asian,14.95
2685,2023-02-14,0 days 17:15:58,131,Chicken Parmesan,Italian,17.95
2686,2023-02-14,0 days 17:23:06,110,Pork Ramen,Asian,17.95
2687,2023-02-14,0 days 17:31:20,112,Salmon Roll,Asian,14.95
2688,2023-02-14,0 days 17:43:28,101,Hamburger,American,12.95
2689,2023-02-14,0 days 17:48:59,105,Mac & Cheese,American,7.0
2689,2023-02-14,0 days 17:48:59,132,Eggplant Parmesan,Italian,16.95
2690,2023-02-14,0 days 17:49:26,101,Hamburger,American,12.95
2690,2023-02-14,0 days 17:49:26,112,Salmon Roll,Asian,14.95
2691,2023-02-14,0 days 17:52:15,125,Spaghetti & Meatballs,Italian,17.95
2692,2023-02-14,0 days 17:55:07,107,Orange Chicken,Asian,16.5
2692,2023-02-14,0 days 17:55:07,126,Fettuccine Alfredo,Italian,14.5
2692,2023-02-14,0 days 17:55:07,109,Korean Beef Bowl,Asian,17.95
2692,2023-02-14,0 days 17:55:07,110,Pork Ramen,Asian,17.95
2693,2023-02-14,0 days 18:01:21,116,Steak Tacos,Mexican,13.95
2693,2023-02-14,0 days 18:01:21,110,Pork Ramen,Asian,17.95
2693,2023-02-14,0 days 18:01:21,129,Mushroom Ravioli,Italian,15.5
2693,2023-02-14,0 days 18:01:21,121,Cheese Quesadillas,Mexican,10.5
2694,2023-02-14,0 days 18:10:04,116,Steak Tacos,Mexican,13.95
2695,2023-02-14,0 days 18:15:16,101,Hamburger,American,12.95
2695,2023-02-14,0 days 18:15:16,102,Cheeseburger,American,13.95
2696,2023-02-14,0 days 18:32:58,109,Korean Beef Bowl,Asian,17.95
2696,2023-02-14,0 days 18:32:58,120,Steak Torta,Mexican,13.95
2697,2023-02-14,0 days 18:43:18,109,Korean Beef Bowl,Asian,17.95
2697,2023-02-14,0 days 18:43:18,129,Mushroom Ravioli,Italian,15.5
2697,2023-02-14,0 days 18:43:18,121,Cheese Quesadillas,Mexican,10.5
2697,2023-02-14,0 days 18:43:18,122,Chips & Salsa,Mexican,7.0
2698,2023-02-14,0 days 18:43:20,104,Veggie Burger,American,10.5
2698,2023-02-14,0 days 18:43:20,130,Shrimp Scampi,Italian,19.95
2699,2023-02-14,0 days 18:44:17,125,Spaghetti & Meatballs,Italian,17.95
2699,2023-02-14,0 days 18:44:17,129,Mushroom Ravioli,Italian,15.5
2699,2023-02-14,0 days 18:44:17,120,Steak Torta,Mexican,13.95
2699,2023-02-14,0 days 18:44:17,106,French Fries,American,7.0
2700,2023-02-14,0 days 18:47:34,108,Tofu Pad Thai,Asian,14.5
2700,2023-02-14,0 days 18:47:34,124,Spaghetti,Italian,14.5
2700,2023-02-14,0 days 18:47:34,126,Fettuccine Alfredo,Italian,14.5
2700,2023-02-14,0 days 18:47:34,128,Cheese Lasagna,Italian,15.5
2701,2023-02-14,0 days 18:53:37,117,Chicken Burrito,Mexican,12.95
2702,2023-02-14,0 days 18:54:29,116,Steak Tacos,Mexican,13.95
2702,2023-02-14,0 days 18:54:29,108,Tofu Pad Thai,Asian,14.5
2702,2023-02-14,0 days 18:54:29,105,Mac & Cheese,American,7.0
2703,2023-02-14,0 days 19:11:09,122,Chips & Salsa,Mexican,7.0
2704,2023-02-14,0 days 19:11:21,105,Mac & Cheese,American,7.0
2705,2023-02-14,0 days 19:34:31,107,Orange Chicken,Asian,16.5
2705,2023-02-14,0 days 19:34:31,124,Spaghetti,Italian,14.5
2705,2023-02-14,0 days 19:34:31,129,Mushroom Ravioli,Italian,15.5
2705,2023-02-14,0 days 19:34:31,105,Mac & Cheese,American,7.0
2706,2023-02-14,0 days 19:35:44,127,Meat Lasagna,Italian,17.95
2707,2023-02-14,0 days 19:35:46,108,Tofu Pad Thai,Asian,14.5
2707,2023-02-14,0 days 19:35:46,117,Chicken Burrito,Mexican,12.95
2707,2023-02-14,0 days 19:35:46,112,Salmon Roll,Asian,14.95
2707,2023-02-14,0 days 19:35:46,106,French Fries,American,7.0
2708,2023-02-14,0 days 19:40:04,102,Cheeseburger,American,13.95
2708,2023-02-14,0 days 19:40:04,125,Spaghetti & Meatballs,Italian,17.95
2708,2023-02-14,0 days 19:40:04,109,Korean Beef Bowl,Asian,17.95
2708,2023-02-14,0 days 19:40:04,119,Chicken Torta,Mexican,11.95
2709,2023-02-14,0 days 19:44:58,125,Spaghetti & Meatballs,Italian,17.95
2709,2023-02-14,0 days 19:44:58,126,Fettuccine Alfredo,Italian,14.5
2709,2023-02-14,0 days 19:44:58,117,Chicken Burrito,Mexican,12.95
2709,2023-02-14,0 days 19:44:58,129,Mushroom Ravioli,Italian,15.5
2710,2023-02-14,0 days 20:00:00,103,Hot Dog,American,9.0
2710,2023-02-14,0 days 20:00:00,126,Fettuccine Alfredo,Italian,14.5
2710,2023-02-14,0 days 20:00:00,105,Mac & Cheese,American,7.0
2711,2023-02-14,0 days 20:00:33,125,Spaghetti & Meatballs,Italian,17.95
2711,2023-02-14,0 days 20:00:33,113,Edamame,Asian,5.0
2711,2023-02-14,0 days 20:00:33,118,Steak Burrito,Mexican,14.95
2711,2023-02-14,0 days 20:00:33,123,Chips & Guacamole,Mexican,9.0
2712,2023-02-14,0 days 20:52:05,117,Chicken Burrito,Mexican,12.95
2712,2023-02-14,0 days 20:52:05,114,Potstickers,Asian,9.0
2713,2023-02-14,0 days 21:08:21,116,Steak Tacos,Mexican,13.95
2713,2023-02-14,0 days 21:08:21,127,Meat Lasagna,Italian,17.95
2714,2023-02-14,0 days 21:22:31,117,Chicken Burrito,Mexican,12.95
2715,2023-02-14,0 days 21:31:51,121,Cheese Quesadillas,Mexican,10.5
2715,2023-02-14,0 days 21:31:51,122,Chips & Salsa,Mexican,7.0
2715,2023-02-14,0 days 21:31:51,132,Eggplant Parmesan,Italian,16.95
2716,2023-02-14,0 days 21:33:46,101,Hamburger,American,12.95
2716,2023-02-14,0 days 21:33:46,101,Hamburger,American,12.95
2716,2023-02-14,0 days 21:33:46,110,Pork Ramen,Asian,17.95
2717,2023-02-14,0 days 21:58:09,126,Fettuccine Alfredo,Italian,14.5
2717,2023-02-14,0 days 21:58:09,129,Mushroom Ravioli,Italian,15.5
2718,2023-02-14,0 days 22:16:39,101,Hamburger,American,12.95
2718,2023-02-14,0 days 22:16:39,116,Steak Tacos,Mexican,13.95
2718,2023-02-14,0 days 22:16:39,129,Mushroom Ravioli,Italian,15.5
2718,2023-02-14,0 days 22:16:39,130,Shrimp Scampi,Italian,19.95
2719,2023-02-14,0 days 22:22:46,102,Cheeseburger,American,13.95
2719,2023-02-14,0 days 22:22:46,123,Chips & Guacamole,Mexican,9.0
2720,2023-02-14,0 days 22:29:54,101,Hamburger,American,12.95
2721,2023-02-14,0 days 22:29:57,124,Spaghetti,Italian,14.5
2722,2023-02-14,0 days 22:52:37,101,Hamburger,American,12.95
2722,2023-02-14,0 days 22:52:37,109,Korean Beef Bowl,Asian,17.95
2722,2023-02-14,0 days 22:52:37,113,Edamame,Asian,5.0
2723,2023-02-15,0 days 11:35:24,113,Edamame,Asian,5.0
2724,2023-02-15,0 days 11:48:59,102,Cheeseburger,American,13.95
2724,2023-02-15,0 days 11:48:59,108,Tofu Pad Thai,Asian,14.5
2724,2023-02-15,0 days 11:48:59,132,Eggplant Parmesan,Italian,16.95
2725,2023-02-15,0 days 11:52:00,101,Hamburger,American,12.95
2725,2023-02-15,0 days 11:52:00,116,Steak Tacos,Mexican,13.95
2725,2023-02-15,0 days 11:52:00,103,Hot Dog,American,9.0
2725,2023-02-15,0 days 11:52:00,109,Korean Beef Bowl,Asian,17.95
2725,2023-02-15,0 days 11:52:00,117,Chicken Burrito,Mexican,12.95
2725,2023-02-15,0 days 11:52:00,111,California Roll,Asian,11.95
2725,2023-02-15,0 days 11:52:00,118,Steak Burrito,Mexican,14.95
2725,2023-02-15,0 days 11:52:00,119,Chicken Torta,Mexican,11.95
2725,2023-02-15,0 days 11:52:00,120,Steak Torta,Mexican,13.95
2725,2023-02-15,0 days 11:52:00,105,Mac & Cheese,American,7.0
2725,2023-02-15,0 days 11:52:00,122,Chips & Salsa,Mexican,7.0
2725,2023-02-15,0 days 11:52:00,130,Shrimp Scampi,Italian,19.95
2725,2023-02-15,0 days 11:52:00,114,Potstickers,Asian,9.0
2726,2023-02-15,0 days 11:54:55,107,Orange Chicken,Asian,16.5
2727,2023-02-15,0 days 11:56:33,110,Pork Ramen,Asian,17.95
2727,2023-02-15,0 days 11:56:33,119,Chicken Torta,Mexican,11.95
2728,2023-02-15,0 days 12:12:02,116,Steak Tacos,Mexican,13.95
2728,2023-02-15,0 days 12:12:02,103,Hot Dog,American,9.0
2729,2023-02-15,0 days 13:29:30,106,French Fries,American,7.0
2730,2023-02-15,0 days 13:53:02,106,French Fries,American,7.0
2731,2023-02-15,0 days 13:54:31,120,Steak Torta,Mexican,13.95
2732,2023-02-15,0 days 14:16:54,107,Orange Chicken,Asian,16.5
2732,2023-02-15,0 days 14:16:54,125,Spaghetti & Meatballs,Italian,17.95
2732,2023-02-15,0 days 14:16:54,117,Chicken Burrito,Mexican,12.95
2732,2023-02-15,0 days 14:16:54,117,Chicken Burrito,Mexican,12.95
2733,2023-02-15,0 days 14:40:34,104,Veggie Burger,American,10.5
2733,2023-02-15,0 days 14:40:34,125,Spaghetti & Meatballs,Italian,17.95
2734,2023-02-15,0 days 14:51:01,106,French Fries,American,7.0
2735,2023-02-15,0 days 14:53:31,116,Steak Tacos,Mexican,13.95
2735,2023-02-15,0 days 14:53:31,108,Tofu Pad Thai,Asian,14.5
2735,2023-02-15,0 days 14:53:31,110,Pork Ramen,Asian,17.95
2735,2023-02-15,0 days 14:53:31,127,Meat Lasagna,Italian,17.95
2736,2023-02-15,0 days 15:11:36,101,Hamburger,American,12.95
2736,2023-02-15,0 days 15:11:36,128,Cheese Lasagna,Italian,15.5
2736,2023-02-15,0 days 15:11:36,105,Mac & Cheese,American,7.0
2737,2023-02-15,0 days 15:19:05,107,Orange Chicken,Asian,16.5
2737,2023-02-15,0 days 15:19:05,131,Chicken Parmesan,Italian,17.95
2738,2023-02-15,0 days 15:57:57,102,Cheeseburger,American,13.95
2739,2023-02-15,0 days 16:29:16,105,Mac & Cheese,American,7.0
2740,2023-02-15,0 days 16:32:41,103,Hot Dog,American,9.0
2740,2023-02-15,0 days 16:32:41,120,Steak Torta,Mexican,13.95
2741,2023-02-15,0 days 16:39:02,113,Edamame,Asian,5.0
2741,2023-02-15,0 days 16:39:02,113,Edamame,Asian,5.0
2742,2023-02-15,0 days 16:51:56,130,Shrimp Scampi,Italian,19.95
2742,2023-02-15,0 days 16:51:56,106,French Fries,American,7.0
2743,2023-02-15,0 days 16:54:36,108,Tofu Pad Thai,Asian,14.5
2744,2023-02-15,0 days 17:01:46,127,Meat Lasagna,Italian,17.95
2744,2023-02-15,0 days 17:01:46,131,Chicken Parmesan,Italian,17.95
2745,2023-02-15,0 days 17:07:31,113,Edamame,Asian,5.0
2746,2023-02-15,0 days 17:10:49,102,Cheeseburger,American,13.95
2746,2023-02-15,0 days 17:10:49,119,Chicken Torta,Mexican,11.95
2746,2023-02-15,0 days 17:10:49,119,Chicken Torta,Mexican,11.95
2747,2023-02-15,0 days 17:16:27,129,Mushroom Ravioli,Italian,15.5
2747,2023-02-15,0 days 17:16:27,105,Mac & Cheese,American,7.0
2748,2023-02-15,0 days 17:21:12,104,Veggie Burger,American,10.5
2749,2023-02-15,0 days 17:21:37,107,Orange Chicken,Asian,16.5
2749,2023-02-15,0 days 17:21:37,104,Veggie Burger,American,10.5
2750,2023-02-15,0 days 17:26:04,109,Korean Beef Bowl,Asian,17.95
2750,2023-02-15,0 days 17:26:04,109,Korean Beef Bowl,Asian,17.95
2750,2023-02-15,0 days 17:26:04,127,Meat Lasagna,Italian,17.95
2750,2023-02-15,0 days 17:26:04,105,Mac & Cheese,American,7.0
2751,2023-02-15,0 days 17:28:16,111,California Roll,Asian,11.95
2752,2023-02-15,0 days 17:29:20,124,Spaghetti,Italian,14.5
2752,2023-02-15,0 days 17:29:20,112,Salmon Roll,Asian,14.95
2752,2023-02-15,0 days 17:29:20,113,Edamame,Asian,5.0
2752,2023-02-15,0 days 17:29:20,118,Steak Burrito,Mexican,14.95
2753,2023-02-15,0 days 17:34:35,125,Spaghetti & Meatballs,Italian,17.95
2753,2023-02-15,0 days 17:34:35,117,Chicken Burrito,Mexican,12.95
2753,2023-02-15,0 days 17:34:35,132,Eggplant Parmesan,Italian,16.95
2754,2023-02-15,0 days 17:42:41,115,Chicken Tacos,Mexican,11.95
2754,2023-02-15,0 days 17:42:41,108,Tofu Pad Thai,Asian,14.5
2754,2023-02-15,0 days 17:42:41,129,Mushroom Ravioli,Italian,15.5
2755,2023-02-15,0 days 17:49:17,102,Cheeseburger,American,13.95
2755,2023-02-15,0 days 17:49:17,111,California Roll,Asian,11.95
2755,2023-02-15,0 days 17:49:17,105,Mac & Cheese,American,7.0
2756,2023-02-15,0 days 17:50:18,101,Hamburger,American,12.95
2756,2023-02-15,0 days 17:50:18,102,Cheeseburger,American,13.95
2757,2023-02-15,0 days 17:51:40,107,Orange Chicken,Asian,16.5
2758,2023-02-15,0 days 17:58:47,104,Veggie Burger,American,10.5
2758,2023-02-15,0 days 17:58:47,106,French Fries,American,7.0
2759,2023-02-15,0 days 18:04:36,102,Cheeseburger,American,13.95
2759,2023-02-15,0 days 18:04:36,113,Edamame,Asian,5.0
2759,2023-02-15,0 days 18:04:36,106,French Fries,American,7.0
2760,2023-02-15,0 days 18:50:04,132,Eggplant Parmesan,Italian,16.95
2761,2023-02-15,0 days 18:50:06,124,Spaghetti,Italian,14.5
2761,2023-02-15,0 days 18:50:06,105,Mac & Cheese,American,7.0
2761,2023-02-15,0 days 18:50:06,131,Chicken Parmesan,Italian,17.95
2761,2023-02-15,0 days 18:50:06,106,French Fries,American,7.0
2762,2023-02-15,0 days 18:54:43,131,Chicken Parmesan,Italian,17.95
2763,2023-02-15,0 days 18:58:26,108,Tofu Pad Thai,Asian,14.5
2763,2023-02-15,0 days 18:58:26,120,Steak Torta,Mexican,13.95
2764,2023-02-15,0 days 19:16:07,107,Orange Chicken,Asian,16.5
2765,2023-02-15,0 days 19:28:59,124,Spaghetti,Italian,14.5
2765,2023-02-15,0 days 19:28:59,122,Chips & Salsa,Mexican,7.0
2766,2023-02-15,0 days 19:30:07,125,Spaghetti & Meatballs,Italian,17.95
2766,2023-02-15,0 days 19:30:07,118,Steak Burrito,Mexican,14.95
2766,2023-02-15,0 days 19:30:07,120,Steak Torta,Mexican,13.95
2767,2023-02-15,0 days 19:45:33,120,Steak Torta,Mexican,13.95
2767,2023-02-15,0 days 19:45:33,105,Mac & Cheese,American,7.0
2767,2023-02-15,0 days 19:45:33,132,Eggplant Parmesan,Italian,16.95
2768,2023-02-15,0 days 19:59:22,112,Salmon Roll,Asian,14.95
2769,2023-02-15,0 days 20:14:22,110,Pork Ramen,Asian,17.95
2769,2023-02-15,0 days 20:14:22,128,Cheese Lasagna,Italian,15.5
2770,2023-02-15,0 days 20:41:38,120,Steak Torta,Mexican,13.95
2770,2023-02-15,0 days 20:41:38,120,Steak Torta,Mexican,13.95
2770,2023-02-15,0 days 20:41:38,105,Mac & Cheese,American,7.0
2771,2023-02-15,0 days 20:54:46,119,Chicken Torta,Mexican,11.95
2772,2023-02-15,0 days 21:02:21,101,Hamburger,American,12.95
2772,2023-02-15,0 days 21:02:21,117,Chicken Burrito,Mexican,12.95
2772,2023-02-15,0 days 21:02:21,111,California Roll,Asian,11.95
2772,2023-02-15,0 days 21:02:21,113,Edamame,Asian,5.0
2773,2023-02-15,0 days 21:02:35,126,Fettuccine Alfredo,Italian,14.5
2773,2023-02-15,0 days 21:02:35,126,Fettuccine Alfredo,Italian,14.5
2773,2023-02-15,0 days 21:02:35,128,Cheese Lasagna,Italian,15.5
2773,2023-02-15,0 days 21:02:35,131,Chicken Parmesan,Italian,17.95
2774,2023-02-15,0 days 21:02:44,101,Hamburger,American,12.95
2774,2023-02-15,0 days 21:02:44,108,Tofu Pad Thai,Asian,14.5
2774,2023-02-15,0 days 21:02:44,124,Spaghetti,Italian,14.5
2774,2023-02-15,0 days 21:02:44,132,Eggplant Parmesan,Italian,16.95
2775,2023-02-15,0 days 21:44:07,108,Tofu Pad Thai,Asian,14.5
2776,2023-02-15,0 days 21:44:18,103,Hot Dog,American,9.0
2776,2023-02-15,0 days 21:44:18,132,Eggplant Parmesan,Italian,16.95
2777,2023-02-15,0 days 21:56:36,127,Meat Lasagna,Italian,17.95
2778,2023-02-16,0 days 11:20:37,126,Fettuccine Alfredo,Italian,14.5
2779,2023-02-16,0 days 11:35:56,108,Tofu Pad Thai,Asian,14.5
2779,2023-02-16,0 days 11:35:56,125,Spaghetti & Meatballs,Italian,17.95
2780,2023-02-16,0 days 11:40:28,128,Cheese Lasagna,Italian,15.5
2781,2023-02-16,0 days 11:47:04,107,Orange Chicken,Asian,16.5
2781,2023-02-16,0 days 11:47:04,109,Korean Beef Bowl,Asian,17.95
2781,2023-02-16,0 days 11:47:04,117,Chicken Burrito,Mexican,12.95
2781,2023-02-16,0 days 11:47:04,112,Salmon Roll,Asian,14.95
2781,2023-02-16,0 days 11:47:04,113,Edamame,Asian,5.0
2781,2023-02-16,0 days 11:47:04,113,Edamame,Asian,5.0
2781,2023-02-16,0 days 11:47:04,106,French Fries,American,7.0
2781,2023-02-16,0 days 11:47:04,106,French Fries,American,7.0
2781,2023-02-16,0 days 11:47:04,106,French Fries,American,7.0
2781,2023-02-16,0 days 11:47:04,132,Eggplant Parmesan,Italian,16.95
2782,2023-02-16,0 days 11:58:57,105,Mac & Cheese,American,7.0
2783,2023-02-16,0 days 12:02:14,105,Mac & Cheese,American,7.0
2783,2023-02-16,0 days 12:02:14,130,Shrimp Scampi,Italian,19.95
2784,2023-02-16,0 days 12:16:21,112,Salmon Roll,Asian,14.95
2784,2023-02-16,0 days 12:16:21,119,Chicken Torta,Mexican,11.95
2784,2023-02-16,0 days 12:16:21,132,Eggplant Parmesan,Italian,16.95
2785,2023-02-16,0 days 12:17:18,119,Chicken Torta,Mexican,11.95
2786,2023-02-16,0 days 12:18:19,103,Hot Dog,American,9.0
2786,2023-02-16,0 days 12:18:19,104,Veggie Burger,American,10.5
2786,2023-02-16,0 days 12:18:19,124,Spaghetti,Italian,14.5
2786,2023-02-16,0 days 12:18:19,125,Spaghetti & Meatballs,Italian,17.95
2786,2023-02-16,0 days 12:18:19,109,Korean Beef Bowl,Asian,17.95
2786,2023-02-16,0 days 12:18:19,117,Chicken Burrito,Mexican,12.95
2786,2023-02-16,0 days 12:18:19,129,Mushroom Ravioli,Italian,15.5
2786,2023-02-16,0 days 12:18:19,111,California Roll,Asian,11.95
2786,2023-02-16,0 days 12:18:19,123,Chips & Guacamole,Mexican,9.0
2787,2023-02-16,0 days 12:23:23,112,Salmon Roll,Asian,14.95
2787,2023-02-16,0 days 12:23:23,113,Edamame,Asian,5.0
2788,2023-02-16,0 days 12:39:37,102,Cheeseburger,American,13.95
2788,2023-02-16,0 days 12:39:37,108,Tofu Pad Thai,Asian,14.5
2788,2023-02-16,0 days 12:39:37,117,Chicken Burrito,Mexican,12.95
2789,2023-02-16,0 days 12:40:50,108,Tofu Pad Thai,Asian,14.5
2789,2023-02-16,0 days 12:40:50,110,Pork Ramen,Asian,17.95
2789,2023-02-16,0 days 12:40:50,120,Steak Torta,Mexican,13.95
2790,2023-02-16,0 days 12:46:47,102,Cheeseburger,American,13.95
2791,2023-02-16,0 days 12:53:24,109,Korean Beef Bowl,Asian,17.95
2792,2023-02-16,0 days 12:56:07,132,Eggplant Parmesan,Italian,16.95
2793,2023-02-16,0 days 13:12:48,103,Hot Dog,American,9.0
2793,2023-02-16,0 days 13:12:48,125,Spaghetti & Meatballs,Italian,17.95
2793,2023-02-16,0 days 13:12:48,119,Chicken Torta,Mexican,11.95
2794,2023-02-16,0 days 13:13:19,116,Steak Tacos,Mexican,13.95
2794,2023-02-16,0 days 13:13:19,124,Spaghetti,Italian,14.5
2794,2023-02-16,0 days 13:13:19,110,Pork Ramen,Asian,17.95
2794,2023-02-16,0 days 13:13:19,111,California Roll,Asian,11.95
2795,2023-02-16,0 days 13:44:29,109,Korean Beef Bowl,Asian,17.95
2796,2023-02-16,0 days 14:17:05,127,Meat Lasagna,Italian,17.95
2797,2023-02-16,0 days 14:19:46,132,Eggplant Parmesan,Italian,16.95
2798,2023-02-16,0 days 14:39:07,103,Hot Dog,American,9.0
2798,2023-02-16,0 days 14:39:07,110,Pork Ramen,Asian,17.95
2798,2023-02-16,0 days 14:39:07,105,Mac & Cheese,American,7.0
2798,2023-02-16,0 days 14:39:07,122,Chips & Salsa,Mexican,7.0
2799,2023-02-16,0 days 14:47:20,109,Korean Beef Bowl,Asian,17.95
2800,2023-02-16,0 days 15:46:10,103,Hot Dog,American,9.0
2800,2023-02-16,0 days 15:46:10,121,Cheese Quesadillas,Mexican,10.5
2801,2023-02-16,0 days 15:58:06,113,Edamame,Asian,5.0
2801,2023-02-16,0 days 15:58:06,105,Mac & Cheese,American,7.0
2802,2023-02-16,0 days 16:01:31,101,Hamburger,American,12.95
2802,2023-02-16,0 days 16:01:31,109,Korean Beef Bowl,Asian,17.95
2803,2023-02-16,0 days 16:23:34,112,Salmon Roll,Asian,14.95
2803,2023-02-16,0 days 16:23:34,121,Cheese Quesadillas,Mexican,10.5
2804,2023-02-16,0 days 16:43:53,131,Chicken Parmesan,Italian,17.95
2804,2023-02-16,0 days 16:43:53,106,French Fries,American,7.0
2805,2023-02-16,0 days 16:57:14,125,Spaghetti & Meatballs,Italian,17.95
2805,2023-02-16,0 days 16:57:14,109,Korean Beef Bowl,Asian,17.95
2805,2023-02-16,0 days 16:57:14,111,California Roll,Asian,11.95
2806,2023-02-16,0 days 17:12:37,113,Edamame,Asian,5.0
2807,2023-02-16,0 days 17:13:02,109,Korean Beef Bowl,Asian,17.95
2807,2023-02-16,0 days 17:13:02,106,French Fries,American,7.0
2808,2023-02-16,0 days 17:27:14,128,Cheese Lasagna,Italian,15.5
2808,2023-02-16,0 days 17:27:14,111,California Roll,Asian,11.95
2808,2023-02-16,0 days 17:27:14,120,Steak Torta,Mexican,13.95
2809,2023-02-16,0 days 17:47:25,102,Cheeseburger,American,13.95
2810,2023-02-16,0 days 17:54:00,124,Spaghetti,Italian,14.5
2810,2023-02-16,0 days 17:54:00,111,California Roll,Asian,11.95
2811,2023-02-16,0 days 18:03:29,128,Cheese Lasagna,Italian,15.5
2811,2023-02-16,0 days 18:03:29,111,California Roll,Asian,11.95
2811,2023-02-16,0 days 18:03:29,119,Chicken Torta,Mexican,11.95
2811,2023-02-16,0 days 18:03:29,120,Steak Torta,Mexican,13.95
2812,2023-02-16,0 days 18:13:00,119,Chicken Torta,Mexican,11.95
2812,2023-02-16,0 days 18:13:00,105,Mac & Cheese,American,7.0
2812,2023-02-16,0 days 18:13:00,131,Chicken Parmesan,Italian,17.95
2813,2023-02-16,0 days 18:15:02,117,Chicken Burrito,Mexican,12.95
2813,2023-02-16,0 days 18:15:02,128,Cheese Lasagna,Italian,15.5
2813,2023-02-16,0 days 18:15:02,114,Potstickers,Asian,9.0
2814,2023-02-16,0 days 18:21:06,106,French Fries,American,7.0
2815,2023-02-16,0 days 18:21:17,107,Orange Chicken,Asian,16.5
2815,2023-02-16,0 days 18:21:17,108,Tofu Pad Thai,Asian,14.5
2815,2023-02-16,0 days 18:21:17,106,French Fries,American,7.0
2816,2023-02-16,0 days 18:21:37,101,Hamburger,American,12.95
2816,2023-02-16,0 days 18:21:37,107,Orange Chicken,Asian,16.5
2817,2023-02-16,0 days 18:37:05,126,Fettuccine Alfredo,Italian,14.5
2817,2023-02-16,0 days 18:37:05,122,Chips & Salsa,Mexican,7.0
2818,2023-02-16,0 days 18:40:09,107,Orange Chicken,Asian,16.5
2818,2023-02-16,0 days 18:40:09,118,Steak Burrito,Mexican,14.95
2818,2023-02-16,0 days 18:40:09,120,Steak Torta,Mexican,13.95
2819,2023-02-16,0 days 19:26:51,109,Korean Beef Bowl,Asian,17.95
2819,2023-02-16,0 days 19:26:51,106,French Fries,American,7.0
2820,2023-02-16,0 days 19:35:17,111,California Roll,Asian,11.95
2821,2023-02-16,0 days 19:35:28,117,Chicken Burrito,Mexican,12.95
2822,2023-02-16,0 days 19:37:08,113,Edamame,Asian,5.0
2823,2023-02-16,0 days 19:53:49,104,Veggie Burger,American,10.5
2823,2023-02-16,0 days 19:53:49,131,Chicken Parmesan,Italian,17.95
2824,2023-02-16,0 days 19:55:28,103,Hot Dog,American,9.0
2824,2023-02-16,0 days 19:55:28,124,Spaghetti,Italian,14.5
2824,2023-02-16,0 days 19:55:28,111,California Roll,Asian,11.95
2824,2023-02-16,0 days 19:55:28,121,Cheese Quesadillas,Mexican,10.5
2825,2023-02-16,0 days 20:46:23,109,Korean Beef Bowl,Asian,17.95
2825,2023-02-16,0 days 20:46:23,110,Pork Ramen,Asian,17.95
2825,2023-02-16,0 days 20:46:23,128,Cheese Lasagna,Italian,15.5
2825,2023-02-16,0 days 20:46:23,106,French Fries,American,7.0
2826,2023-02-16,0 days 22:40:27,109,Korean Beef Bowl,Asian,17.95
2826,2023-02-16,0 days 22:40:27,106,French Fries,American,7.0
2827,2023-02-17,0 days 11:24:02,113,Edamame,Asian,5.0
2827,2023-02-17,0 days 11:24:02,121,Cheese Quesadillas,Mexican,10.5
2828,2023-02-17,0 days 11:26:13,129,Mushroom Ravioli,Italian,15.5
2829,2023-02-17,0 days 11:41:17,102,Cheeseburger,American,13.95
2829,2023-02-17,0 days 11:41:17,104,Veggie Burger,American,10.5
2829,2023-02-17,0 days 11:41:17,122,Chips & Salsa,Mexican,7.0
2830,2023-02-17,0 days 11:51:54,101,Hamburger,American,12.95
2831,2023-02-17,0 days 12:01:02,108,Tofu Pad Thai,Asian,14.5
2831,2023-02-17,0 days 12:01:02,110,Pork Ramen,Asian,17.95
2831,2023-02-17,0 days 12:01:02,105,Mac & Cheese,American,7.0
2831,2023-02-17,0 days 12:01:02,106,French Fries,American,7.0
2832,2023-02-17,0 days 12:05:10,102,Cheeseburger,American,13.95
2833,2023-02-17,0 days 12:33:55,107,Orange Chicken,Asian,16.5
2834,2023-02-17,0 days 12:43:07,101,Hamburger,American,12.95
2835,2023-02-17,0 days 12:53:50,108,Tofu Pad Thai,Asian,14.5
2836,2023-02-17,0 days 12:58:28,108,Tofu Pad Thai,Asian,14.5
2837,2023-02-17,0 days 12:58:45,120,Steak Torta,Mexican,13.95
2838,2023-02-17,0 days 13:00:48,110,Pork Ramen,Asian,17.95
2839,2023-02-17,0 days 13:14:08,105,Mac & Cheese,American,7.0
2840,2023-02-17,0 days 13:21:27,109,Korean Beef Bowl,Asian,17.95
2841,2023-02-17,0 days 13:25:44,103,Hot Dog,American,9.0
2841,2023-02-17,0 days 13:25:44,120,Steak Torta,Mexican,13.95
2841,2023-02-17,0 days 13:25:44,132,Eggplant Parmesan,Italian,16.95
2842,2023-02-17,0 days 13:31:20,118,Steak Burrito,Mexican,14.95
2843,2023-02-17,0 days 13:36:33,101,Hamburger,American,12.95
2843,2023-02-17,0 days 13:36:33,119,Chicken Torta,Mexican,11.95
2843,2023-02-17,0 days 13:36:33,122,Chips & Salsa,Mexican,7.0
2843,2023-02-17,0 days 13:36:33,130,Shrimp Scampi,Italian,19.95
2844,2023-02-17,0 days 13:41:34,108,Tofu Pad Thai,Asian,14.5
2844,2023-02-17,0 days 13:41:34,118,Steak Burrito,Mexican,14.95
2845,2023-02-17,0 days 13:47:42,111,California Roll,Asian,11.95
2846,2023-02-17,0 days 13:58:44,108,Tofu Pad Thai,Asian,14.5
2846,2023-02-17,0 days 13:58:44,108,Tofu Pad Thai,Asian,14.5
2846,2023-02-17,0 days 13:58:44,117,Chicken Burrito,Mexican,12.95
2847,2023-02-17,0 days 14:00:42,109,Korean Beef Bowl,Asian,17.95
2847,2023-02-17,0 days 14:00:42,127,Meat Lasagna,Italian,17.95
2847,2023-02-17,0 days 14:00:42,120,Steak Torta,Mexican,13.95
2847,2023-02-17,0 days 14:00:42,131,Chicken Parmesan,Italian,17.95
2847,2023-02-17,0 days 14:00:42,132,Eggplant Parmesan,Italian,16.95
2848,2023-02-17,0 days 14:02:20,119,Chicken Torta,Mexican,11.95
2848,2023-02-17,0 days 14:02:20,105,Mac & Cheese,American,7.0
2849,2023-02-17,0 days 14:07:24,119,Chicken Torta,Mexican,11.95
2849,2023-02-17,0 days 14:07:24,105,Mac & Cheese,American,7.0
2849,2023-02-17,0 days 14:07:24,105,Mac & Cheese,American,7.0
2849,2023-02-17,0 days 14:07:24,106,French Fries,American,7.0
2850,2023-02-17,0 days 14:16:57,118,Steak Burrito,Mexican,14.95
2851,2023-02-17,0 days 14:23:26,107,Orange Chicken,Asian,16.5
2851,2023-02-17,0 days 14:23:26,103,Hot Dog,American,9.0
2851,2023-02-17,0 days 14:23:26,109,Korean Beef Bowl,Asian,17.95
2851,2023-02-17,0 days 14:23:26,113,Edamame,Asian,5.0
2851,2023-02-17,0 days 14:23:26,119,Chicken Torta,Mexican,11.95
2851,2023-02-17,0 days 14:23:26,120,Steak Torta,Mexican,13.95
2851,2023-02-17,0 days 14:23:26,131,Chicken Parmesan,Italian,17.95
2851,2023-02-17,0 days 14:23:26,106,French Fries,American,7.0
2851,2023-02-17,0 days 14:23:26,132,Eggplant Parmesan,Italian,16.95
2852,2023-02-17,0 days 14:30:43,125,Spaghetti & Meatballs,Italian,17.95
2852,2023-02-17,0 days 14:30:43,113,Edamame,Asian,5.0
2853,2023-02-17,0 days 14:49:35,121,Cheese Quesadillas,Mexican,10.5
2854,2023-02-17,0 days 15:24:37,126,Fettuccine Alfredo,Italian,14.5
2854,2023-02-17,0 days 15:24:37,111,California Roll,Asian,11.95
2854,2023-02-17,0 days 15:24:37,130,Shrimp Scampi,Italian,19.95
2854,2023-02-17,0 days 15:24:37,132,Eggplant Parmesan,Italian,16.95
2855,2023-02-17,0 days 15:26:05,110,Pork Ramen,Asian,17.95
2855,2023-02-17,0 days 15:26:05,110,Pork Ramen,Asian,17.95
2855,2023-02-17,0 days 15:26:05,123,Chips & Guacamole,Mexican,9.0
2855,2023-02-17,0 days 15:26:05,106,French Fries,American,7.0
2856,2023-02-17,0 days 16:00:48,104,Veggie Burger,American,10.5
2856,2023-02-17,0 days 16:00:48,123,Chips & Guacamole,Mexican,9.0
2857,2023-02-17,0 days 16:43:16,118,Steak Burrito,Mexican,14.95
2858,2023-02-17,0 days 16:52:53,103,Hot Dog,American,9.0
2858,2023-02-17,0 days 16:52:53,130,Shrimp Scampi,Italian,19.95
2859,2023-02-17,0 days 16:56:21,116,Steak Tacos,Mexican,13.95
2859,2023-02-17,0 days 16:56:21,121,Cheese Quesadillas,Mexican,10.5
2860,2023-02-17,0 days 17:02:17,104,Veggie Burger,American,10.5
2861,2023-02-17,0 days 17:26:55,107,Orange Chicken,Asian,16.5
2862,2023-02-17,0 days 17:27:13,106,French Fries,American,7.0
2863,2023-02-17,0 days 17:28:53,129,Mushroom Ravioli,Italian,15.5
2864,2023-02-17,0 days 17:30:42,108,Tofu Pad Thai,Asian,14.5
2864,2023-02-17,0 days 17:30:42,105,Mac & Cheese,American,7.0
2865,2023-02-17,0 days 17:33:09,126,Fettuccine Alfredo,Italian,14.5
2866,2023-02-17,0 days 17:36:11,109,Korean Beef Bowl,Asian,17.95
2866,2023-02-17,0 days 17:36:11,109,Korean Beef Bowl,Asian,17.95
2867,2023-02-17,0 days 17:36:38,101,Hamburger,American,12.95
2867,2023-02-17,0 days 17:36:38,101,Hamburger,American,12.95
2868,2023-02-17,0 days 17:42:20,130,Shrimp Scampi,Italian,19.95
2869,2023-02-17,0 days 17:55:47,117,Chicken Burrito,Mexican,12.95
2870,2023-02-17,0 days 18:09:41,109,Korean Beef Bowl,Asian,17.95
2870,2023-02-17,0 days 18:09:41,110,Pork Ramen,Asian,17.95
2871,2023-02-17,0 days 18:39:26,116,Steak Tacos,Mexican,13.95
2871,2023-02-17,0 days 18:39:26,113,Edamame,Asian,5.0
2871,2023-02-17,0 days 18:39:26,114,Potstickers,Asian,9.0
2872,2023-02-17,0 days 18:40:22,105,Mac & Cheese,American,7.0
2873,2023-02-17,0 days 18:46:36,117,Chicken Burrito,Mexican,12.95
2874,2023-02-17,0 days 19:03:32,109,Korean Beef Bowl,Asian,17.95
2874,2023-02-17,0 days 19:03:32,113,Edamame,Asian,5.0
2875,2023-02-17,0 days 19:26:46,120,Steak Torta,Mexican,13.95
2875,2023-02-17,0 days 19:26:46,132,Eggplant Parmesan,Italian,16.95
2876,2023-02-17,0 days 19:46:45,124,Spaghetti,Italian,14.5
2876,2023-02-17,0 days 19:46:45,117,Chicken Burrito,Mexican,12.95
2876,2023-02-17,0 days 19:46:45,120,Steak Torta,Mexican,13.95
2877,2023-02-17,0 days 19:57:06,126,Fettuccine Alfredo,Italian,14.5
2877,2023-02-17,0 days 19:57:06,109,Korean Beef Bowl,Asian,17.95
2878,2023-02-17,0 days 20:02:56,125,Spaghetti & Meatballs,Italian,17.95
2878,2023-02-17,0 days 20:02:56,113,Edamame,Asian,5.0
2878,2023-02-17,0 days 20:02:56,118,Steak Burrito,Mexican,14.95
2879,2023-02-17,0 days 20:04:09,102,Cheeseburger,American,13.95
2879,2023-02-17,0 days 20:04:09,104,Veggie Burger,American,10.5
2879,2023-02-17,0 days 20:04:09,108,Tofu Pad Thai,Asian,14.5
2879,2023-02-17,0 days 20:04:09,106,French Fries,American,7.0
2880,2023-02-17,0 days 20:41:21,111,California Roll,Asian,11.95
2881,2023-02-17,0 days 20:59:44,104,Veggie Burger,American,10.5
2881,2023-02-17,0 days 20:59:44,118,Steak Burrito,Mexican,14.95
2881,2023-02-17,0 days 20:59:44,122,Chips & Salsa,Mexican,7.0
2882,2023-02-17,0 days 21:30:31,102,Cheeseburger,American,13.95
2882,2023-02-17,0 days 21:30:31,129,Mushroom Ravioli,Italian,15.5
2882,2023-02-17,0 days 21:30:31,112,Salmon Roll,Asian,14.95
2883,2023-02-17,0 days 21:51:06,101,Hamburger,American,12.95
2883,2023-02-17,0 days 21:51:06,108,Tofu Pad Thai,Asian,14.5
2883,2023-02-17,0 days 21:51:06,117,Chicken Burrito,Mexican,12.95
2884,2023-02-17,0 days 22:06:26,108,Tofu Pad Thai,Asian,14.5
2884,2023-02-17,0 days 22:06:26,109,Korean Beef Bowl,Asian,17.95
2885,2023-02-17,0 days 22:20:14,101,Hamburger,American,12.95
2885,2023-02-17,0 days 22:20:14,110,Pork Ramen,Asian,17.95
2886,2023-02-17,0 days 22:20:30,117,Chicken Burrito,Mexican,12.95
2887,2023-02-17,0 days 22:25:41,101,Hamburger,American,12.95
2887,2023-02-17,0 days 22:25:41,102,Cheeseburger,American,13.95
2888,2023-02-18,0 days 11:18:58,125,Spaghetti & Meatballs,Italian,17.95
2889,2023-02-18,0 days 11:22:20,103,Hot Dog,American,9.0
2889,2023-02-18,0 days 11:22:20,105,Mac & Cheese,American,7.0
2889,2023-02-18,0 days 11:22:20,105,Mac & Cheese,American,7.0
2889,2023-02-18,0 days 11:22:20,131,Chicken Parmesan,Italian,17.95
2889,2023-02-18,0 days 11:22:20,106,French Fries,American,7.0
2890,2023-02-18,0 days 11:32:11,110,Pork Ramen,Asian,17.95
2891,2023-02-18,0 days 11:39:41,127,Meat Lasagna,Italian,17.95
2892,2023-02-18,0 days 11:41:20,109,Korean Beef Bowl,Asian,17.95
2892,2023-02-18,0 days 11:41:20,117,Chicken Burrito,Mexican,12.95
2892,2023-02-18,0 days 11:41:20,129,Mushroom Ravioli,Italian,15.5
2892,2023-02-18,0 days 11:41:20,119,Chicken Torta,Mexican,11.95
2893,2023-02-18,0 days 11:55:10,102,Cheeseburger,American,13.95
2893,2023-02-18,0 days 11:55:10,129,Mushroom Ravioli,Italian,15.5
2894,2023-02-18,0 days 12:06:02,108,Tofu Pad Thai,Asian,14.5
2895,2023-02-18,0 days 12:06:59,101,Hamburger,American,12.95
2895,2023-02-18,0 days 12:06:59,102,Cheeseburger,American,13.95
2895,2023-02-18,0 days 12:06:59,102,Cheeseburger,American,13.95
2895,2023-02-18,0 days 12:06:59,125,Spaghetti & Meatballs,Italian,17.95
2895,2023-02-18,0 days 12:06:59,125,Spaghetti & Meatballs,Italian,17.95
2895,2023-02-18,0 days 12:06:59,109,Korean Beef Bowl,Asian,17.95
2895,2023-02-18,0 days 12:06:59,117,Chicken Burrito,Mexican,12.95
2895,2023-02-18,0 days 12:06:59,128,Cheese Lasagna,Italian,15.5
2895,2023-02-18,0 days 12:06:59,118,Steak Burrito,Mexican,14.95
2895,2023-02-18,0 days 12:06:59,106,French Fries,American,7.0
2895,2023-02-18,0 days 12:06:59,114,Potstickers,Asian,9.0
2895,2023-02-18,0 days 12:06:59,132,Eggplant Parmesan,Italian,16.95
2896,2023-02-18,0 days 12:20:01,108,Tofu Pad Thai,Asian,14.5
2897,2023-02-18,0 days 12:25:17,126,Fettuccine Alfredo,Italian,14.5
2897,2023-02-18,0 days 12:25:17,109,Korean Beef Bowl,Asian,17.95
2897,2023-02-18,0 days 12:25:17,121,Cheese Quesadillas,Mexican,10.5
2898,2023-02-18,0 days 12:26:20,119,Chicken Torta,Mexican,11.95
2899,2023-02-18,0 days 12:32:03,106,French Fries,American,7.0
2900,2023-02-18,0 days 12:55:30,115,Chicken Tacos,Mexican,11.95
2901,2023-02-18,0 days 13:00:48,119,Chicken Torta,Mexican,11.95
2902,2023-02-18,0 days 13:04:25,111,California Roll,Asian,11.95
2902,2023-02-18,0 days 13:04:25,113,Edamame,Asian,5.0
2902,2023-02-18,0 days 13:04:25,122,Chips & Salsa,Mexican,7.0
2902,2023-02-18,0 days 13:04:25,123,Chips & Guacamole,Mexican,9.0
2902,2023-02-18,0 days 13:04:25,106,French Fries,American,7.0
2902,2023-02-18,0 days 13:04:25,132,Eggplant Parmesan,Italian,16.95
2903,2023-02-18,0 days 13:10:12,121,Cheese Quesadillas,Mexican,10.5
2904,2023-02-18,0 days 13:20:44,109,Korean Beef Bowl,Asian,17.95
2905,2023-02-18,0 days 13:32:59,102,Cheeseburger,American,13.95
2905,2023-02-18,0 days 13:32:59,113,Edamame,Asian,5.0
2905,2023-02-18,0 days 13:32:59,119,Chicken Torta,Mexican,11.95
2905,2023-02-18,0 days 13:32:59,131,Chicken Parmesan,Italian,17.95
2906,2023-02-18,0 days 13:34:49,119,Chicken Torta,Mexican,11.95
2906,2023-02-18,0 days 13:34:49,131,Chicken Parmesan,Italian,17.95
2907,2023-02-18,0 days 13:51:14,124,Spaghetti,Italian,14.5
2907,2023-02-18,0 days 13:51:14,129,Mushroom Ravioli,Italian,15.5
2907,2023-02-18,0 days 13:51:14,112,Salmon Roll,Asian,14.95
2907,2023-02-18,0 days 13:51:14,132,Eggplant Parmesan,Italian,16.95
2908,2023-02-18,0 days 14:17:18,108,Tofu Pad Thai,Asian,14.5
2909,2023-02-18,0 days 14:21:14,125,Spaghetti & Meatballs,Italian,17.95
2909,2023-02-18,0 days 14:21:14,106,French Fries,American,7.0
2910,2023-02-18,0 days 14:32:22,107,Orange Chicken,Asian,16.5
2910,2023-02-18,0 days 14:32:22,109,Korean Beef Bowl,Asian,17.95
2910,2023-02-18,0 days 14:32:22,129,Mushroom Ravioli,Italian,15.5
2910,2023-02-18,0 days 14:32:22,113,Edamame,Asian,5.0
2911,2023-02-18,0 days 14:54:10,115,Chicken Tacos,Mexican,11.95
2912,2023-02-18,0 days 15:39:02,102,Cheeseburger,American,13.95
2912,2023-02-18,0 days 15:39:02,110,Pork Ramen,Asian,17.95
2912,2023-02-18,0 days 15:39:02,117,Chicken Burrito,Mexican,12.95
2912,2023-02-18,0 days 15:39:02,111,California Roll,Asian,11.95
2913,2023-02-18,0 days 15:44:31,117,Chicken Burrito,Mexican,12.95
2914,2023-02-18,0 days 15:56:55,107,Orange Chicken,Asian,16.5
2914,2023-02-18,0 days 15:56:55,105,Mac & Cheese,American,7.0
2915,2023-02-18,0 days 16:34:02,107,Orange Chicken,Asian,16.5
2915,2023-02-18,0 days 16:34:02,112,Salmon Roll,Asian,14.95
2916,2023-02-18,0 days 16:50:00,109,Korean Beef Bowl,Asian,17.95
2916,2023-02-18,0 days 16:50:00,113,Edamame,Asian,5.0
2916,2023-02-18,0 days 16:50:00,118,Steak Burrito,Mexican,14.95
2917,2023-02-18,0 days 16:57:15,126,Fettuccine Alfredo,Italian,14.5
2917,2023-02-18,0 days 16:57:15,129,Mushroom Ravioli,Italian,15.5
2918,2023-02-18,0 days 16:59:11,102,Cheeseburger,American,13.95
2918,2023-02-18,0 days 16:59:11,102,Cheeseburger,American,13.95
2919,2023-02-18,0 days 17:07:38,128,Cheese Lasagna,Italian,15.5
2919,2023-02-18,0 days 17:07:38,105,Mac & Cheese,American,7.0
2919,2023-02-18,0 days 17:07:38,131,Chicken Parmesan,Italian,17.95
2919,2023-02-18,0 days 17:07:38,106,French Fries,American,7.0
2920,2023-02-18,0 days 17:08:04,126,Fettuccine Alfredo,Italian,14.5
2920,2023-02-18,0 days 17:08:04,109,Korean Beef Bowl,Asian,17.95
2921,2023-02-18,0 days 17:13:58,101,Hamburger,American,12.95
2921,2023-02-18,0 days 17:13:58,115,Chicken Tacos,Mexican,11.95
2921,2023-02-18,0 days 17:13:58,124,Spaghetti,Italian,14.5
2921,2023-02-18,0 days 17:13:58,106,French Fries,American,7.0
2922,2023-02-18,0 days 17:17:04,130,Shrimp Scampi,Italian,19.95
2922,2023-02-18,0 days 17:17:04,106,French Fries,American,7.0
2923,2023-02-18,0 days 17:49:17,132,Eggplant Parmesan,Italian,16.95
2924,2023-02-18,0 days 18:00:30,104,Veggie Burger,American,10.5
2924,2023-02-18,0 days 18:00:30,119,Chicken Torta,Mexican,11.95
2924,2023-02-18,0 days 18:00:30,105,Mac & Cheese,American,7.0
2925,2023-02-18,0 days 18:03:20,116,Steak Tacos,Mexican,13.95
2925,2023-02-18,0 days 18:03:20,119,Chicken Torta,Mexican,11.95
2926,2023-02-18,0 days 18:06:26,105,Mac & Cheese,American,7.0
2926,2023-02-18,0 days 18:06:26,132,Eggplant Parmesan,Italian,16.95
2927,2023-02-18,0 days 18:09:39,102,Cheeseburger,American,13.95
2927,2023-02-18,0 days 18:09:39,106,French Fries,American,7.0
2928,2023-02-18,0 days 18:22:10,104,Veggie Burger,American,10.5
2929,2023-02-18,0 days 18:22:28,121,Cheese Quesadillas,Mexican,10.5
2930,2023-02-18,0 days 18:39:01,104,Veggie Burger,American,10.5
2930,2023-02-18,0 days 18:39:01,108,Tofu Pad Thai,Asian,14.5
2930,2023-02-18,0 days 18:39:01,119,Chicken Torta,Mexican,11.95
2930,2023-02-18,0 days 18:39:01,120,Steak Torta,Mexican,13.95
2931,2023-02-18,0 days 18:43:05,108,Tofu Pad Thai,Asian,14.5
2931,2023-02-18,0 days 18:43:05,129,Mushroom Ravioli,Italian,15.5
2931,2023-02-18,0 days 18:43:05,119,Chicken Torta,Mexican,11.95
2932,2023-02-18,0 days 18:50:08,126,Fettuccine Alfredo,Italian,14.5
2932,2023-02-18,0 days 18:50:08,121,Cheese Quesadillas,Mexican,10.5
2932,2023-02-18,0 days 18:50:08,122,Chips & Salsa,Mexican,7.0
2932,2023-02-18,0 days 18:50:08,122,Chips & Salsa,Mexican,7.0
2933,2023-02-18,0 days 18:50:39,101,Hamburger,American,12.95
2933,2023-02-18,0 days 18:50:39,109,Korean Beef Bowl,Asian,17.95
2933,2023-02-18,0 days 18:50:39,118,Steak Burrito,Mexican,14.95
2933,2023-02-18,0 days 18:50:39,120,Steak Torta,Mexican,13.95
2934,2023-02-18,0 days 19:00:00,102,Cheeseburger,American,13.95
2934,2023-02-18,0 days 19:00:00,109,Korean Beef Bowl,Asian,17.95
2934,2023-02-18,0 days 19:00:00,118,Steak Burrito,Mexican,14.95
2935,2023-02-18,0 days 19:03:42,107,Orange Chicken,Asian,16.5
2935,2023-02-18,0 days 19:03:42,120,Steak Torta,Mexican,13.95
2936,2023-02-18,0 days 19:15:17,125,Spaghetti & Meatballs,Italian,17.95
2936,2023-02-18,0 days 19:15:17,123,Chips & Guacamole,Mexican,9.0
2936,2023-02-18,0 days 19:15:17,123,Chips & Guacamole,Mexican,9.0
2936,2023-02-18,0 days 19:15:17,106,French Fries,American,7.0
2937,2023-02-18,0 days 19:57:16,101,Hamburger,American,12.95
2938,2023-02-18,0 days 20:07:26,104,Veggie Burger,American,10.5
2938,2023-02-18,0 days 20:07:26,110,Pork Ramen,Asian,17.95
2938,2023-02-18,0 days 20:07:26,117,Chicken Burrito,Mexican,12.95
2939,2023-02-18,0 days 20:08:11,101,Hamburger,American,12.95
2939,2023-02-18,0 days 20:08:11,122,Chips & Salsa,Mexican,7.0
2940,2023-02-18,0 days 20:20:30,124,Spaghetti,Italian,14.5
2941,2023-02-18,0 days 20:27:48,108,Tofu Pad Thai,Asian,14.5
2941,2023-02-18,0 days 20:27:48,112,Salmon Roll,Asian,14.95
2941,2023-02-18,0 days 20:27:48,120,Steak Torta,Mexican,13.95
2941,2023-02-18,0 days 20:27:48,120,Steak Torta,Mexican,13.95
2942,2023-02-18,0 days 20:34:26,108,Tofu Pad Thai,Asian,14.5
2942,2023-02-18,0 days 20:34:26,109,Korean Beef Bowl,Asian,17.95
2942,2023-02-18,0 days 20:34:26,113,Edamame,Asian,5.0
2942,2023-02-18,0 days 20:34:26,105,Mac & Cheese,American,7.0
2943,2023-02-18,0 days 20:41:00,102,Cheeseburger,American,13.95
2943,2023-02-18,0 days 20:41:00,125,Spaghetti & Meatballs,Italian,17.95
2943,2023-02-18,0 days 20:41:00,113,Edamame,Asian,5.0
2943,2023-02-18,0 days 20:41:00,114,Potstickers,Asian,9.0
2944,2023-02-18,0 days 21:17:25,108,Tofu Pad Thai,Asian,14.5
2944,2023-02-18,0 days 21:17:25,128,Cheese Lasagna,Italian,15.5
2944,2023-02-18,0 days 21:17:25,112,Salmon Roll,Asian,14.95
2945,2023-02-18,0 days 21:30:26,109,Korean Beef Bowl,Asian,17.95
2945,2023-02-18,0 days 21:30:26,112,Salmon Roll,Asian,14.95
2945,2023-02-18,0 days 21:30:26,119,Chicken Torta,Mexican,11.95
2946,2023-02-18,0 days 21:40:57,122,Chips & Salsa,Mexican,7.0
2947,2023-02-18,0 days 22:15:02,111,California Roll,Asian,11.95
2947,2023-02-18,0 days 22:15:02,112,Salmon Roll,Asian,14.95
2947,2023-02-18,0 days 22:15:02,131,Chicken Parmesan,Italian,17.95
2948,2023-02-18,0 days 22:40:30,112,Salmon Roll,Asian,14.95
2948,2023-02-18,0 days 22:40:30,112,Salmon Roll,Asian,14.95
2948,2023-02-18,0 days 22:40:30,120,Steak Torta,Mexican,13.95
2948,2023-02-18,0 days 22:40:30,121,Cheese Quesadillas,Mexican,10.5
2949,2023-02-19,0 days 11:15:43,112,Salmon Roll,Asian,14.95
2950,2023-02-19,0 days 11:35:51,107,Orange Chicken,Asian,16.5
2950,2023-02-19,0 days 11:35:51,125,Spaghetti & Meatballs,Italian,17.95
2950,2023-02-19,0 days 11:35:51,129,Mushroom Ravioli,Italian,15.5
2951,2023-02-19,0 days 11:39:10,124,Spaghetti,Italian,14.5
2951,2023-02-19,0 days 11:39:10,117,Chicken Burrito,Mexican,12.95
2951,2023-02-19,0 days 11:39:10,132,Eggplant Parmesan,Italian,16.95
2952,2023-02-19,0 days 12:03:36,116,Steak Tacos,Mexican,13.95
2952,2023-02-19,0 days 12:03:36,105,Mac & Cheese,American,7.0
2953,2023-02-19,0 days 12:20:32,108,Tofu Pad Thai,Asian,14.5
2953,2023-02-19,0 days 12:20:32,118,Steak Burrito,Mexican,14.95
2954,2023-02-19,0 days 12:21:49,108,Tofu Pad Thai,Asian,14.5
2955,2023-02-19,0 days 12:25:18,124,Spaghetti,Italian,14.5
2956,2023-02-19,0 days 12:33:38,125,Spaghetti & Meatballs,Italian,17.95
2956,2023-02-19,0 days 12:33:38,117,Chicken Burrito,Mexican,12.95
2956,2023-02-19,0 days 12:33:38,118,Steak Burrito,Mexican,14.95
2956,2023-02-19,0 days 12:33:38,131,Chicken Parmesan,Italian,17.95
2957,2023-02-19,0 days 12:40:31,124,Spaghetti,Italian,14.5
2957,2023-02-19,0 days 12:40:31,117,Chicken Burrito,Mexican,12.95
2958,2023-02-19,0 days 12:56:06,109,Korean Beef Bowl,Asian,17.95
2958,2023-02-19,0 days 12:56:06,129,Mushroom Ravioli,Italian,15.5
2958,2023-02-19,0 days 12:56:06,113,Edamame,Asian,5.0
2958,2023-02-19,0 days 12:56:06,119,Chicken Torta,Mexican,11.95
2959,2023-02-19,0 days 13:01:24,109,Korean Beef Bowl,Asian,17.95
2960,2023-02-19,0 days 13:09:03,120,Steak Torta,Mexican,13.95
2960,2023-02-19,0 days 13:09:03,122,Chips & Salsa,Mexican,7.0
2960,2023-02-19,0 days 13:09:03,130,Shrimp Scampi,Italian,19.95
2961,2023-02-19,0 days 13:13:54,101,Hamburger,American,12.95
2961,2023-02-19,0 days 13:13:54,107,Orange Chicken,Asian,16.5
2961,2023-02-19,0 days 13:13:54,109,Korean Beef Bowl,Asian,17.95
2961,2023-02-19,0 days 13:13:54,117,Chicken Burrito,Mexican,12.95
2961,2023-02-19,0 days 13:13:54,127,Meat Lasagna,Italian,17.95
2961,2023-02-19,0 days 13:13:54,127,Meat Lasagna,Italian,17.95
2961,2023-02-19,0 days 13:13:54,118,Steak Burrito,Mexican,14.95
2961,2023-02-19,0 days 13:13:54,105,Mac & Cheese,American,7.0
2961,2023-02-19,0 days 13:13:54,130,Shrimp Scampi,Italian,19.95
2961,2023-02-19,0 days 13:13:54,131,Chicken Parmesan,Italian,17.95
2961,2023-02-19,0 days 13:13:54,132,Eggplant Parmesan,Italian,16.95
2962,2023-02-19,0 days 13:18:02,130,Shrimp Scampi,Italian,19.95
2963,2023-02-19,0 days 13:22:56,102,Cheeseburger,American,13.95
2963,2023-02-19,0 days 13:22:56,109,Korean Beef Bowl,Asian,17.95
2963,2023-02-19,0 days 13:22:56,113,Edamame,Asian,5.0
2963,2023-02-19,0 days 13:22:56,118,Steak Burrito,Mexican,14.95
2964,2023-02-19,0 days 13:27:47,102,Cheeseburger,American,13.95
2964,2023-02-19,0 days 13:27:47,130,Shrimp Scampi,Italian,19.95
2965,2023-02-19,0 days 13:35:13,111,California Roll,Asian,11.95
2966,2023-02-19,0 days 13:37:11,125,Spaghetti & Meatballs,Italian,17.95
2967,2023-02-19,0 days 13:44:40,115,Chicken Tacos,Mexican,11.95
2967,2023-02-19,0 days 13:44:40,128,Cheese Lasagna,Italian,15.5
2967,2023-02-19,0 days 13:44:40,129,Mushroom Ravioli,Italian,15.5
2967,2023-02-19,0 days 13:44:40,105,Mac & Cheese,American,7.0
2967,2023-02-19,0 days 13:44:40,123,Chips & Guacamole,Mexican,9.0
2968,2023-02-19,0 days 14:06:37,107,Orange Chicken,Asian,16.5
2968,2023-02-19,0 days 14:06:37,116,Steak Tacos,Mexican,13.95
2969,2023-02-19,0 days 14:10:09,101,Hamburger,American,12.95
2970,2023-02-19,0 days 14:19:12,104,Veggie Burger,American,10.5
2971,2023-02-19,0 days 14:32:56,101,Hamburger,American,12.95
2972,2023-02-19,0 days 14:59:53,127,Meat Lasagna,Italian,17.95
2973,2023-02-19,0 days 15:04:17,108,Tofu Pad Thai,Asian,14.5
2974,2023-02-19,0 days 15:07:56,106,French Fries,American,7.0
2975,2023-02-19,0 days 15:22:51,107,Orange Chicken,Asian,16.5
2975,2023-02-19,0 days 15:22:51,121,Cheese Quesadillas,Mexican,10.5
2976,2023-02-19,0 days 15:29:10,109,Korean Beef Bowl,Asian,17.95
2976,2023-02-19,0 days 15:29:10,113,Edamame,Asian,5.0
2976,2023-02-19,0 days 15:29:10,106,French Fries,American,7.0
2977,2023-02-19,0 days 15:33:26,113,Edamame,Asian,5.0
2978,2023-02-19,0 days 15:45:48,118,Steak Burrito,Mexican,14.95
2978,2023-02-19,0 days 15:45:48,122,Chips & Salsa,Mexican,7.0
2979,2023-02-19,0 days 16:43:03,117,Chicken Burrito,Mexican,12.95
2979,2023-02-19,0 days 16:43:03,113,Edamame,Asian,5.0
2980,2023-02-19,0 days 16:48:44,108,Tofu Pad Thai,Asian,14.5
2980,2023-02-19,0 days 16:48:44,129,Mushroom Ravioli,Italian,15.5
2980,2023-02-19,0 days 16:48:44,132,Eggplant Parmesan,Italian,16.95
2981,2023-02-19,0 days 17:21:47,101,Hamburger,American,12.95
2982,2023-02-19,0 days 17:24:23,102,Cheeseburger,American,13.95
2983,2023-02-19,0 days 17:26:31,128,Cheese Lasagna,Italian,15.5
2984,2023-02-19,0 days 17:36:12,109,Korean Beef Bowl,Asian,17.95
2984,2023-02-19,0 days 17:36:12,129,Mushroom Ravioli,Italian,15.5
2985,2023-02-19,0 days 17:36:55,122,Chips & Salsa,Mexican,7.0
2985,2023-02-19,0 days 17:36:55,132,Eggplant Parmesan,Italian,16.95
2986,2023-02-19,0 days 17:39:32,126,Fettuccine Alfredo,Italian,14.5
2986,2023-02-19,0 days 17:39:32,117,Chicken Burrito,Mexican,12.95
2987,2023-02-19,0 days 17:41:19,102,Cheeseburger,American,13.95
2987,2023-02-19,0 days 17:41:19,126,Fettuccine Alfredo,Italian,14.5
2987,2023-02-19,0 days 17:41:19,112,Salmon Roll,Asian,14.95
2987,2023-02-19,0 days 17:41:19,120,Steak Torta,Mexican,13.95
2988,2023-02-19,0 days 17:42:25,107,Orange Chicken,Asian,16.5
2988,2023-02-19,0 days 17:42:25,131,Chicken Parmesan,Italian,17.95
2989,2023-02-19,0 days 18:11:40,101,Hamburger,American,12.95
2989,2023-02-19,0 days 18:11:40,126,Fettuccine Alfredo,Italian,14.5
2989,2023-02-19,0 days 18:11:40,129,Mushroom Ravioli,Italian,15.5
2990,2023-02-19,0 days 18:13:19,130,Shrimp Scampi,Italian,19.95
2991,2023-02-19,0 days 18:21:31,104,Veggie Burger,American,10.5
2992,2023-02-19,0 days 18:38:54,102,Cheeseburger,American,13.95
2993,2023-02-19,0 days 18:49:06,109,Korean Beef Bowl,Asian,17.95
2993,2023-02-19,0 days 18:49:06,127,Meat Lasagna,Italian,17.95
2994,2023-02-19,0 days 18:58:08,101,Hamburger,American,12.95
2994,2023-02-19,0 days 18:58:08,114,Potstickers,Asian,9.0
2995,2023-02-19,0 days 18:59:05,132,Eggplant Parmesan,Italian,16.95
2996,2023-02-19,0 days 19:05:53,131,Chicken Parmesan,Italian,17.95
2997,2023-02-19,0 days 19:38:24,108,Tofu Pad Thai,Asian,14.5
2997,2023-02-19,0 days 19:38:24,124,Spaghetti,Italian,14.5
2998,2023-02-19,0 days 19:52:20,107,Orange Chicken,Asian,16.5
2998,2023-02-19,0 days 19:52:20,104,Veggie Burger,American,10.5
2998,2023-02-19,0 days 19:52:20,121,Cheese Quesadillas,Mexican,10.5
2998,2023-02-19,0 days 19:52:20,105,Mac & Cheese,American,7.0
2999,2023-02-19,0 days 19:57:15,116,Steak Tacos,Mexican,13.95
2999,2023-02-19,0 days 19:57:15,116,Steak Tacos,Mexican,13.95
2999,2023-02-19,0 days 19:57:15,111,California Roll,Asian,11.95
3000,2023-02-19,0 days 19:57:23,102,Cheeseburger,American,13.95
3000,2023-02-19,0 days 19:57:23,119,Chicken Torta,Mexican,11.95
3001,2023-02-19,0 days 20:34:39,101,Hamburger,American,12.95
3001,2023-02-19,0 days 20:34:39,122,Chips & Salsa,Mexican,7.0
3001,2023-02-19,0 days 20:34:39,106,French Fries,American,7.0
3001,2023-02-19,0 days 20:34:39,114,Potstickers,Asian,9.0
3002,2023-02-19,0 days 21:27:34,125,Spaghetti & Meatballs,Italian,17.95
3002,2023-02-19,0 days 21:27:34,117,Chicken Burrito,Mexican,12.95
3002,2023-02-19,0 days 21:27:34,112,Salmon Roll,Asian,14.95
3002,2023-02-19,0 days 21:27:34,105,Mac & Cheese,American,7.0
3003,2023-02-19,0 days 21:32:12,104,Veggie Burger,American,10.5
3003,2023-02-19,0 days 21:32:12,118,Steak Burrito,Mexican,14.95
3004,2023-02-19,0 days 21:56:20,120,Steak Torta,Mexican,13.95
3005,2023-02-20,0 days 11:53:36,129,Mushroom Ravioli,Italian,15.5
3006,2023-02-20,0 days 12:01:32,116,Steak Tacos,Mexican,13.95
3006,2023-02-20,0 days 12:01:32,104,Veggie Burger,American,10.5
3006,2023-02-20,0 days 12:01:32,126,Fettuccine Alfredo,Italian,14.5
3006,2023-02-20,0 days 12:01:32,113,Edamame,Asian,5.0
3007,2023-02-20,0 days 12:06:37,127,Meat Lasagna,Italian,17.95
3008,2023-02-20,0 days 12:09:54,102,Cheeseburger,American,13.95
3009,2023-02-20,0 days 12:21:25,107,Orange Chicken,Asian,16.5
3009,2023-02-20,0 days 12:21:25,117,Chicken Burrito,Mexican,12.95
3009,2023-02-20,0 days 12:21:25,122,Chips & Salsa,Mexican,7.0
3010,2023-02-20,0 days 12:26:16,115,Chicken Tacos,Mexican,11.95
3010,2023-02-20,0 days 12:26:16,102,Cheeseburger,American,13.95
3010,2023-02-20,0 days 12:26:16,109,Korean Beef Bowl,Asian,17.95
3011,2023-02-20,0 days 12:29:25,122,Chips & Salsa,Mexican,7.0
3012,2023-02-20,0 days 12:32:03,104,Veggie Burger,American,10.5
3012,2023-02-20,0 days 12:32:03,111,California Roll,Asian,11.95
3012,2023-02-20,0 days 12:32:03,113,Edamame,Asian,5.0
3012,2023-02-20,0 days 12:32:03,122,Chips & Salsa,Mexican,7.0
3013,2023-02-20,0 days 12:45:23,105,Mac & Cheese,American,7.0
3014,2023-02-20,0 days 12:58:29,107,Orange Chicken,Asian,16.5
3014,2023-02-20,0 days 12:58:29,109,Korean Beef Bowl,Asian,17.95
3014,2023-02-20,0 days 12:58:29,119,Chicken Torta,Mexican,11.95
3014,2023-02-20,0 days 12:58:29,105,Mac & Cheese,American,7.0
3015,2023-02-20,0 days 12:59:05,101,Hamburger,American,12.95
3016,2023-02-20,0 days 13:07:02,126,Fettuccine Alfredo,Italian,14.5
3016,2023-02-20,0 days 13:07:02,113,Edamame,Asian,5.0
3017,2023-02-20,0 days 13:09:41,124,Spaghetti,Italian,14.5
3018,2023-02-20,0 days 13:12:40,116,Steak Tacos,Mexican,13.95
3018,2023-02-20,0 days 13:12:40,104,Veggie Burger,American,10.5
3018,2023-02-20,0 days 13:12:40,125,Spaghetti & Meatballs,Italian,17.95
3018,2023-02-20,0 days 13:12:40,128,Cheese Lasagna,Italian,15.5
3018,2023-02-20,0 days 13:12:40,111,California Roll,Asian,11.95
3018,2023-02-20,0 days 13:12:40,131,Chicken Parmesan,Italian,17.95
3018,2023-02-20,0 days 13:12:40,114,Potstickers,Asian,9.0
3019,2023-02-20,0 days 13:15:28,101,Hamburger,American,12.95
3020,2023-02-20,0 days 13:17:11,123,Chips & Guacamole,Mexican,9.0
3021,2023-02-20,0 days 13:23:48,106,French Fries,American,7.0
3022,2023-02-20,0 days 13:24:12,116,Steak Tacos,Mexican,13.95
3022,2023-02-20,0 days 13:24:12,102,Cheeseburger,American,13.95
3022,2023-02-20,0 days 13:24:12,103,Hot Dog,American,9.0
3022,2023-02-20,0 days 13:24:12,132,Eggplant Parmesan,Italian,16.95
3023,2023-02-20,0 days 13:29:47,118,Steak Burrito,Mexican,14.95
3023,2023-02-20,0 days 13:29:47,120,Steak Torta,Mexican,13.95
3024,2023-02-20,0 days 13:35:59,101,Hamburger,American,12.95
3025,2023-02-20,0 days 13:37:52,107,Orange Chicken,Asian,16.5
3026,2023-02-20,0 days 13:38:14,102,Cheeseburger,American,13.95
3026,2023-02-20,0 days 13:38:14,117,Chicken Burrito,Mexican,12.95
3026,2023-02-20,0 days 13:38:14,130,Shrimp Scampi,Italian,19.95
3027,2023-02-20,0 days 13:41:20,108,Tofu Pad Thai,Asian,14.5
3027,2023-02-20,0 days 13:41:20,129,Mushroom Ravioli,Italian,15.5
3027,2023-02-20,0 days 13:41:20,123,Chips & Guacamole,Mexican,9.0
3027,2023-02-20,0 days 13:41:20,106,French Fries,American,7.0
3028,2023-02-20,0 days 13:48:58,129,Mushroom Ravioli,Italian,15.5
3029,2023-02-20,0 days 13:55:24,102,Cheeseburger,American,13.95
3029,2023-02-20,0 days 13:55:24,113,Edamame,Asian,5.0
3029,2023-02-20,0 days 13:55:24,119,Chicken Torta,Mexican,11.95
3029,2023-02-20,0 days 13:55:24,130,Shrimp Scampi,Italian,19.95
3030,2023-02-20,0 days 13:59:16,102,Cheeseburger,American,13.95
3030,2023-02-20,0 days 13:59:16,108,Tofu Pad Thai,Asian,14.5
3030,2023-02-20,0 days 13:59:16,111,California Roll,Asian,11.95
3030,2023-02-20,0 days 13:59:16,119,Chicken Torta,Mexican,11.95
3031,2023-02-20,0 days 14:06:14,101,Hamburger,American,12.95
3031,2023-02-20,0 days 14:06:14,104,Veggie Burger,American,10.5
3031,2023-02-20,0 days 14:06:14,105,Mac & Cheese,American,7.0
3032,2023-02-20,0 days 14:08:19,117,Chicken Burrito,Mexican,12.95
3032,2023-02-20,0 days 14:08:19,119,Chicken Torta,Mexican,11.95
3032,2023-02-20,0 days 14:08:19,119,Chicken Torta,Mexican,11.95
3032,2023-02-20,0 days 14:08:19,120,Steak Torta,Mexican,13.95
3033,2023-02-20,0 days 14:54:29,110,Pork Ramen,Asian,17.95
3034,2023-02-20,0 days 14:55:08,124,Spaghetti,Italian,14.5
3034,2023-02-20,0 days 14:55:08,106,French Fries,American,7.0
3034,2023-02-20,0 days 14:55:08,114,Potstickers,Asian,9.0
3035,2023-02-20,0 days 15:07:45,107,Orange Chicken,Asian,16.5
3035,2023-02-20,0 days 15:07:45,128,Cheese Lasagna,Italian,15.5
3036,2023-02-20,0 days 15:14:47,116,Steak Tacos,Mexican,13.95
3036,2023-02-20,0 days 15:14:47,104,Veggie Burger,American,10.5
3037,2023-02-20,0 days 15:16:15,101,Hamburger,American,12.95
3037,2023-02-20,0 days 15:16:15,109,Korean Beef Bowl,Asian,17.95
3038,2023-02-20,0 days 15:46:43,104,Veggie Burger,American,10.5
3038,2023-02-20,0 days 15:46:43,113,Edamame,Asian,5.0
3039,2023-02-20,0 days 15:48:51,108,Tofu Pad Thai,Asian,14.5
3039,2023-02-20,0 days 15:48:51,129,Mushroom Ravioli,Italian,15.5
3040,2023-02-20,0 days 16:09:58,112,Salmon Roll,Asian,14.95
3040,2023-02-20,0 days 16:09:58,114,Potstickers,Asian,9.0
3041,2023-02-20,0 days 16:25:39,101,Hamburger,American,12.95
3041,2023-02-20,0 days 16:25:39,104,Veggie Burger,American,10.5
3041,2023-02-20,0 days 16:25:39,113,Edamame,Asian,5.0
3041,2023-02-20,0 days 16:25:39,122,Chips & Salsa,Mexican,7.0
3042,2023-02-20,0 days 16:30:09,117,Chicken Burrito,Mexican,12.95
3042,2023-02-20,0 days 16:30:09,129,Mushroom Ravioli,Italian,15.5
3042,2023-02-20,0 days 16:30:09,111,California Roll,Asian,11.95
3042,2023-02-20,0 days 16:30:09,106,French Fries,American,7.0
3043,2023-02-20,0 days 16:46:25,102,Cheeseburger,American,13.95
3043,2023-02-20,0 days 16:46:25,109,Korean Beef Bowl,Asian,17.95
3044,2023-02-20,0 days 17:10:25,102,Cheeseburger,American,13.95
3045,2023-02-20,0 days 17:27:46,102,Cheeseburger,American,13.95
3045,2023-02-20,0 days 17:27:46,113,Edamame,Asian,5.0
3046,2023-02-20,0 days 17:35:34,132,Eggplant Parmesan,Italian,16.95
3047,2023-02-20,0 days 17:42:09,101,Hamburger,American,12.95
3047,2023-02-20,0 days 17:42:09,116,Steak Tacos,Mexican,13.95
3047,2023-02-20,0 days 17:42:09,122,Chips & Salsa,Mexican,7.0
3047,2023-02-20,0 days 17:42:09,132,Eggplant Parmesan,Italian,16.95
3048,2023-02-20,0 days 17:45:15,113,Edamame,Asian,5.0
3048,2023-02-20,0 days 17:45:15,121,Cheese Quesadillas,Mexican,10.5
3048,2023-02-20,0 days 17:45:15,114,Potstickers,Asian,9.0
3049,2023-02-20,0 days 17:49:20,118,Steak Burrito,Mexican,14.95
3050,2023-02-20,0 days 17:54:22,102,Cheeseburger,American,13.95
3050,2023-02-20,0 days 17:54:22,117,Chicken Burrito,Mexican,12.95
3050,2023-02-20,0 days 17:54:22,119,Chicken Torta,Mexican,11.95
3051,2023-02-20,0 days 17:57:09,113,Edamame,Asian,5.0
3051,2023-02-20,0 days 17:57:09,120,Steak Torta,Mexican,13.95
3052,2023-02-20,0 days 17:57:21,132,Eggplant Parmesan,Italian,16.95
3053,2023-02-20,0 days 17:58:01,115,Chicken Tacos,Mexican,11.95
3053,2023-02-20,0 days 17:58:01,124,Spaghetti,Italian,14.5
3053,2023-02-20,0 days 17:58:01,128,Cheese Lasagna,Italian,15.5
3053,2023-02-20,0 days 17:58:01,132,Eggplant Parmesan,Italian,16.95
3054,2023-02-20,0 days 18:04:47,104,Veggie Burger,American,10.5
3054,2023-02-20,0 days 18:04:47,126,Fettuccine Alfredo,Italian,14.5
3055,2023-02-20,0 days 18:42:15,129,Mushroom Ravioli,Italian,15.5
3055,2023-02-20,0 days 18:42:15,111,California Roll,Asian,11.95
3055,2023-02-20,0 days 18:42:15,131,Chicken Parmesan,Italian,17.95
3056,2023-02-20,0 days 19:01:48,123,Chips & Guacamole,Mexican,9.0
3057,2023-02-20,0 days 19:17:04,127,Meat Lasagna,Italian,17.95
3058,2023-02-20,0 days 19:19:17,125,Spaghetti & Meatballs,Italian,17.95
3058,2023-02-20,0 days 19:19:17,109,Korean Beef Bowl,Asian,17.95
3058,2023-02-20,0 days 19:19:17,121,Cheese Quesadillas,Mexican,10.5
3059,2023-02-20,0 days 19:26:34,107,Orange Chicken,Asian,16.5
3059,2023-02-20,0 days 19:26:34,102,Cheeseburger,American,13.95
3060,2023-02-20,0 days 19:36:58,102,Cheeseburger,American,13.95
3060,2023-02-20,0 days 19:36:58,113,Edamame,Asian,5.0
3061,2023-02-20,0 days 19:42:12,102,Cheeseburger,American,13.95
3061,2023-02-20,0 days 19:42:12,131,Chicken Parmesan,Italian,17.95
3062,2023-02-20,0 days 19:51:17,130,Shrimp Scampi,Italian,19.95
3063,2023-02-20,0 days 20:03:43,125,Spaghetti & Meatballs,Italian,17.95
3063,2023-02-20,0 days 20:03:43,128,Cheese Lasagna,Italian,15.5
3063,2023-02-20,0 days 20:03:43,132,Eggplant Parmesan,Italian,16.95
3064,2023-02-20,0 days 20:06:45,119,Chicken Torta,Mexican,11.95
3065,2023-02-20,0 days 20:12:13,102,Cheeseburger,American,13.95
3065,2023-02-20,0 days 20:12:13,118,Steak Burrito,Mexican,14.95
3065,2023-02-20,0 days 20:12:13,123,Chips & Guacamole,Mexican,9.0
3066,2023-02-20,0 days 20:12:43,103,Hot Dog,American,9.0
3066,2023-02-20,0 days 20:12:43,112,Salmon Roll,Asian,14.95
3067,2023-02-20,0 days 20:22:25,102,Cheeseburger,American,13.95
3067,2023-02-20,0 days 20:22:25,128,Cheese Lasagna,Italian,15.5
3067,2023-02-20,0 days 20:22:25,105,Mac & Cheese,American,7.0
3067,2023-02-20,0 days 20:22:25,123,Chips & Guacamole,Mexican,9.0
3068,2023-02-20,0 days 20:45:09,108,Tofu Pad Thai,Asian,14.5
3069,2023-02-20,0 days 20:47:39,110,Pork Ramen,Asian,17.95
3069,2023-02-20,0 days 20:47:39,113,Edamame,Asian,5.0
3070,2023-02-20,0 days 21:02:16,113,Edamame,Asian,5.0
3071,2023-02-20,0 days 21:14:34,108,Tofu Pad Thai,Asian,14.5
3071,2023-02-20,0 days 21:14:34,109,Korean Beef Bowl,Asian,17.95
3071,2023-02-20,0 days 21:14:34,113,Edamame,Asian,5.0
3071,2023-02-20,0 days 21:14:34,118,Steak Burrito,Mexican,14.95
3072,2023-02-20,0 days 21:28:46,108,Tofu Pad Thai,Asian,14.5
3072,2023-02-20,0 days 21:28:46,108,Tofu Pad Thai,Asian,14.5
3072,2023-02-20,0 days 21:28:46,130,Shrimp Scampi,Italian,19.95
3072,2023-02-20,0 days 21:28:46,106,French Fries,American,7.0
3073,2023-02-20,0 days 21:36:46,125,Spaghetti & Meatballs,Italian,17.95
3074,2023-02-20,0 days 21:39:19,101,Hamburger,American,12.95
3074,2023-02-20,0 days 21:39:19,102,Cheeseburger,American,13.95
3075,2023-02-20,0 days 22:11:07,116,Steak Tacos,Mexican,13.95
3075,2023-02-20,0 days 22:11:07,117,Chicken Burrito,Mexican,12.95
3075,2023-02-20,0 days 22:11:07,128,Cheese Lasagna,Italian,15.5
3076,2023-02-20,0 days 22:12:20,125,Spaghetti & Meatballs,Italian,17.95
3076,2023-02-20,0 days 22:12:20,110,Pork Ramen,Asian,17.95
3076,2023-02-20,0 days 22:12:20,117,Chicken Burrito,Mexican,12.95
3077,2023-02-20,0 days 22:17:15,106,French Fries,American,7.0
3078,2023-02-21,0 days 11:43:29,128,Cheese Lasagna,Italian,15.5
3079,2023-02-21,0 days 12:04:27,107,Orange Chicken,Asian,16.5
3080,2023-02-21,0 days 12:23:18,107,Orange Chicken,Asian,16.5
3080,2023-02-21,0 days 12:23:18,111,California Roll,Asian,11.95
3080,2023-02-21,0 days 12:23:18,113,Edamame,Asian,5.0
3080,2023-02-21,0 days 12:23:18,105,Mac & Cheese,American,7.0
3081,2023-02-21,0 days 12:35:15,111,California Roll,Asian,11.95
3082,2023-02-21,0 days 12:37:30,101,Hamburger,American,12.95
3082,2023-02-21,0 days 12:37:30,101,Hamburger,American,12.95
3082,2023-02-21,0 days 12:37:30,116,Steak Tacos,Mexican,13.95
3082,2023-02-21,0 days 12:37:30,109,Korean Beef Bowl,Asian,17.95
3082,2023-02-21,0 days 12:37:30,127,Meat Lasagna,Italian,17.95
3082,2023-02-21,0 days 12:37:30,111,California Roll,Asian,11.95
3082,2023-02-21,0 days 12:37:30,105,Mac & Cheese,American,7.0
3082,2023-02-21,0 days 12:37:30,122,Chips & Salsa,Mexican,7.0
3082,2023-02-21,0 days 12:37:30,106,French Fries,American,7.0
3083,2023-02-21,0 days 12:43:43,124,Spaghetti,Italian,14.5
3083,2023-02-21,0 days 12:43:43,125,Spaghetti & Meatballs,Italian,17.95
3083,2023-02-21,0 days 12:43:43,125,Spaghetti & Meatballs,Italian,17.95
3084,2023-02-21,0 days 12:44:07,102,Cheeseburger,American,13.95
3084,2023-02-21,0 days 12:44:07,127,Meat Lasagna,Italian,17.95
3085,2023-02-21,0 days 12:49:36,112,Salmon Roll,Asian,14.95
3086,2023-02-21,0 days 12:57:21,128,Cheese Lasagna,Italian,15.5
3087,2023-02-21,0 days 12:59:13,108,Tofu Pad Thai,Asian,14.5
3087,2023-02-21,0 days 12:59:13,126,Fettuccine Alfredo,Italian,14.5
3088,2023-02-21,0 days 13:20:12,121,Cheese Quesadillas,Mexican,10.5
3088,2023-02-21,0 days 13:20:12,114,Potstickers,Asian,9.0
3089,2023-02-21,0 days 13:42:51,107,Orange Chicken,Asian,16.5
3089,2023-02-21,0 days 13:42:51,106,French Fries,American,7.0
3089,2023-02-21,0 days 13:42:51,114,Potstickers,Asian,9.0
3090,2023-02-21,0 days 14:03:29,108,Tofu Pad Thai,Asian,14.5
3090,2023-02-21,0 days 14:03:29,124,Spaghetti,Italian,14.5
3090,2023-02-21,0 days 14:03:29,109,Korean Beef Bowl,Asian,17.95
3090,2023-02-21,0 days 14:03:29,111,California Roll,Asian,11.95
3091,2023-02-21,0 days 14:04:59,130,Shrimp Scampi,Italian,19.95
3091,2023-02-21,0 days 14:04:59,106,French Fries,American,7.0
3092,2023-02-21,0 days 14:41:55,126,Fettuccine Alfredo,Italian,14.5
3092,2023-02-21,0 days 14:41:55,127,Meat Lasagna,Italian,17.95
3092,2023-02-21,0 days 14:41:55,105,Mac & Cheese,American,7.0
3093,2023-02-21,0 days 15:07:39,109,Korean Beef Bowl,Asian,17.95
3094,2023-02-21,0 days 15:10:02,107,Orange Chicken,Asian,16.5
3095,2023-02-21,0 days 15:11:34,101,Hamburger,American,12.95
3095,2023-02-21,0 days 15:11:34,115,Chicken Tacos,Mexican,11.95
3095,2023-02-21,0 days 15:11:34,104,Veggie Burger,American,10.5
3095,2023-02-21,0 days 15:11:34,125,Spaghetti & Meatballs,Italian,17.95
3095,2023-02-21,0 days 15:11:34,120,Steak Torta,Mexican,13.95
3095,2023-02-21,0 days 15:11:34,106,French Fries,American,7.0
3095,2023-02-21,0 days 15:11:34,106,French Fries,American,7.0
3096,2023-02-21,0 days 15:12:31,125,Spaghetti & Meatballs,Italian,17.95
3096,2023-02-21,0 days 15:12:31,128,Cheese Lasagna,Italian,15.5
3097,2023-02-21,0 days 15:25:30,101,Hamburger,American,12.95
3097,2023-02-21,0 days 15:25:30,115,Chicken Tacos,Mexican,11.95
3097,2023-02-21,0 days 15:25:30,119,Chicken Torta,Mexican,11.95
3098,2023-02-21,0 days 15:26:00,127,Meat Lasagna,Italian,17.95
3098,2023-02-21,0 days 15:26:00,122,Chips & Salsa,Mexican,7.0
3099,2023-02-21,0 days 15:37:24,127,Meat Lasagna,Italian,17.95
3100,2023-02-21,0 days 15:41:20,114,Potstickers,Asian,9.0
3101,2023-02-21,0 days 16:12:23,107,Orange Chicken,Asian,16.5
3101,2023-02-21,0 days 16:12:23,116,Steak Tacos,Mexican,13.95
3101,2023-02-21,0 days 16:12:23,125,Spaghetti & Meatballs,Italian,17.95
3101,2023-02-21,0 days 16:12:23,122,Chips & Salsa,Mexican,7.0
3102,2023-02-21,0 days 16:32:10,107,Orange Chicken,Asian,16.5
3102,2023-02-21,0 days 16:32:10,108,Tofu Pad Thai,Asian,14.5
3102,2023-02-21,0 days 16:32:10,130,Shrimp Scampi,Italian,19.95
3103,2023-02-21,0 days 16:37:19,101,Hamburger,American,12.95
3104,2023-02-21,0 days 16:45:25,106,French Fries,American,7.0
3105,2023-02-21,0 days 16:46:37,107,Orange Chicken,Asian,16.5
3105,2023-02-21,0 days 16:46:37,125,Spaghetti & Meatballs,Italian,17.95
3105,2023-02-21,0 days 16:46:37,127,Meat Lasagna,Italian,17.95
3106,2023-02-21,0 days 17:16:04,117,Chicken Burrito,Mexican,12.95
3107,2023-02-21,0 days 17:26:20,120,Steak Torta,Mexican,13.95
3107,2023-02-21,0 days 17:26:20,105,Mac & Cheese,American,7.0
3108,2023-02-21,0 days 17:28:57,101,Hamburger,American,12.95
3108,2023-02-21,0 days 17:28:57,112,Salmon Roll,Asian,14.95
3108,2023-02-21,0 days 17:28:57,122,Chips & Salsa,Mexican,7.0
3108,2023-02-21,0 days 17:28:57,106,French Fries,American,7.0
3109,2023-02-21,0 days 17:30:27,102,Cheeseburger,American,13.95
3109,2023-02-21,0 days 17:30:27,125,Spaghetti & Meatballs,Italian,17.95
3109,2023-02-21,0 days 17:30:27,132,Eggplant Parmesan,Italian,16.95
3110,2023-02-21,0 days 17:54:51,108,Tofu Pad Thai,Asian,14.5
3111,2023-02-21,0 days 18:11:42,116,Steak Tacos,Mexican,13.95
3111,2023-02-21,0 days 18:11:42,106,French Fries,American,7.0
3112,2023-02-21,0 days 18:12:32,115,Chicken Tacos,Mexican,11.95
3112,2023-02-21,0 days 18:12:32,125,Spaghetti & Meatballs,Italian,17.95
3112,2023-02-21,0 days 18:12:32,127,Meat Lasagna,Italian,17.95
3112,2023-02-21,0 days 18:12:32,132,Eggplant Parmesan,Italian,16.95
3113,2023-02-21,0 days 18:13:22,116,Steak Tacos,Mexican,13.95
3113,2023-02-21,0 days 18:13:22,108,Tofu Pad Thai,Asian,14.5
3114,2023-02-21,0 days 18:13:49,102,Cheeseburger,American,13.95
3115,2023-02-21,0 days 18:15:34,132,Eggplant Parmesan,Italian,16.95
3116,2023-02-21,0 days 18:28:28,124,Spaghetti,Italian,14.5
3116,2023-02-21,0 days 18:28:28,110,Pork Ramen,Asian,17.95
3117,2023-02-21,0 days 18:47:53,113,Edamame,Asian,5.0
3118,2023-02-21,0 days 19:07:50,116,Steak Tacos,Mexican,13.95
3118,2023-02-21,0 days 19:07:50,118,Steak Burrito,Mexican,14.95
3119,2023-02-21,0 days 19:16:59,126,Fettuccine Alfredo,Italian,14.5
3120,2023-02-21,0 days 19:21:02,101,Hamburger,American,12.95
3120,2023-02-21,0 days 19:21:02,113,Edamame,Asian,5.0
3121,2023-02-21,0 days 19:25:20,110,Pork Ramen,Asian,17.95
3122,2023-02-21,0 days 19:29:14,108,Tofu Pad Thai,Asian,14.5
3122,2023-02-21,0 days 19:29:14,126,Fettuccine Alfredo,Italian,14.5
3123,2023-02-21,0 days 19:46:07,126,Fettuccine Alfredo,Italian,14.5
3123,2023-02-21,0 days 19:46:07,105,Mac & Cheese,American,7.0
3124,2023-02-21,0 days 19:59:20,125,Spaghetti & Meatballs,Italian,17.95
3124,2023-02-21,0 days 19:59:20,113,Edamame,Asian,5.0
3124,2023-02-21,0 days 19:59:20,131,Chicken Parmesan,Italian,17.95
3125,2023-02-21,0 days 20:12:37,124,Spaghetti,Italian,14.5
3125,2023-02-21,0 days 20:12:37,109,Korean Beef Bowl,Asian,17.95
3125,2023-02-21,0 days 20:12:37,132,Eggplant Parmesan,Italian,16.95
3126,2023-02-21,0 days 20:35:12,102,Cheeseburger,American,13.95
3127,2023-02-21,0 days 20:40:10,103,Hot Dog,American,9.0
3127,2023-02-21,0 days 20:40:10,110,Pork Ramen,Asian,17.95
3127,2023-02-21,0 days 20:40:10,132,Eggplant Parmesan,Italian,16.95
3128,2023-02-21,0 days 21:45:43,109,Korean Beef Bowl,Asian,17.95
3129,2023-02-21,0 days 21:50:56,111,California Roll,Asian,11.95
3130,2023-02-21,0 days 21:59:36,111,California Roll,Asian,11.95
3130,2023-02-21,0 days 21:59:36,112,Salmon Roll,Asian,14.95
3131,2023-02-21,0 days 22:14:02,105,Mac & Cheese,American,7.0
3132,2023-02-21,0 days 22:55:11,101,Hamburger,American,12.95
3132,2023-02-21,0 days 22:55:11,102,Cheeseburger,American,13.95
3132,2023-02-21,0 days 22:55:11,125,Spaghetti & Meatballs,Italian,17.95
3133,2023-02-21,0 days 23:05:24,128,Cheese Lasagna,Italian,15.5
3133,2023-02-21,0 days 23:05:24,111,California Roll,Asian,11.95
3133,2023-02-21,0 days 23:05:24,121,Cheese Quesadillas,Mexican,10.5
3134,2023-02-22,0 days 11:40:25,107,Orange Chicken,Asian,16.5
3134,2023-02-22,0 days 11:40:25,108,Tofu Pad Thai,Asian,14.5
3135,2023-02-22,0 days 12:00:54,101,Hamburger,American,12.95
3136,2023-02-22,0 days 12:39:19,102,Cheeseburger,American,13.95
3136,2023-02-22,0 days 12:39:19,109,Korean Beef Bowl,Asian,17.95
3136,2023-02-22,0 days 12:39:19,113,Edamame,Asian,5.0
3136,2023-02-22,0 days 12:39:19,118,Steak Burrito,Mexican,14.95
3136,2023-02-22,0 days 12:39:19,120,Steak Torta,Mexican,13.95
3136,2023-02-22,0 days 12:39:19,122,Chips & Salsa,Mexican,7.0
3136,2023-02-22,0 days 12:39:19,131,Chicken Parmesan,Italian,17.95
3136,2023-02-22,0 days 12:39:19,106,French Fries,American,7.0
3137,2023-02-22,0 days 12:40:49,112,Salmon Roll,Asian,14.95
3138,2023-02-22,0 days 13:02:28,101,Hamburger,American,12.95
3138,2023-02-22,0 days 13:02:28,102,Cheeseburger,American,13.95
3138,2023-02-22,0 days 13:02:28,103,Hot Dog,American,9.0
3138,2023-02-22,0 days 13:02:28,104,Veggie Burger,American,10.5
3138,2023-02-22,0 days 13:02:28,108,Tofu Pad Thai,Asian,14.5
3138,2023-02-22,0 days 13:02:28,112,Salmon Roll,Asian,14.95
3138,2023-02-22,0 days 13:02:28,113,Edamame,Asian,5.0
3138,2023-02-22,0 days 13:02:28,105,Mac & Cheese,American,7.0
3139,2023-02-22,0 days 13:11:07,110,Pork Ramen,Asian,17.95
3140,2023-02-22,0 days 13:40:06,119,Chicken Torta,Mexican,11.95
3142,2023-02-22,0 days 14:17:17,102,Cheeseburger,American,13.95
3142,2023-02-22,0 days 14:17:17,110,Pork Ramen,Asian,17.95
3142,2023-02-22,0 days 14:17:17,130,Shrimp Scampi,Italian,19.95
3142,2023-02-22,0 days 14:17:17,131,Chicken Parmesan,Italian,17.95
3143,2023-02-22,0 days 15:16:59,107,Orange Chicken,Asian,16.5
3143,2023-02-22,0 days 15:16:59,119,Chicken Torta,Mexican,11.95
3144,2023-02-22,0 days 15:26:04,124,Spaghetti,Italian,14.5
3144,2023-02-22,0 days 15:26:04,127,Meat Lasagna,Italian,17.95
3144,2023-02-22,0 days 15:26:04,112,Salmon Roll,Asian,14.95
3144,2023-02-22,0 days 15:26:04,105,Mac & Cheese,American,7.0
3145,2023-02-22,0 days 15:41:07,101,Hamburger,American,12.95
3145,2023-02-22,0 days 15:41:07,108,Tofu Pad Thai,Asian,14.5
3145,2023-02-22,0 days 15:41:07,109,Korean Beef Bowl,Asian,17.95
3145,2023-02-22,0 days 15:41:07,113,Edamame,Asian,5.0
3146,2023-02-22,0 days 15:55:09,125,Spaghetti & Meatballs,Italian,17.95
3146,2023-02-22,0 days 15:55:09,118,Steak Burrito,Mexican,14.95
3146,2023-02-22,0 days 15:55:09,122,Chips & Salsa,Mexican,7.0
3147,2023-02-22,0 days 15:59:59,108,Tofu Pad Thai,Asian,14.5
3147,2023-02-22,0 days 15:59:59,120,Steak Torta,Mexican,13.95
3147,2023-02-22,0 days 15:59:59,121,Cheese Quesadillas,Mexican,10.5
3147,2023-02-22,0 days 15:59:59,123,Chips & Guacamole,Mexican,9.0
3148,2023-02-22,0 days 16:03:50,120,Steak Torta,Mexican,13.95
3149,2023-02-22,0 days 16:23:12,120,Steak Torta,Mexican,13.95
3149,2023-02-22,0 days 16:23:12,122,Chips & Salsa,Mexican,7.0
3149,2023-02-22,0 days 16:23:12,123,Chips & Guacamole,Mexican,9.0
3150,2023-02-22,0 days 16:23:23,124,Spaghetti,Italian,14.5
3151,2023-02-22,0 days 16:34:34,126,Fettuccine Alfredo,Italian,14.5
3151,2023-02-22,0 days 16:34:34,131,Chicken Parmesan,Italian,17.95
3151,2023-02-22,0 days 16:34:34,132,Eggplant Parmesan,Italian,16.95
3152,2023-02-22,0 days 16:42:27,110,Pork Ramen,Asian,17.95
3152,2023-02-22,0 days 16:42:27,129,Mushroom Ravioli,Italian,15.5
3152,2023-02-22,0 days 16:42:27,112,Salmon Roll,Asian,14.95
3153,2023-02-22,0 days 17:00:52,112,Salmon Roll,Asian,14.95
3153,2023-02-22,0 days 17:00:52,132,Eggplant Parmesan,Italian,16.95
3154,2023-02-22,0 days 17:44:21,114,Potstickers,Asian,9.0
3155,2023-02-22,0 days 18:28:37,106,French Fries,American,7.0
3156,2023-02-22,0 days 18:57:53,102,Cheeseburger,American,13.95
3156,2023-02-22,0 days 18:57:53,106,French Fries,American,7.0
3157,2023-02-22,0 days 19:34:23,102,Cheeseburger,American,13.95
3157,2023-02-22,0 days 19:34:23,108,Tofu Pad Thai,Asian,14.5
3158,2023-02-22,0 days 19:35:02,109,Korean Beef Bowl,Asian,17.95
3159,2023-02-22,0 days 19:38:44,118,Steak Burrito,Mexican,14.95
3159,2023-02-22,0 days 19:38:44,132,Eggplant Parmesan,Italian,16.95
3160,2023-02-22,0 days 19:51:29,116,Steak Tacos,Mexican,13.95
3160,2023-02-22,0 days 19:51:29,102,Cheeseburger,American,13.95
3161,2023-02-22,0 days 19:53:24,124,Spaghetti,Italian,14.5
3161,2023-02-22,0 days 19:53:24,112,Salmon Roll,Asian,14.95
3161,2023-02-22,0 days 19:53:24,120,Steak Torta,Mexican,13.95
3161,2023-02-22,0 days 19:53:24,120,Steak Torta,Mexican,13.95
3162,2023-02-22,0 days 20:40:55,124,Spaghetti,Italian,14.5
3162,2023-02-22,0 days 20:40:55,112,Salmon Roll,Asian,14.95
3162,2023-02-22,0 days 20:40:55,105,Mac & Cheese,American,7.0
3163,2023-02-22,0 days 20:43:58,107,Orange Chicken,Asian,16.5
3164,2023-02-22,0 days 20:47:46,130,Shrimp Scampi,Italian,19.95
3165,2023-02-22,0 days 21:02:45,106,French Fries,American,7.0
3165,2023-02-22,0 days 21:02:45,114,Potstickers,Asian,9.0
3166,2023-02-22,0 days 21:12:20,102,Cheeseburger,American,13.95
3167,2023-02-22,0 days 21:13:36,103,Hot Dog,American,9.0
3167,2023-02-22,0 days 21:13:36,120,Steak Torta,Mexican,13.95
3167,2023-02-22,0 days 21:13:36,122,Chips & Salsa,Mexican,7.0
3167,2023-02-22,0 days 21:13:36,130,Shrimp Scampi,Italian,19.95
3168,2023-02-22,0 days 21:36:58,107,Orange Chicken,Asian,16.5
3169,2023-02-22,0 days 21:50:42,101,Hamburger,American,12.95
3169,2023-02-22,0 days 21:50:42,107,Orange Chicken,Asian,16.5
3169,2023-02-22,0 days 21:50:42,109,Korean Beef Bowl,Asian,17.95
3169,2023-02-22,0 days 21:50:42,131,Chicken Parmesan,Italian,17.95
3170,2023-02-22,0 days 22:13:50,108,Tofu Pad Thai,Asian,14.5
3170,2023-02-22,0 days 22:13:50,130,Shrimp Scampi,Italian,19.95
3170,2023-02-22,0 days 22:13:50,106,French Fries,American,7.0
3171,2023-02-23,0 days 11:18:31,121,Cheese Quesadillas,Mexican,10.5
3172,2023-02-23,0 days 11:52:30,101,Hamburger,American,12.95
3172,2023-02-23,0 days 11:52:30,108,Tofu Pad Thai,Asian,14.5
3173,2023-02-23,0 days 11:54:41,102,Cheeseburger,American,13.95
3173,2023-02-23,0 days 11:54:41,111,California Roll,Asian,11.95
3173,2023-02-23,0 days 11:54:41,112,Salmon Roll,Asian,14.95
3174,2023-02-23,0 days 12:09:18,104,Veggie Burger,American,10.5
3175,2023-02-23,0 days 12:10:43,109,Korean Beef Bowl,Asian,17.95
3175,2023-02-23,0 days 12:10:43,117,Chicken Burrito,Mexican,12.95
3175,2023-02-23,0 days 12:10:43,121,Cheese Quesadillas,Mexican,10.5
3176,2023-02-23,0 days 12:21:42,102,Cheeseburger,American,13.95
3176,2023-02-23,0 days 12:21:42,128,Cheese Lasagna,Italian,15.5
3177,2023-02-23,0 days 12:23:43,104,Veggie Burger,American,10.5
3177,2023-02-23,0 days 12:23:43,113,Edamame,Asian,5.0
3178,2023-02-23,0 days 12:30:16,122,Chips & Salsa,Mexican,7.0
3179,2023-02-23,0 days 12:41:52,101,Hamburger,American,12.95
3179,2023-02-23,0 days 12:41:52,127,Meat Lasagna,Italian,17.95
3179,2023-02-23,0 days 12:41:52,127,Meat Lasagna,Italian,17.95
3179,2023-02-23,0 days 12:41:52,105,Mac & Cheese,American,7.0
3180,2023-02-23,0 days 12:44:52,119,Chicken Torta,Mexican,11.95
3181,2023-02-23,0 days 12:51:43,102,Cheeseburger,American,13.95
3181,2023-02-23,0 days 12:51:43,132,Eggplant Parmesan,Italian,16.95
3182,2023-02-23,0 days 12:57:29,127,Meat Lasagna,Italian,17.95
3183,2023-02-23,0 days 13:04:34,117,Chicken Burrito,Mexican,12.95
3184,2023-02-23,0 days 13:15:00,126,Fettuccine Alfredo,Italian,14.5
3185,2023-02-23,0 days 13:22:07,117,Chicken Burrito,Mexican,12.95
3185,2023-02-23,0 days 13:22:07,111,California Roll,Asian,11.95
3185,2023-02-23,0 days 13:22:07,132,Eggplant Parmesan,Italian,16.95
3186,2023-02-23,0 days 13:22:54,102,Cheeseburger,American,13.95
3186,2023-02-23,0 days 13:22:54,111,California Roll,Asian,11.95
3186,2023-02-23,0 days 13:22:54,112,Salmon Roll,Asian,14.95
3187,2023-02-23,0 days 13:27:18,101,Hamburger,American,12.95
3187,2023-02-23,0 days 13:27:18,102,Cheeseburger,American,13.95
3187,2023-02-23,0 days 13:27:18,108,Tofu Pad Thai,Asian,14.5
3187,2023-02-23,0 days 13:27:18,124,Spaghetti,Italian,14.5
3187,2023-02-23,0 days 13:27:18,110,Pork Ramen,Asian,17.95
3187,2023-02-23,0 days 13:27:18,113,Edamame,Asian,5.0
3187,2023-02-23,0 days 13:27:18,113,Edamame,Asian,5.0
3187,2023-02-23,0 days 13:27:18,120,Steak Torta,Mexican,13.95
3187,2023-02-23,0 days 13:27:18,105,Mac & Cheese,American,7.0
3187,2023-02-23,0 days 13:27:18,122,Chips & Salsa,Mexican,7.0
3187,2023-02-23,0 days 13:27:18,122,Chips & Salsa,Mexican,7.0
3187,2023-02-23,0 days 13:27:18,131,Chicken Parmesan,Italian,17.95
3188,2023-02-23,0 days 13:34:56,121,Cheese Quesadillas,Mexican,10.5
3189,2023-02-23,0 days 13:59:04,102,Cheeseburger,American,13.95
3189,2023-02-23,0 days 13:59:04,103,Hot Dog,American,9.0
3189,2023-02-23,0 days 13:59:04,109,Korean Beef Bowl,Asian,17.95
3189,2023-02-23,0 days 13:59:04,110,Pork Ramen,Asian,17.95
3189,2023-02-23,0 days 13:59:04,113,Edamame,Asian,5.0
3189,2023-02-23,0 days 13:59:04,105,Mac & Cheese,American,7.0
3189,2023-02-23,0 days 13:59:04,106,French Fries,American,7.0
3190,2023-02-23,0 days 14:24:16,124,Spaghetti,Italian,14.5
3190,2023-02-23,0 days 14:24:16,132,Eggplant Parmesan,Italian,16.95
3191,2023-02-23,0 days 15:11:01,117,Chicken Burrito,Mexican,12.95
3191,2023-02-23,0 days 15:11:01,132,Eggplant Parmesan,Italian,16.95
3192,2023-02-23,0 days 15:19:27,112,Salmon Roll,Asian,14.95
3193,2023-02-23,0 days 15:49:25,123,Chips & Guacamole,Mexican,9.0
3194,2023-02-23,0 days 16:19:34,125,Spaghetti & Meatballs,Italian,17.95
3195,2023-02-23,0 days 16:24:11,103,Hot Dog,American,9.0
3195,2023-02-23,0 days 16:24:11,112,Salmon Roll,Asian,14.95
3195,2023-02-23,0 days 16:24:11,114,Potstickers,Asian,9.0
3196,2023-02-23,0 days 16:28:00,111,California Roll,Asian,11.95
3196,2023-02-23,0 days 16:28:00,122,Chips & Salsa,Mexican,7.0
3197,2023-02-23,0 days 16:36:02,108,Tofu Pad Thai,Asian,14.5
3198,2023-02-23,0 days 16:40:05,126,Fettuccine Alfredo,Italian,14.5
3198,2023-02-23,0 days 16:40:05,132,Eggplant Parmesan,Italian,16.95
3199,2023-02-23,0 days 17:13:58,115,Chicken Tacos,Mexican,11.95
3199,2023-02-23,0 days 17:13:58,106,French Fries,American,7.0
3200,2023-02-23,0 days 17:16:39,109,Korean Beef Bowl,Asian,17.95
3200,2023-02-23,0 days 17:16:39,123,Chips & Guacamole,Mexican,9.0
3201,2023-02-23,0 days 17:21:33,104,Veggie Burger,American,10.5
3201,2023-02-23,0 days 17:21:33,110,Pork Ramen,Asian,17.95
3201,2023-02-23,0 days 17:21:33,123,Chips & Guacamole,Mexican,9.0
3201,2023-02-23,0 days 17:21:33,132,Eggplant Parmesan,Italian,16.95
3202,2023-02-23,0 days 17:22:50,104,Veggie Burger,American,10.5
3202,2023-02-23,0 days 17:22:50,110,Pork Ramen,Asian,17.95
3202,2023-02-23,0 days 17:22:50,131,Chicken Parmesan,Italian,17.95
3203,2023-02-23,0 days 17:23:12,106,French Fries,American,7.0
3203,2023-02-23,0 days 17:23:12,132,Eggplant Parmesan,Italian,16.95
3204,2023-02-23,0 days 17:29:25,111,California Roll,Asian,11.95
3204,2023-02-23,0 days 17:29:25,119,Chicken Torta,Mexican,11.95
3205,2023-02-23,0 days 17:31:33,102,Cheeseburger,American,13.95
3205,2023-02-23,0 days 17:31:33,111,California Roll,Asian,11.95
3205,2023-02-23,0 days 17:31:33,106,French Fries,American,7.0
3206,2023-02-23,0 days 17:31:54,107,Orange Chicken,Asian,16.5
3206,2023-02-23,0 days 17:31:54,113,Edamame,Asian,5.0
3206,2023-02-23,0 days 17:31:54,130,Shrimp Scampi,Italian,19.95
3206,2023-02-23,0 days 17:31:54,123,Chips & Guacamole,Mexican,9.0
3207,2023-02-23,0 days 17:34:41,108,Tofu Pad Thai,Asian,14.5
3207,2023-02-23,0 days 17:34:41,109,Korean Beef Bowl,Asian,17.95
3208,2023-02-23,0 days 17:41:51,108,Tofu Pad Thai,Asian,14.5
3209,2023-02-23,0 days 17:42:59,107,Orange Chicken,Asian,16.5
3210,2023-02-23,0 days 18:05:29,108,Tofu Pad Thai,Asian,14.5
3210,2023-02-23,0 days 18:05:29,110,Pork Ramen,Asian,17.95
3210,2023-02-23,0 days 18:05:29,129,Mushroom Ravioli,Italian,15.5
3210,2023-02-23,0 days 18:05:29,131,Chicken Parmesan,Italian,17.95
3211,2023-02-23,0 days 18:22:26,116,Steak Tacos,Mexican,13.95
3211,2023-02-23,0 days 18:22:26,108,Tofu Pad Thai,Asian,14.5
3212,2023-02-23,0 days 18:33:38,101,Hamburger,American,12.95
3212,2023-02-23,0 days 18:33:38,129,Mushroom Ravioli,Italian,15.5
3213,2023-02-23,0 days 18:37:54,102,Cheeseburger,American,13.95
3214,2023-02-23,0 days 18:39:22,119,Chicken Torta,Mexican,11.95
3215,2023-02-23,0 days 18:48:26,113,Edamame,Asian,5.0
3216,2023-02-23,0 days 18:51:30,125,Spaghetti & Meatballs,Italian,17.95
3216,2023-02-23,0 days 18:51:30,117,Chicken Burrito,Mexican,12.95
3216,2023-02-23,0 days 18:51:30,127,Meat Lasagna,Italian,17.95
3216,2023-02-23,0 days 18:51:30,129,Mushroom Ravioli,Italian,15.5
3217,2023-02-23,0 days 19:56:16,102,Cheeseburger,American,13.95
3217,2023-02-23,0 days 19:56:16,103,Hot Dog,American,9.0
3217,2023-02-23,0 days 19:56:16,125,Spaghetti & Meatballs,Italian,17.95
3217,2023-02-23,0 days 19:56:16,119,Chicken Torta,Mexican,11.95
3218,2023-02-23,0 days 19:57:22,108,Tofu Pad Thai,Asian,14.5
3219,2023-02-23,0 days 20:21:54,116,Steak Tacos,Mexican,13.95
3219,2023-02-23,0 days 20:21:54,119,Chicken Torta,Mexican,11.95
3220,2023-02-23,0 days 20:33:37,109,Korean Beef Bowl,Asian,17.95
3221,2023-02-23,0 days 21:09:47,108,Tofu Pad Thai,Asian,14.5
3222,2023-02-23,0 days 21:19:27,109,Korean Beef Bowl,Asian,17.95
3222,2023-02-23,0 days 21:19:27,118,Steak Burrito,Mexican,14.95
3222,2023-02-23,0 days 21:19:27,123,Chips & Guacamole,Mexican,9.0
3223,2023-02-23,0 days 22:05:27,116,Steak Tacos,Mexican,13.95
3223,2023-02-23,0 days 22:05:27,126,Fettuccine Alfredo,Italian,14.5
3223,2023-02-23,0 days 22:05:27,132,Eggplant Parmesan,Italian,16.95
3224,2023-02-23,0 days 22:22:21,107,Orange Chicken,Asian,16.5
3225,2023-02-24,0 days 11:44:17,108,Tofu Pad Thai,Asian,14.5
3226,2023-02-24,0 days 11:56:22,108,Tofu Pad Thai,Asian,14.5
3226,2023-02-24,0 days 11:56:22,129,Mushroom Ravioli,Italian,15.5
3226,2023-02-24,0 days 11:56:22,113,Edamame,Asian,5.0
3226,2023-02-24,0 days 11:56:22,118,Steak Burrito,Mexican,14.95
3226,2023-02-24,0 days 11:56:22,121,Cheese Quesadillas,Mexican,10.5
3227,2023-02-24,0 days 11:57:44,103,Hot Dog,American,9.0
3227,2023-02-24,0 days 11:57:44,122,Chips & Salsa,Mexican,7.0
3228,2023-02-24,0 days 12:08:42,109,Korean Beef Bowl,Asian,17.95
3228,2023-02-24,0 days 12:08:42,111,California Roll,Asian,11.95
3229,2023-02-24,0 days 12:11:31,124,Spaghetti,Italian,14.5
3229,2023-02-24,0 days 12:11:31,120,Steak Torta,Mexican,13.95
3230,2023-02-24,0 days 12:13:18,121,Cheese Quesadillas,Mexican,10.5
3230,2023-02-24,0 days 12:13:18,106,French Fries,American,7.0
3231,2023-02-24,0 days 12:15:10,125,Spaghetti & Meatballs,Italian,17.95
3231,2023-02-24,0 days 12:15:10,130,Shrimp Scampi,Italian,19.95
3232,2023-02-24,0 days 12:24:43,124,Spaghetti,Italian,14.5
3232,2023-02-24,0 days 12:24:43,125,Spaghetti & Meatballs,Italian,17.95
3232,2023-02-24,0 days 12:24:43,126,Fettuccine Alfredo,Italian,14.5
3232,2023-02-24,0 days 12:24:43,122,Chips & Salsa,Mexican,7.0
3233,2023-02-24,0 days 12:29:32,106,French Fries,American,7.0
3234,2023-02-24,0 days 12:34:37,101,Hamburger,American,12.95
3234,2023-02-24,0 days 12:34:37,101,Hamburger,American,12.95
3234,2023-02-24,0 days 12:34:37,115,Chicken Tacos,Mexican,11.95
3234,2023-02-24,0 days 12:34:37,102,Cheeseburger,American,13.95
3234,2023-02-24,0 days 12:34:37,102,Cheeseburger,American,13.95
3234,2023-02-24,0 days 12:34:37,124,Spaghetti,Italian,14.5
3234,2023-02-24,0 days 12:34:37,109,Korean Beef Bowl,Asian,17.95
3234,2023-02-24,0 days 12:34:37,113,Edamame,Asian,5.0
3234,2023-02-24,0 days 12:34:37,121,Cheese Quesadillas,Mexican,10.5
3234,2023-02-24,0 days 12:34:37,105,Mac & Cheese,American,7.0
3235,2023-02-24,0 days 12:49:47,118,Steak Burrito,Mexican,14.95
3236,2023-02-24,0 days 12:50:51,101,Hamburger,American,12.95
3236,2023-02-24,0 days 12:50:51,115,Chicken Tacos,Mexican,11.95
3236,2023-02-24,0 days 12:50:51,105,Mac & Cheese,American,7.0
3236,2023-02-24,0 days 12:50:51,123,Chips & Guacamole,Mexican,9.0
3237,2023-02-24,0 days 12:51:26,102,Cheeseburger,American,13.95
3238,2023-02-24,0 days 12:52:55,122,Chips & Salsa,Mexican,7.0
3239,2023-02-24,0 days 13:11:53,118,Steak Burrito,Mexican,14.95
3240,2023-02-24,0 days 13:24:10,107,Orange Chicken,Asian,16.5
3240,2023-02-24,0 days 13:24:10,127,Meat Lasagna,Italian,17.95
3240,2023-02-24,0 days 13:24:10,122,Chips & Salsa,Mexican,7.0
3241,2023-02-24,0 days 13:26:36,107,Orange Chicken,Asian,16.5
3242,2023-02-24,0 days 13:26:39,116,Steak Tacos,Mexican,13.95
3242,2023-02-24,0 days 13:26:39,120,Steak Torta,Mexican,13.95
3242,2023-02-24,0 days 13:26:39,123,Chips & Guacamole,Mexican,9.0
3243,2023-02-24,0 days 13:29:11,118,Steak Burrito,Mexican,14.95
3243,2023-02-24,0 days 13:29:11,123,Chips & Guacamole,Mexican,9.0
3244,2023-02-24,0 days 13:40:52,116,Steak Tacos,Mexican,13.95
3244,2023-02-24,0 days 13:40:52,117,Chicken Burrito,Mexican,12.95
3245,2023-02-24,0 days 14:08:37,132,Eggplant Parmesan,Italian,16.95
3246,2023-02-24,0 days 14:31:36,116,Steak Tacos,Mexican,13.95
3246,2023-02-24,0 days 14:31:36,124,Spaghetti,Italian,14.5
3246,2023-02-24,0 days 14:31:36,117,Chicken Burrito,Mexican,12.95
3247,2023-02-24,0 days 14:43:13,117,Chicken Burrito,Mexican,12.95
3248,2023-02-24,0 days 15:00:06,112,Salmon Roll,Asian,14.95
3249,2023-02-24,0 days 15:18:55,108,Tofu Pad Thai,Asian,14.5
3249,2023-02-24,0 days 15:18:55,109,Korean Beef Bowl,Asian,17.95
3249,2023-02-24,0 days 15:18:55,118,Steak Burrito,Mexican,14.95
3250,2023-02-24,0 days 16:09:29,101,Hamburger,American,12.95
3250,2023-02-24,0 days 16:09:29,109,Korean Beef Bowl,Asian,17.95
3250,2023-02-24,0 days 16:09:29,119,Chicken Torta,Mexican,11.95
3250,2023-02-24,0 days 16:09:29,106,French Fries,American,7.0
3251,2023-02-24,0 days 16:19:28,117,Chicken Burrito,Mexican,12.95
3252,2023-02-24,0 days 16:28:32,118,Steak Burrito,Mexican,14.95
3253,2023-02-24,0 days 16:33:11,112,Salmon Roll,Asian,14.95
3254,2023-02-24,0 days 16:39:08,109,Korean Beef Bowl,Asian,17.95
3254,2023-02-24,0 days 16:39:08,129,Mushroom Ravioli,Italian,15.5
3254,2023-02-24,0 days 16:39:08,111,California Roll,Asian,11.95
3255,2023-02-24,0 days 16:41:21,105,Mac & Cheese,American,7.0
3255,2023-02-24,0 days 16:41:21,105,Mac & Cheese,American,7.0
3255,2023-02-24,0 days 16:41:21,132,Eggplant Parmesan,Italian,16.95
3256,2023-02-24,0 days 17:31:07,104,Veggie Burger,American,10.5
3256,2023-02-24,0 days 17:31:07,108,Tofu Pad Thai,Asian,14.5
3256,2023-02-24,0 days 17:31:07,113,Edamame,Asian,5.0
3256,2023-02-24,0 days 17:31:07,113,Edamame,Asian,5.0
3257,2023-02-24,0 days 17:38:20,111,California Roll,Asian,11.95
3257,2023-02-24,0 days 17:38:20,105,Mac & Cheese,American,7.0
3258,2023-02-24,0 days 17:40:49,125,Spaghetti & Meatballs,Italian,17.95
3258,2023-02-24,0 days 17:40:49,109,Korean Beef Bowl,Asian,17.95
3258,2023-02-24,0 days 17:40:49,130,Shrimp Scampi,Italian,19.95
3259,2023-02-24,0 days 17:40:57,116,Steak Tacos,Mexican,13.95
3260,2023-02-24,0 days 17:41:19,105,Mac & Cheese,American,7.0
3260,2023-02-24,0 days 17:41:19,132,Eggplant Parmesan,Italian,16.95
3261,2023-02-24,0 days 17:50:57,101,Hamburger,American,12.95
3261,2023-02-24,0 days 17:50:57,124,Spaghetti,Italian,14.5
3261,2023-02-24,0 days 17:50:57,113,Edamame,Asian,5.0
3261,2023-02-24,0 days 17:50:57,119,Chicken Torta,Mexican,11.95
3262,2023-02-24,0 days 18:05:09,102,Cheeseburger,American,13.95
3262,2023-02-24,0 days 18:05:09,112,Salmon Roll,Asian,14.95
3262,2023-02-24,0 days 18:05:09,130,Shrimp Scampi,Italian,19.95
3263,2023-02-24,0 days 18:11:03,101,Hamburger,American,12.95
3264,2023-02-24,0 days 18:19:39,108,Tofu Pad Thai,Asian,14.5
3264,2023-02-24,0 days 18:19:39,131,Chicken Parmesan,Italian,17.95
3265,2023-02-24,0 days 18:39:12,116,Steak Tacos,Mexican,13.95
3265,2023-02-24,0 days 18:39:12,110,Pork Ramen,Asian,17.95
3265,2023-02-24,0 days 18:39:12,113,Edamame,Asian,5.0
3266,2023-02-24,0 days 18:40:58,115,Chicken Tacos,Mexican,11.95
3266,2023-02-24,0 days 18:40:58,126,Fettuccine Alfredo,Italian,14.5
3267,2023-02-24,0 days 18:42:17,126,Fettuccine Alfredo,Italian,14.5
3267,2023-02-24,0 days 18:42:17,113,Edamame,Asian,5.0
3268,2023-02-24,0 days 19:23:15,118,Steak Burrito,Mexican,14.95
3268,2023-02-24,0 days 19:23:15,122,Chips & Salsa,Mexican,7.0
3269,2023-02-24,0 days 19:26:01,109,Korean Beef Bowl,Asian,17.95
3269,2023-02-24,0 days 19:26:01,120,Steak Torta,Mexican,13.95
3269,2023-02-24,0 days 19:26:01,106,French Fries,American,7.0
3270,2023-02-24,0 days 19:31:37,129,Mushroom Ravioli,Italian,15.5
3271,2023-02-24,0 days 19:40:28,117,Chicken Burrito,Mexican,12.95
3272,2023-02-24,0 days 19:43:11,125,Spaghetti & Meatballs,Italian,17.95
3272,2023-02-24,0 days 19:43:11,110,Pork Ramen,Asian,17.95
3273,2023-02-24,0 days 20:20:10,124,Spaghetti,Italian,14.5
3273,2023-02-24,0 days 20:20:10,110,Pork Ramen,Asian,17.95
3274,2023-02-24,0 days 20:23:21,113,Edamame,Asian,5.0
3274,2023-02-24,0 days 20:23:21,106,French Fries,American,7.0
3276,2023-02-24,0 days 20:46:55,109,Korean Beef Bowl,Asian,17.95
3276,2023-02-24,0 days 20:46:55,114,Potstickers,Asian,9.0
3277,2023-02-24,0 days 20:49:40,124,Spaghetti,Italian,14.5
3278,2023-02-24,0 days 21:03:42,102,Cheeseburger,American,13.95
3278,2023-02-24,0 days 21:03:42,109,Korean Beef Bowl,Asian,17.95
3278,2023-02-24,0 days 21:03:42,111,California Roll,Asian,11.95
3278,2023-02-24,0 days 21:03:42,120,Steak Torta,Mexican,13.95
3279,2023-02-24,0 days 21:35:05,101,Hamburger,American,12.95
3279,2023-02-24,0 days 21:35:05,106,French Fries,American,7.0
3280,2023-02-24,0 days 21:48:31,102,Cheeseburger,American,13.95
3280,2023-02-24,0 days 21:48:31,124,Spaghetti,Italian,14.5
3280,2023-02-24,0 days 21:48:31,113,Edamame,Asian,5.0
3280,2023-02-24,0 days 21:48:31,119,Chicken Torta,Mexican,11.95
3281,2023-02-24,0 days 21:50:48,124,Spaghetti,Italian,14.5
3281,2023-02-24,0 days 21:50:48,113,Edamame,Asian,5.0
3281,2023-02-24,0 days 21:50:48,123,Chips & Guacamole,Mexican,9.0
3282,2023-02-24,0 days 22:57:58,123,Chips & Guacamole,Mexican,9.0
3283,2023-02-25,0 days 10:54:03,125,Spaghetti & Meatballs,Italian,17.95
3283,2023-02-25,0 days 10:54:03,111,California Roll,Asian,11.95
3284,2023-02-25,0 days 11:37:52,109,Korean Beef Bowl,Asian,17.95
3285,2023-02-25,0 days 11:47:42,101,Hamburger,American,12.95
3286,2023-02-25,0 days 11:50:16,107,Orange Chicken,Asian,16.5
3286,2023-02-25,0 days 11:50:16,104,Veggie Burger,American,10.5
3286,2023-02-25,0 days 11:50:16,106,French Fries,American,7.0
3286,2023-02-25,0 days 11:50:16,132,Eggplant Parmesan,Italian,16.95
3287,2023-02-25,0 days 12:00:21,101,Hamburger,American,12.95
3287,2023-02-25,0 days 12:00:21,125,Spaghetti & Meatballs,Italian,17.95
3288,2023-02-25,0 days 12:00:55,102,Cheeseburger,American,13.95
3288,2023-02-25,0 days 12:00:55,104,Veggie Burger,American,10.5
3288,2023-02-25,0 days 12:00:55,110,Pork Ramen,Asian,17.95
3289,2023-02-25,0 days 12:22:27,102,Cheeseburger,American,13.95
3289,2023-02-25,0 days 12:22:27,125,Spaghetti & Meatballs,Italian,17.95
3289,2023-02-25,0 days 12:22:27,113,Edamame,Asian,5.0
3289,2023-02-25,0 days 12:22:27,118,Steak Burrito,Mexican,14.95
3289,2023-02-25,0 days 12:22:27,132,Eggplant Parmesan,Italian,16.95
3290,2023-02-25,0 days 12:32:36,127,Meat Lasagna,Italian,17.95
3290,2023-02-25,0 days 12:32:36,121,Cheese Quesadillas,Mexican,10.5
3290,2023-02-25,0 days 12:32:36,106,French Fries,American,7.0
3291,2023-02-25,0 days 12:34:40,107,Orange Chicken,Asian,16.5
3292,2023-02-25,0 days 12:39:18,107,Orange Chicken,Asian,16.5
3292,2023-02-25,0 days 12:39:18,116,Steak Tacos,Mexican,13.95
3292,2023-02-25,0 days 12:39:18,124,Spaghetti,Italian,14.5
3292,2023-02-25,0 days 12:39:18,125,Spaghetti & Meatballs,Italian,17.95
3292,2023-02-25,0 days 12:39:18,112,Salmon Roll,Asian,14.95
3292,2023-02-25,0 days 12:39:18,113,Edamame,Asian,5.0
3292,2023-02-25,0 days 12:39:18,113,Edamame,Asian,5.0
3292,2023-02-25,0 days 12:39:18,119,Chicken Torta,Mexican,11.95
3292,2023-02-25,0 days 12:39:18,120,Steak Torta,Mexican,13.95
3292,2023-02-25,0 days 12:39:18,105,Mac & Cheese,American,7.0
3292,2023-02-25,0 days 12:39:18,130,Shrimp Scampi,Italian,19.95
3292,2023-02-25,0 days 12:39:18,123,Chips & Guacamole,Mexican,9.0
3293,2023-02-25,0 days 12:41:42,103,Hot Dog,American,9.0
3294,2023-02-25,0 days 12:43:23,112,Salmon Roll,Asian,14.95
3294,2023-02-25,0 days 12:43:23,132,Eggplant Parmesan,Italian,16.95
3295,2023-02-25,0 days 12:44:09,110,Pork Ramen,Asian,17.95
3296,2023-02-25,0 days 12:45:11,101,Hamburger,American,12.95
3296,2023-02-25,0 days 12:45:11,107,Orange Chicken,Asian,16.5
3296,2023-02-25,0 days 12:45:11,108,Tofu Pad Thai,Asian,14.5
3297,2023-02-25,0 days 12:57:10,117,Chicken Burrito,Mexican,12.95
3298,2023-02-25,0 days 13:01:51,104,Veggie Burger,American,10.5
3299,2023-02-25,0 days 13:08:59,125,Spaghetti & Meatballs,Italian,17.95
3299,2023-02-25,0 days 13:08:59,131,Chicken Parmesan,Italian,17.95
3300,2023-02-25,0 days 13:10:46,109,Korean Beef Bowl,Asian,17.95
3301,2023-02-25,0 days 13:18:01,131,Chicken Parmesan,Italian,17.95
3302,2023-02-25,0 days 13:24:42,104,Veggie Burger,American,10.5
3302,2023-02-25,0 days 13:24:42,108,Tofu Pad Thai,Asian,14.5
3303,2023-02-25,0 days 13:29:23,121,Cheese Quesadillas,Mexican,10.5
3304,2023-02-25,0 days 13:36:09,107,Orange Chicken,Asian,16.5
3304,2023-02-25,0 days 13:36:09,103,Hot Dog,American,9.0
3304,2023-02-25,0 days 13:36:09,108,Tofu Pad Thai,Asian,14.5
3304,2023-02-25,0 days 13:36:09,109,Korean Beef Bowl,Asian,17.95
3304,2023-02-25,0 days 13:36:09,129,Mushroom Ravioli,Italian,15.5
3304,2023-02-25,0 days 13:36:09,105,Mac & Cheese,American,7.0
3304,2023-02-25,0 days 13:36:09,131,Chicken Parmesan,Italian,17.95
3305,2023-02-25,0 days 14:24:47,127,Meat Lasagna,Italian,17.95
3306,2023-02-25,0 days 14:25:47,122,Chips & Salsa,Mexican,7.0
3307,2023-02-25,0 days 14:43:41,112,Salmon Roll,Asian,14.95
3307,2023-02-25,0 days 14:43:41,121,Cheese Quesadillas,Mexican,10.5
3307,2023-02-25,0 days 14:43:41,121,Cheese Quesadillas,Mexican,10.5
3308,2023-02-25,0 days 15:07:18,117,Chicken Burrito,Mexican,12.95
3308,2023-02-25,0 days 15:07:18,120,Steak Torta,Mexican,13.95
3309,2023-02-25,0 days 15:11:35,108,Tofu Pad Thai,Asian,14.5
3309,2023-02-25,0 days 15:11:35,118,Steak Burrito,Mexican,14.95
3310,2023-02-25,0 days 15:39:00,101,Hamburger,American,12.95
3310,2023-02-25,0 days 15:39:00,127,Meat Lasagna,Italian,17.95
3310,2023-02-25,0 days 15:39:00,131,Chicken Parmesan,Italian,17.95
3311,2023-02-25,0 days 15:44:27,124,Spaghetti,Italian,14.5
3311,2023-02-25,0 days 15:44:27,120,Steak Torta,Mexican,13.95
3311,2023-02-25,0 days 15:44:27,106,French Fries,American,7.0
3311,2023-02-25,0 days 15:44:27,132,Eggplant Parmesan,Italian,16.95
3312,2023-02-25,0 days 15:49:29,110,Pork Ramen,Asian,17.95
3312,2023-02-25,0 days 15:49:29,111,California Roll,Asian,11.95
3313,2023-02-25,0 days 15:52:00,129,Mushroom Ravioli,Italian,15.5
3314,2023-02-25,0 days 15:54:56,107,Orange Chicken,Asian,16.5
3314,2023-02-25,0 days 15:54:56,125,Spaghetti & Meatballs,Italian,17.95
3314,2023-02-25,0 days 15:54:56,112,Salmon Roll,Asian,14.95
3315,2023-02-25,0 days 16:28:11,120,Steak Torta,Mexican,13.95
3315,2023-02-25,0 days 16:28:11,131,Chicken Parmesan,Italian,17.95
3316,2023-02-25,0 days 16:38:42,132,Eggplant Parmesan,Italian,16.95
3317,2023-02-25,0 days 16:51:29,124,Spaghetti,Italian,14.5
3317,2023-02-25,0 days 16:51:29,118,Steak Burrito,Mexican,14.95
3318,2023-02-25,0 days 16:58:06,126,Fettuccine Alfredo,Italian,14.5
3318,2023-02-25,0 days 16:58:06,106,French Fries,American,7.0
3319,2023-02-25,0 days 17:05:27,116,Steak Tacos,Mexican,13.95
3320,2023-02-25,0 days 17:09:14,126,Fettuccine Alfredo,Italian,14.5
3320,2023-02-25,0 days 17:09:14,123,Chips & Guacamole,Mexican,9.0
3321,2023-02-25,0 days 17:22:08,125,Spaghetti & Meatballs,Italian,17.95
3321,2023-02-25,0 days 17:22:08,105,Mac & Cheese,American,7.0
3321,2023-02-25,0 days 17:22:08,130,Shrimp Scampi,Italian,19.95
3321,2023-02-25,0 days 17:22:08,131,Chicken Parmesan,Italian,17.95
3322,2023-02-25,0 days 17:25:13,107,Orange Chicken,Asian,16.5
3322,2023-02-25,0 days 17:25:13,125,Spaghetti & Meatballs,Italian,17.95
3322,2023-02-25,0 days 17:25:13,120,Steak Torta,Mexican,13.95
3322,2023-02-25,0 days 17:25:13,122,Chips & Salsa,Mexican,7.0
3323,2023-02-25,0 days 17:45:10,108,Tofu Pad Thai,Asian,14.5
3323,2023-02-25,0 days 17:45:10,112,Salmon Roll,Asian,14.95
3324,2023-02-25,0 days 17:59:30,118,Steak Burrito,Mexican,14.95
3325,2023-02-25,0 days 18:00:51,126,Fettuccine Alfredo,Italian,14.5
3325,2023-02-25,0 days 18:00:51,110,Pork Ramen,Asian,17.95
3326,2023-02-25,0 days 18:15:41,124,Spaghetti,Italian,14.5
3326,2023-02-25,0 days 18:15:41,122,Chips & Salsa,Mexican,7.0
3327,2023-02-25,0 days 18:19:46,125,Spaghetti & Meatballs,Italian,17.95
3328,2023-02-25,0 days 18:44:25,127,Meat Lasagna,Italian,17.95
3328,2023-02-25,0 days 18:44:25,105,Mac & Cheese,American,7.0
3329,2023-02-25,0 days 18:49:43,111,California Roll,Asian,11.95
3329,2023-02-25,0 days 18:49:43,105,Mac & Cheese,American,7.0
3329,2023-02-25,0 days 18:49:43,132,Eggplant Parmesan,Italian,16.95
3330,2023-02-25,0 days 18:58:00,103,Hot Dog,American,9.0
3330,2023-02-25,0 days 18:58:00,125,Spaghetti & Meatballs,Italian,17.95
3330,2023-02-25,0 days 18:58:00,113,Edamame,Asian,5.0
3330,2023-02-25,0 days 18:58:00,121,Cheese Quesadillas,Mexican,10.5
3331,2023-02-25,0 days 19:31:42,121,Cheese Quesadillas,Mexican,10.5
3332,2023-02-25,0 days 19:41:18,120,Steak Torta,Mexican,13.95
3333,2023-02-25,0 days 19:44:04,101,Hamburger,American,12.95
3334,2023-02-25,0 days 19:54:47,125,Spaghetti & Meatballs,Italian,17.95
3334,2023-02-25,0 days 19:54:47,111,California Roll,Asian,11.95
3335,2023-02-25,0 days 20:03:38,102,Cheeseburger,American,13.95
3335,2023-02-25,0 days 20:03:38,120,Steak Torta,Mexican,13.95
3336,2023-02-25,0 days 20:13:37,131,Chicken Parmesan,Italian,17.95
3337,2023-02-25,0 days 20:15:01,103,Hot Dog,American,9.0
3337,2023-02-25,0 days 20:15:01,108,Tofu Pad Thai,Asian,14.5
3337,2023-02-25,0 days 20:15:01,106,French Fries,American,7.0
3337,2023-02-25,0 days 20:15:01,106,French Fries,American,7.0
3338,2023-02-25,0 days 20:16:05,107,Orange Chicken,Asian,16.5
3339,2023-02-25,0 days 20:27:43,104,Veggie Burger,American,10.5
3339,2023-02-25,0 days 20:27:43,119,Chicken Torta,Mexican,11.95
3340,2023-02-25,0 days 20:41:17,129,Mushroom Ravioli,Italian,15.5
3340,2023-02-25,0 days 20:41:17,114,Potstickers,Asian,9.0
3341,2023-02-25,0 days 20:46:02,107,Orange Chicken,Asian,16.5
3342,2023-02-25,0 days 21:08:05,117,Chicken Burrito,Mexican,12.95
3342,2023-02-25,0 days 21:08:05,120,Steak Torta,Mexican,13.95
3342,2023-02-25,0 days 21:08:05,120,Steak Torta,Mexican,13.95
3343,2023-02-25,0 days 21:16:08,105,Mac & Cheese,American,7.0
3344,2023-02-25,0 days 21:26:35,102,Cheeseburger,American,13.95
3344,2023-02-25,0 days 21:26:35,111,California Roll,Asian,11.95
3345,2023-02-25,0 days 21:39:51,111,California Roll,Asian,11.95
3346,2023-02-26,0 days 12:01:09,107,Orange Chicken,Asian,16.5
3346,2023-02-26,0 days 12:01:09,123,Chips & Guacamole,Mexican,9.0
3347,2023-02-26,0 days 12:03:11,129,Mushroom Ravioli,Italian,15.5
3348,2023-02-26,0 days 12:08:52,111,California Roll,Asian,11.95
3348,2023-02-26,0 days 12:08:52,120,Steak Torta,Mexican,13.95
3349,2023-02-26,0 days 12:12:46,107,Orange Chicken,Asian,16.5
3349,2023-02-26,0 days 12:12:46,112,Salmon Roll,Asian,14.95
3349,2023-02-26,0 days 12:12:46,118,Steak Burrito,Mexican,14.95
3350,2023-02-26,0 days 12:16:27,112,Salmon Roll,Asian,14.95
3350,2023-02-26,0 days 12:16:27,113,Edamame,Asian,5.0
3350,2023-02-26,0 days 12:16:27,120,Steak Torta,Mexican,13.95
3351,2023-02-26,0 days 12:18:48,125,Spaghetti & Meatballs,Italian,17.95
3351,2023-02-26,0 days 12:18:48,120,Steak Torta,Mexican,13.95
3353,2023-02-26,0 days 12:39:02,110,Pork Ramen,Asian,17.95
3353,2023-02-26,0 days 12:39:02,131,Chicken Parmesan,Italian,17.95
3353,2023-02-26,0 days 12:39:02,106,French Fries,American,7.0
3354,2023-02-26,0 days 12:58:00,109,Korean Beef Bowl,Asian,17.95
3354,2023-02-26,0 days 12:58:00,129,Mushroom Ravioli,Italian,15.5
3355,2023-02-26,0 days 13:04:26,101,Hamburger,American,12.95
3355,2023-02-26,0 days 13:04:26,109,Korean Beef Bowl,Asian,17.95
3355,2023-02-26,0 days 13:04:26,117,Chicken Burrito,Mexican,12.95
3355,2023-02-26,0 days 13:04:26,129,Mushroom Ravioli,Italian,15.5
3355,2023-02-26,0 days 13:04:26,129,Mushroom Ravioli,Italian,15.5
3355,2023-02-26,0 days 13:04:26,112,Salmon Roll,Asian,14.95
3355,2023-02-26,0 days 13:04:26,113,Edamame,Asian,5.0
3355,2023-02-26,0 days 13:04:26,121,Cheese Quesadillas,Mexican,10.5
3355,2023-02-26,0 days 13:04:26,121,Cheese Quesadillas,Mexican,10.5
3356,2023-02-26,0 days 13:06:30,106,French Fries,American,7.0
3357,2023-02-26,0 days 13:07:13,108,Tofu Pad Thai,Asian,14.5
3357,2023-02-26,0 days 13:07:13,123,Chips & Guacamole,Mexican,9.0
3357,2023-02-26,0 days 13:07:13,106,French Fries,American,7.0
3358,2023-02-26,0 days 13:13:35,106,French Fries,American,7.0
3359,2023-02-26,0 days 13:25:04,127,Meat Lasagna,Italian,17.95
3360,2023-02-26,0 days 13:44:24,107,Orange Chicken,Asian,16.5
3360,2023-02-26,0 days 13:44:24,102,Cheeseburger,American,13.95
3360,2023-02-26,0 days 13:44:24,117,Chicken Burrito,Mexican,12.95
3361,2023-02-26,0 days 13:50:11,127,Meat Lasagna,Italian,17.95
3361,2023-02-26,0 days 13:50:11,130,Shrimp Scampi,Italian,19.95
3362,2023-02-26,0 days 13:50:14,109,Korean Beef Bowl,Asian,17.95
3363,2023-02-26,0 days 13:52:23,101,Hamburger,American,12.95
3363,2023-02-26,0 days 13:52:23,102,Cheeseburger,American,13.95
3363,2023-02-26,0 days 13:52:23,102,Cheeseburger,American,13.95
3363,2023-02-26,0 days 13:52:23,124,Spaghetti,Italian,14.5
3363,2023-02-26,0 days 13:52:23,127,Meat Lasagna,Italian,17.95
3363,2023-02-26,0 days 13:52:23,128,Cheese Lasagna,Italian,15.5
3363,2023-02-26,0 days 13:52:23,111,California Roll,Asian,11.95
3363,2023-02-26,0 days 13:52:23,112,Salmon Roll,Asian,14.95
3363,2023-02-26,0 days 13:52:23,113,Edamame,Asian,5.0
3363,2023-02-26,0 days 13:52:23,119,Chicken Torta,Mexican,11.95
3363,2023-02-26,0 days 13:52:23,123,Chips & Guacamole,Mexican,9.0
3363,2023-02-26,0 days 13:52:23,106,French Fries,American,7.0
3364,2023-02-26,0 days 13:56:18,104,Veggie Burger,American,10.5
3364,2023-02-26,0 days 13:56:18,104,Veggie Burger,American,10.5
3364,2023-02-26,0 days 13:56:18,120,Steak Torta,Mexican,13.95
3364,2023-02-26,0 days 13:56:18,131,Chicken Parmesan,Italian,17.95
3365,2023-02-26,0 days 14:08:46,125,Spaghetti & Meatballs,Italian,17.95
3366,2023-02-26,0 days 14:18:48,111,California Roll,Asian,11.95
3366,2023-02-26,0 days 14:18:48,105,Mac & Cheese,American,7.0
3366,2023-02-26,0 days 14:18:48,132,Eggplant Parmesan,Italian,16.95
3367,2023-02-26,0 days 14:28:31,113,Edamame,Asian,5.0
3368,2023-02-26,0 days 14:48:56,118,Steak Burrito,Mexican,14.95
3369,2023-02-26,0 days 15:22:08,124,Spaghetti,Italian,14.5
3369,2023-02-26,0 days 15:22:08,109,Korean Beef Bowl,Asian,17.95
3369,2023-02-26,0 days 15:22:08,118,Steak Burrito,Mexican,14.95
3370,2023-02-26,0 days 15:39:19,104,Veggie Burger,American,10.5
3370,2023-02-26,0 days 15:39:19,113,Edamame,Asian,5.0
3370,2023-02-26,0 days 15:39:19,131,Chicken Parmesan,Italian,17.95
3371,2023-02-26,0 days 15:58:02,110,Pork Ramen,Asian,17.95
3371,2023-02-26,0 days 15:58:02,129,Mushroom Ravioli,Italian,15.5
3371,2023-02-26,0 days 15:58:02,113,Edamame,Asian,5.0
3371,2023-02-26,0 days 15:58:02,106,French Fries,American,7.0
3372,2023-02-26,0 days 15:58:38,116,Steak Tacos,Mexican,13.95
3372,2023-02-26,0 days 15:58:38,109,Korean Beef Bowl,Asian,17.95
3372,2023-02-26,0 days 15:58:38,110,Pork Ramen,Asian,17.95
3372,2023-02-26,0 days 15:58:38,113,Edamame,Asian,5.0
3373,2023-02-26,0 days 16:01:28,118,Steak Burrito,Mexican,14.95
3373,2023-02-26,0 days 16:01:28,122,Chips & Salsa,Mexican,7.0
3374,2023-02-26,0 days 16:15:25,110,Pork Ramen,Asian,17.95
3374,2023-02-26,0 days 16:15:25,123,Chips & Guacamole,Mexican,9.0
3375,2023-02-26,0 days 16:20:18,114,Potstickers,Asian,9.0
3376,2023-02-26,0 days 16:27:20,104,Veggie Burger,American,10.5
3377,2023-02-26,0 days 16:32:16,108,Tofu Pad Thai,Asian,14.5
3378,2023-02-26,0 days 16:53:26,118,Steak Burrito,Mexican,14.95
3379,2023-02-26,0 days 16:55:17,127,Meat Lasagna,Italian,17.95
3379,2023-02-26,0 days 16:55:17,118,Steak Burrito,Mexican,14.95
3380,2023-02-26,0 days 17:16:51,128,Cheese Lasagna,Italian,15.5
3380,2023-02-26,0 days 17:16:51,121,Cheese Quesadillas,Mexican,10.5
3381,2023-02-26,0 days 17:22:05,108,Tofu Pad Thai,Asian,14.5
3381,2023-02-26,0 days 17:22:05,132,Eggplant Parmesan,Italian,16.95
3382,2023-02-26,0 days 17:24:43,103,Hot Dog,American,9.0
3382,2023-02-26,0 days 17:24:43,111,California Roll,Asian,11.95
3382,2023-02-26,0 days 17:24:43,120,Steak Torta,Mexican,13.95
3383,2023-02-26,0 days 17:31:14,107,Orange Chicken,Asian,16.5
3384,2023-02-26,0 days 17:37:19,109,Korean Beef Bowl,Asian,17.95
3384,2023-02-26,0 days 17:37:19,128,Cheese Lasagna,Italian,15.5
3384,2023-02-26,0 days 17:37:19,131,Chicken Parmesan,Italian,17.95
3384,2023-02-26,0 days 17:37:19,106,French Fries,American,7.0
3385,2023-02-26,0 days 17:45:02,109,Korean Beef Bowl,Asian,17.95
3385,2023-02-26,0 days 17:45:02,119,Chicken Torta,Mexican,11.95
3386,2023-02-26,0 days 17:50:20,102,Cheeseburger,American,13.95
3386,2023-02-26,0 days 17:50:20,131,Chicken Parmesan,Italian,17.95
3387,2023-02-26,0 days 17:51:35,108,Tofu Pad Thai,Asian,14.5
3387,2023-02-26,0 days 17:51:35,120,Steak Torta,Mexican,13.95
3387,2023-02-26,0 days 17:51:35,121,Cheese Quesadillas,Mexican,10.5
3388,2023-02-26,0 days 17:53:56,109,Korean Beef Bowl,Asian,17.95
3388,2023-02-26,0 days 17:53:56,131,Chicken Parmesan,Italian,17.95
3389,2023-02-26,0 days 18:19:17,127,Meat Lasagna,Italian,17.95
3390,2023-02-26,0 days 18:26:17,127,Meat Lasagna,Italian,17.95
3390,2023-02-26,0 days 18:26:17,112,Salmon Roll,Asian,14.95
3391,2023-02-26,0 days 18:37:03,102,Cheeseburger,American,13.95
3391,2023-02-26,0 days 18:37:03,113,Edamame,Asian,5.0
3391,2023-02-26,0 days 18:37:03,118,Steak Burrito,Mexican,14.95
3391,2023-02-26,0 days 18:37:03,120,Steak Torta,Mexican,13.95
3392,2023-02-26,0 days 18:49:00,101,Hamburger,American,12.95
3392,2023-02-26,0 days 18:49:00,125,Spaghetti & Meatballs,Italian,17.95
3392,2023-02-26,0 days 18:49:00,129,Mushroom Ravioli,Italian,15.5
3393,2023-02-26,0 days 18:53:40,105,Mac & Cheese,American,7.0
3394,2023-02-26,0 days 19:03:13,109,Korean Beef Bowl,Asian,17.95
3394,2023-02-26,0 days 19:03:13,119,Chicken Torta,Mexican,11.95
3394,2023-02-26,0 days 19:03:13,132,Eggplant Parmesan,Italian,16.95
3395,2023-02-26,0 days 19:08:46,107,Orange Chicken,Asian,16.5
3395,2023-02-26,0 days 19:08:46,124,Spaghetti,Italian,14.5
3396,2023-02-26,0 days 19:13:12,110,Pork Ramen,Asian,17.95
3397,2023-02-26,0 days 19:25:04,109,Korean Beef Bowl,Asian,17.95
3397,2023-02-26,0 days 19:25:04,119,Chicken Torta,Mexican,11.95
3398,2023-02-26,0 days 19:49:51,102,Cheeseburger,American,13.95
3398,2023-02-26,0 days 19:49:51,103,Hot Dog,American,9.0
3398,2023-02-26,0 days 19:49:51,113,Edamame,Asian,5.0
3398,2023-02-26,0 days 19:49:51,106,French Fries,American,7.0
3399,2023-02-26,0 days 20:22:43,109,Korean Beef Bowl,Asian,17.95
3399,2023-02-26,0 days 20:22:43,128,Cheese Lasagna,Italian,15.5
3399,2023-02-26,0 days 20:22:43,113,Edamame,Asian,5.0
3399,2023-02-26,0 days 20:22:43,114,Potstickers,Asian,9.0
3400,2023-02-26,0 days 22:22:05,104,Veggie Burger,American,10.5
3401,2023-02-27,0 days 11:48:28,107,Orange Chicken,Asian,16.5
3401,2023-02-27,0 days 11:48:28,118,Steak Burrito,Mexican,14.95
3401,2023-02-27,0 days 11:48:28,105,Mac & Cheese,American,7.0
3402,2023-02-27,0 days 11:51:02,116,Steak Tacos,Mexican,13.95
3402,2023-02-27,0 days 11:51:02,108,Tofu Pad Thai,Asian,14.5
3402,2023-02-27,0 days 11:51:02,111,California Roll,Asian,11.95
3403,2023-02-27,0 days 11:57:25,101,Hamburger,American,12.95
3403,2023-02-27,0 days 11:57:25,125,Spaghetti & Meatballs,Italian,17.95
3403,2023-02-27,0 days 11:57:25,118,Steak Burrito,Mexican,14.95
3403,2023-02-27,0 days 11:57:25,118,Steak Burrito,Mexican,14.95
3404,2023-02-27,0 days 12:00:32,122,Chips & Salsa,Mexican,7.0
3404,2023-02-27,0 days 12:00:32,123,Chips & Guacamole,Mexican,9.0
3405,2023-02-27,0 days 12:07:37,118,Steak Burrito,Mexican,14.95
3406,2023-02-27,0 days 12:09:32,102,Cheeseburger,American,13.95
3406,2023-02-27,0 days 12:09:32,126,Fettuccine Alfredo,Italian,14.5
3407,2023-02-27,0 days 12:09:41,119,Chicken Torta,Mexican,11.95
3408,2023-02-27,0 days 12:28:49,102,Cheeseburger,American,13.95
3409,2023-02-27,0 days 12:29:39,103,Hot Dog,American,9.0
3409,2023-02-27,0 days 12:29:39,117,Chicken Burrito,Mexican,12.95
3410,2023-02-27,0 days 12:33:50,112,Salmon Roll,Asian,14.95
3410,2023-02-27,0 days 12:33:50,114,Potstickers,Asian,9.0
3411,2023-02-27,0 days 12:38:54,130,Shrimp Scampi,Italian,19.95
3412,2023-02-27,0 days 12:40:41,101,Hamburger,American,12.95
3412,2023-02-27,0 days 12:40:41,124,Spaghetti,Italian,14.5
3412,2023-02-27,0 days 12:40:41,109,Korean Beef Bowl,Asian,17.95
3412,2023-02-27,0 days 12:40:41,113,Edamame,Asian,5.0
3412,2023-02-27,0 days 12:40:41,118,Steak Burrito,Mexican,14.95
3413,2023-02-27,0 days 12:54:17,104,Veggie Burger,American,10.5
3413,2023-02-27,0 days 12:54:17,108,Tofu Pad Thai,Asian,14.5
3413,2023-02-27,0 days 12:54:17,125,Spaghetti & Meatballs,Italian,17.95
3413,2023-02-27,0 days 12:54:17,118,Steak Burrito,Mexican,14.95
3414,2023-02-27,0 days 12:56:47,112,Salmon Roll,Asian,14.95
3415,2023-02-27,0 days 13:02:11,117,Chicken Burrito,Mexican,12.95
3415,2023-02-27,0 days 13:02:11,128,Cheese Lasagna,Italian,15.5
3415,2023-02-27,0 days 13:02:11,111,California Roll,Asian,11.95
3415,2023-02-27,0 days 13:02:11,130,Shrimp Scampi,Italian,19.95
3416,2023-02-27,0 days 13:02:43,127,Meat Lasagna,Italian,17.95
3417,2023-02-27,0 days 13:05:16,102,Cheeseburger,American,13.95
3417,2023-02-27,0 days 13:05:16,125,Spaghetti & Meatballs,Italian,17.95
3417,2023-02-27,0 days 13:05:16,127,Meat Lasagna,Italian,17.95
3417,2023-02-27,0 days 13:05:16,120,Steak Torta,Mexican,13.95
3417,2023-02-27,0 days 13:05:16,105,Mac & Cheese,American,7.0
3418,2023-02-27,0 days 13:07:39,125,Spaghetti & Meatballs,Italian,17.95
3418,2023-02-27,0 days 13:07:39,109,Korean Beef Bowl,Asian,17.95
3418,2023-02-27,0 days 13:07:39,119,Chicken Torta,Mexican,11.95
3419,2023-02-27,0 days 13:36:13,102,Cheeseburger,American,13.95
3419,2023-02-27,0 days 13:36:13,103,Hot Dog,American,9.0
3419,2023-02-27,0 days 13:36:13,113,Edamame,Asian,5.0
3419,2023-02-27,0 days 13:36:13,120,Steak Torta,Mexican,13.95
3420,2023-02-27,0 days 13:37:23,125,Spaghetti & Meatballs,Italian,17.95
3421,2023-02-27,0 days 13:57:48,120,Steak Torta,Mexican,13.95
3421,2023-02-27,0 days 13:57:48,105,Mac & Cheese,American,7.0
3422,2023-02-27,0 days 14:03:49,113,Edamame,Asian,5.0
3423,2023-02-27,0 days 14:09:03,107,Orange Chicken,Asian,16.5
3423,2023-02-27,0 days 14:09:03,110,Pork Ramen,Asian,17.95
3423,2023-02-27,0 days 14:09:03,127,Meat Lasagna,Italian,17.95
3423,2023-02-27,0 days 14:09:03,112,Salmon Roll,Asian,14.95
3423,2023-02-27,0 days 14:09:03,120,Steak Torta,Mexican,13.95
3423,2023-02-27,0 days 14:09:03,121,Cheese Quesadillas,Mexican,10.5
3423,2023-02-27,0 days 14:09:03,130,Shrimp Scampi,Italian,19.95
3423,2023-02-27,0 days 14:09:03,123,Chips & Guacamole,Mexican,9.0
3424,2023-02-27,0 days 14:14:57,109,Korean Beef Bowl,Asian,17.95
3424,2023-02-27,0 days 14:14:57,117,Chicken Burrito,Mexican,12.95
3424,2023-02-27,0 days 14:14:57,106,French Fries,American,7.0
3424,2023-02-27,0 days 14:14:57,132,Eggplant Parmesan,Italian,16.95
3425,2023-02-27,0 days 14:26:06,110,Pork Ramen,Asian,17.95
3426,2023-02-27,0 days 15:27:21,128,Cheese Lasagna,Italian,15.5
3426,2023-02-27,0 days 15:27:21,122,Chips & Salsa,Mexican,7.0
3427,2023-02-27,0 days 15:54:13,102,Cheeseburger,American,13.95
3427,2023-02-27,0 days 15:54:13,113,Edamame,Asian,5.0
3428,2023-02-27,0 days 16:08:31,124,Spaghetti,Italian,14.5
3428,2023-02-27,0 days 16:08:31,106,French Fries,American,7.0
3429,2023-02-27,0 days 16:13:37,130,Shrimp Scampi,Italian,19.95
3429,2023-02-27,0 days 16:13:37,123,Chips & Guacamole,Mexican,9.0
3430,2023-02-27,0 days 16:25:27,128,Cheese Lasagna,Italian,15.5
3430,2023-02-27,0 days 16:25:27,113,Edamame,Asian,5.0
3430,2023-02-27,0 days 16:25:27,132,Eggplant Parmesan,Italian,16.95
3431,2023-02-27,0 days 16:27:45,102,Cheeseburger,American,13.95
3431,2023-02-27,0 days 16:27:45,112,Salmon Roll,Asian,14.95
3431,2023-02-27,0 days 16:27:45,113,Edamame,Asian,5.0
3432,2023-02-27,0 days 16:35:16,126,Fettuccine Alfredo,Italian,14.5
3432,2023-02-27,0 days 16:35:16,113,Edamame,Asian,5.0
3432,2023-02-27,0 days 16:35:16,122,Chips & Salsa,Mexican,7.0
3433,2023-02-27,0 days 16:37:35,125,Spaghetti & Meatballs,Italian,17.95
3433,2023-02-27,0 days 16:37:35,132,Eggplant Parmesan,Italian,16.95
3434,2023-02-27,0 days 16:45:33,108,Tofu Pad Thai,Asian,14.5
3434,2023-02-27,0 days 16:45:33,113,Edamame,Asian,5.0
3435,2023-02-27,0 days 16:55:04,122,Chips & Salsa,Mexican,7.0
3436,2023-02-27,0 days 17:09:56,111,California Roll,Asian,11.95
3436,2023-02-27,0 days 17:09:56,105,Mac & Cheese,American,7.0
3436,2023-02-27,0 days 17:09:56,131,Chicken Parmesan,Italian,17.95
3436,2023-02-27,0 days 17:09:56,131,Chicken Parmesan,Italian,17.95
3437,2023-02-27,0 days 17:15:48,112,Salmon Roll,Asian,14.95
3437,2023-02-27,0 days 17:15:48,105,Mac & Cheese,American,7.0
3438,2023-02-27,0 days 17:18:29,128,Cheese Lasagna,Italian,15.5
3439,2023-02-27,0 days 17:19:07,127,Meat Lasagna,Italian,17.95
3440,2023-02-27,0 days 17:38:36,103,Hot Dog,American,9.0
3440,2023-02-27,0 days 17:38:36,117,Chicken Burrito,Mexican,12.95
3440,2023-02-27,0 days 17:38:36,119,Chicken Torta,Mexican,11.95
3440,2023-02-27,0 days 17:38:36,120,Steak Torta,Mexican,13.95
3441,2023-02-27,0 days 17:38:46,108,Tofu Pad Thai,Asian,14.5
3442,2023-02-27,0 days 17:48:37,118,Steak Burrito,Mexican,14.95
3442,2023-02-27,0 days 17:48:37,105,Mac & Cheese,American,7.0
3443,2023-02-27,0 days 17:50:49,107,Orange Chicken,Asian,16.5
3443,2023-02-27,0 days 17:50:49,113,Edamame,Asian,5.0
3443,2023-02-27,0 days 17:50:49,120,Steak Torta,Mexican,13.95
3444,2023-02-27,0 days 17:57:03,101,Hamburger,American,12.95
3444,2023-02-27,0 days 17:57:03,102,Cheeseburger,American,13.95
3444,2023-02-27,0 days 17:57:03,121,Cheese Quesadillas,Mexican,10.5
3445,2023-02-27,0 days 18:08:58,107,Orange Chicken,Asian,16.5
3445,2023-02-27,0 days 18:08:58,128,Cheese Lasagna,Italian,15.5
3445,2023-02-27,0 days 18:08:58,114,Potstickers,Asian,9.0
3446,2023-02-27,0 days 18:09:37,123,Chips & Guacamole,Mexican,9.0
3446,2023-02-27,0 days 18:09:37,132,Eggplant Parmesan,Italian,16.95
3447,2023-02-27,0 days 18:14:22,109,Korean Beef Bowl,Asian,17.95
3447,2023-02-27,0 days 18:14:22,113,Edamame,Asian,5.0
3447,2023-02-27,0 days 18:14:22,122,Chips & Salsa,Mexican,7.0
3447,2023-02-27,0 days 18:14:22,106,French Fries,American,7.0
3448,2023-02-27,0 days 18:30:33,107,Orange Chicken,Asian,16.5
3448,2023-02-27,0 days 18:30:33,128,Cheese Lasagna,Italian,15.5
3448,2023-02-27,0 days 18:30:33,119,Chicken Torta,Mexican,11.95
3448,2023-02-27,0 days 18:30:33,106,French Fries,American,7.0
3449,2023-02-27,0 days 18:43:12,111,California Roll,Asian,11.95
3449,2023-02-27,0 days 18:43:12,113,Edamame,Asian,5.0
3449,2023-02-27,0 days 18:43:12,118,Steak Burrito,Mexican,14.95
3450,2023-02-27,0 days 18:45:28,101,Hamburger,American,12.95
3450,2023-02-27,0 days 18:45:28,102,Cheeseburger,American,13.95
3450,2023-02-27,0 days 18:45:28,120,Steak Torta,Mexican,13.95
3451,2023-02-27,0 days 18:46:17,108,Tofu Pad Thai,Asian,14.5
3451,2023-02-27,0 days 18:46:17,113,Edamame,Asian,5.0
3452,2023-02-27,0 days 18:47:21,108,Tofu Pad Thai,Asian,14.5
3452,2023-02-27,0 days 18:47:21,110,Pork Ramen,Asian,17.95
3452,2023-02-27,0 days 18:47:21,106,French Fries,American,7.0
3453,2023-02-27,0 days 18:48:01,106,French Fries,American,7.0
3454,2023-02-27,0 days 18:57:55,107,Orange Chicken,Asian,16.5
3454,2023-02-27,0 days 18:57:55,116,Steak Tacos,Mexican,13.95
3454,2023-02-27,0 days 18:57:55,125,Spaghetti & Meatballs,Italian,17.95
3454,2023-02-27,0 days 18:57:55,122,Chips & Salsa,Mexican,7.0
3455,2023-02-27,0 days 19:06:41,101,Hamburger,American,12.95
3455,2023-02-27,0 days 19:06:41,126,Fettuccine Alfredo,Italian,14.5
3455,2023-02-27,0 days 19:06:41,113,Edamame,Asian,5.0
3456,2023-02-27,0 days 19:09:27,101,Hamburger,American,12.95
3456,2023-02-27,0 days 19:09:27,105,Mac & Cheese,American,7.0
3457,2023-02-27,0 days 19:09:52,126,Fettuccine Alfredo,Italian,14.5
3457,2023-02-27,0 days 19:09:52,118,Steak Burrito,Mexican,14.95
3458,2023-02-27,0 days 19:11:01,126,Fettuccine Alfredo,Italian,14.5
3458,2023-02-27,0 days 19:11:01,118,Steak Burrito,Mexican,14.95
3459,2023-02-27,0 days 19:11:44,102,Cheeseburger,American,13.95
3459,2023-02-27,0 days 19:11:44,110,Pork Ramen,Asian,17.95
3460,2023-02-27,0 days 19:14:07,101,Hamburger,American,12.95
3460,2023-02-27,0 days 19:14:07,102,Cheeseburger,American,13.95
3460,2023-02-27,0 days 19:14:07,112,Salmon Roll,Asian,14.95
3461,2023-02-27,0 days 19:44:21,110,Pork Ramen,Asian,17.95
3461,2023-02-27,0 days 19:44:21,111,California Roll,Asian,11.95
3462,2023-02-27,0 days 19:55:23,116,Steak Tacos,Mexican,13.95
3462,2023-02-27,0 days 19:55:23,114,Potstickers,Asian,9.0
3463,2023-02-27,0 days 20:11:00,126,Fettuccine Alfredo,Italian,14.5
3463,2023-02-27,0 days 20:11:00,122,Chips & Salsa,Mexican,7.0
3464,2023-02-27,0 days 20:15:36,102,Cheeseburger,American,13.95
3464,2023-02-27,0 days 20:15:36,125,Spaghetti & Meatballs,Italian,17.95
3464,2023-02-27,0 days 20:15:36,123,Chips & Guacamole,Mexican,9.0
3465,2023-02-27,0 days 20:23:35,109,Korean Beef Bowl,Asian,17.95
3466,2023-02-27,0 days 20:35:42,118,Steak Burrito,Mexican,14.95
3467,2023-02-27,0 days 21:22:02,128,Cheese Lasagna,Italian,15.5
3467,2023-02-27,0 days 21:22:02,123,Chips & Guacamole,Mexican,9.0
3467,2023-02-27,0 days 21:22:02,132,Eggplant Parmesan,Italian,16.95
3468,2023-02-27,0 days 21:38:02,106,French Fries,American,7.0
3469,2023-02-27,0 days 21:39:53,119,Chicken Torta,Mexican,11.95
3470,2023-02-27,0 days 21:53:24,125,Spaghetti & Meatballs,Italian,17.95
3470,2023-02-27,0 days 21:53:24,130,Shrimp Scampi,Italian,19.95
3471,2023-02-27,0 days 22:03:03,122,Chips & Salsa,Mexican,7.0
3472,2023-02-28,0 days 11:34:54,123,Chips & Guacamole,Mexican,9.0
3473,2023-02-28,0 days 11:49:43,101,Hamburger,American,12.95
3473,2023-02-28,0 days 11:49:43,116,Steak Tacos,Mexican,13.95
3473,2023-02-28,0 days 11:49:43,102,Cheeseburger,American,13.95
3473,2023-02-28,0 days 11:49:43,104,Veggie Burger,American,10.5
3473,2023-02-28,0 days 11:49:43,125,Spaghetti & Meatballs,Italian,17.95
3473,2023-02-28,0 days 11:49:43,126,Fettuccine Alfredo,Italian,14.5
3473,2023-02-28,0 days 11:49:43,109,Korean Beef Bowl,Asian,17.95
3473,2023-02-28,0 days 11:49:43,117,Chicken Burrito,Mexican,12.95
3473,2023-02-28,0 days 11:49:43,112,Salmon Roll,Asian,14.95
3473,2023-02-28,0 days 11:49:43,118,Steak Burrito,Mexican,14.95
3473,2023-02-28,0 days 11:49:43,105,Mac & Cheese,American,7.0
3473,2023-02-28,0 days 11:49:43,122,Chips & Salsa,Mexican,7.0
3473,2023-02-28,0 days 11:49:43,122,Chips & Salsa,Mexican,7.0
3473,2023-02-28,0 days 11:49:43,132,Eggplant Parmesan,Italian,16.95
3474,2023-02-28,0 days 11:50:01,107,Orange Chicken,Asian,16.5
3474,2023-02-28,0 days 11:50:01,130,Shrimp Scampi,Italian,19.95
3475,2023-02-28,0 days 12:02:32,105,Mac & Cheese,American,7.0
3476,2023-02-28,0 days 12:08:55,125,Spaghetti & Meatballs,Italian,17.95
3476,2023-02-28,0 days 12:08:55,126,Fettuccine Alfredo,Italian,14.5
3476,2023-02-28,0 days 12:08:55,111,California Roll,Asian,11.95
3476,2023-02-28,0 days 12:08:55,112,Salmon Roll,Asian,14.95
3476,2023-02-28,0 days 12:08:55,119,Chicken Torta,Mexican,11.95
3476,2023-02-28,0 days 12:08:55,120,Steak Torta,Mexican,13.95
3476,2023-02-28,0 days 12:08:55,123,Chips & Guacamole,Mexican,9.0
3477,2023-02-28,0 days 12:29:20,120,Steak Torta,Mexican,13.95
3478,2023-02-28,0 days 12:34:26,129,Mushroom Ravioli,Italian,15.5
3479,2023-02-28,0 days 12:36:18,124,Spaghetti,Italian,14.5
3481,2023-02-28,0 days 12:48:17,121,Cheese Quesadillas,Mexican,10.5
3482,2023-02-28,0 days 13:05:32,101,Hamburger,American,12.95
3482,2023-02-28,0 days 13:05:32,107,Orange Chicken,Asian,16.5
3482,2023-02-28,0 days 13:05:32,105,Mac & Cheese,American,7.0
3483,2023-02-28,0 days 13:09:50,124,Spaghetti,Italian,14.5
3483,2023-02-28,0 days 13:09:50,105,Mac & Cheese,American,7.0
3483,2023-02-28,0 days 13:09:50,106,French Fries,American,7.0
3484,2023-02-28,0 days 13:57:51,108,Tofu Pad Thai,Asian,14.5
3484,2023-02-28,0 days 13:57:51,111,California Roll,Asian,11.95
3485,2023-02-28,0 days 14:02:50,122,Chips & Salsa,Mexican,7.0
3486,2023-02-28,0 days 14:10:13,126,Fettuccine Alfredo,Italian,14.5
3487,2023-02-28,0 days 14:20:54,115,Chicken Tacos,Mexican,11.95
3488,2023-02-28,0 days 14:52:00,124,Spaghetti,Italian,14.5
3488,2023-02-28,0 days 14:52:00,117,Chicken Burrito,Mexican,12.95
3489,2023-02-28,0 days 15:08:43,101,Hamburger,American,12.95
3490,2023-02-28,0 days 15:26:21,101,Hamburger,American,12.95
3490,2023-02-28,0 days 15:26:21,112,Salmon Roll,Asian,14.95
3490,2023-02-28,0 days 15:26:21,131,Chicken Parmesan,Italian,17.95
3491,2023-02-28,0 days 15:44:50,112,Salmon Roll,Asian,14.95
3492,2023-02-28,0 days 16:01:29,128,Cheese Lasagna,Italian,15.5
3492,2023-02-28,0 days 16:01:29,105,Mac & Cheese,American,7.0
3493,2023-02-28,0 days 16:30:08,103,Hot Dog,American,9.0
3493,2023-02-28,0 days 16:30:08,124,Spaghetti,Italian,14.5
3493,2023-02-28,0 days 16:30:08,112,Salmon Roll,Asian,14.95
3493,2023-02-28,0 days 16:30:08,118,Steak Burrito,Mexican,14.95
3494,2023-02-28,0 days 16:34:35,126,Fettuccine Alfredo,Italian,14.5
3494,2023-02-28,0 days 16:34:35,109,Korean Beef Bowl,Asian,17.95
3494,2023-02-28,0 days 16:34:35,122,Chips & Salsa,Mexican,7.0
3495,2023-02-28,0 days 16:55:06,125,Spaghetti & Meatballs,Italian,17.95
3495,2023-02-28,0 days 16:55:06,131,Chicken Parmesan,Italian,17.95
3496,2023-02-28,0 days 17:01:57,107,Orange Chicken,Asian,16.5
3496,2023-02-28,0 days 17:01:57,124,Spaghetti,Italian,14.5
3496,2023-02-28,0 days 17:01:57,109,Korean Beef Bowl,Asian,17.95
3497,2023-02-28,0 days 17:19:30,128,Cheese Lasagna,Italian,15.5
3497,2023-02-28,0 days 17:19:30,122,Chips & Salsa,Mexican,7.0
3497,2023-02-28,0 days 17:19:30,123,Chips & Guacamole,Mexican,9.0
3498,2023-02-28,0 days 17:19:47,132,Eggplant Parmesan,Italian,16.95
3499,2023-02-28,0 days 17:28:45,109,Korean Beef Bowl,Asian,17.95
3499,2023-02-28,0 days 17:28:45,128,Cheese Lasagna,Italian,15.5
3499,2023-02-28,0 days 17:28:45,111,California Roll,Asian,11.95
3500,2023-02-28,0 days 17:41:37,101,Hamburger,American,12.95
3500,2023-02-28,0 days 17:41:37,110,Pork Ramen,Asian,17.95
3500,2023-02-28,0 days 17:41:37,123,Chips & Guacamole,Mexican,9.0
3501,2023-02-28,0 days 17:45:11,125,Spaghetti & Meatballs,Italian,17.95
3501,2023-02-28,0 days 17:45:11,119,Chicken Torta,Mexican,11.95
3501,2023-02-28,0 days 17:45:11,122,Chips & Salsa,Mexican,7.0
3502,2023-02-28,0 days 18:02:19,103,Hot Dog,American,9.0
3502,2023-02-28,0 days 18:02:19,127,Meat Lasagna,Italian,17.95
3502,2023-02-28,0 days 18:02:19,105,Mac & Cheese,American,7.0
3502,2023-02-28,0 days 18:02:19,132,Eggplant Parmesan,Italian,16.95
3503,2023-02-28,0 days 18:15:31,125,Spaghetti & Meatballs,Italian,17.95
3503,2023-02-28,0 days 18:15:31,109,Korean Beef Bowl,Asian,17.95
3503,2023-02-28,0 days 18:15:31,112,Salmon Roll,Asian,14.95
3504,2023-02-28,0 days 18:16:10,107,Orange Chicken,Asian,16.5
3504,2023-02-28,0 days 18:16:10,121,Cheese Quesadillas,Mexican,10.5
3505,2023-02-28,0 days 18:35:20,101,Hamburger,American,12.95
3505,2023-02-28,0 days 18:35:20,107,Orange Chicken,Asian,16.5
3505,2023-02-28,0 days 18:35:20,113,Edamame,Asian,5.0
3506,2023-02-28,0 days 18:39:46,120,Steak Torta,Mexican,13.95
3506,2023-02-28,0 days 18:39:46,106,French Fries,American,7.0
3507,2023-02-28,0 days 18:47:24,121,Cheese Quesadillas,Mexican,10.5
3507,2023-02-28,0 days 18:47:24,123,Chips & Guacamole,Mexican,9.0
3508,2023-02-28,0 days 18:58:46,101,Hamburger,American,12.95
3508,2023-02-28,0 days 18:58:46,102,Cheeseburger,American,13.95
3508,2023-02-28,0 days 18:58:46,117,Chicken Burrito,Mexican,12.95
3509,2023-02-28,0 days 19:05:49,125,Spaghetti & Meatballs,Italian,17.95
3509,2023-02-28,0 days 19:05:49,126,Fettuccine Alfredo,Italian,14.5
3509,2023-02-28,0 days 19:05:49,109,Korean Beef Bowl,Asian,17.95
3510,2023-02-28,0 days 19:21:12,102,Cheeseburger,American,13.95
3510,2023-02-28,0 days 19:21:12,102,Cheeseburger,American,13.95
3510,2023-02-28,0 days 19:21:12,128,Cheese Lasagna,Italian,15.5
3510,2023-02-28,0 days 19:21:12,120,Steak Torta,Mexican,13.95
3511,2023-02-28,0 days 19:23:54,116,Steak Tacos,Mexican,13.95
3511,2023-02-28,0 days 19:23:54,128,Cheese Lasagna,Italian,15.5
3511,2023-02-28,0 days 19:23:54,113,Edamame,Asian,5.0
3511,2023-02-28,0 days 19:23:54,114,Potstickers,Asian,9.0
3512,2023-02-28,0 days 19:39:15,101,Hamburger,American,12.95
3512,2023-02-28,0 days 19:39:15,102,Cheeseburger,American,13.95
3512,2023-02-28,0 days 19:39:15,117,Chicken Burrito,Mexican,12.95
3512,2023-02-28,0 days 19:39:15,122,Chips & Salsa,Mexican,7.0
3513,2023-02-28,0 days 19:44:10,126,Fettuccine Alfredo,Italian,14.5
3514,2023-02-28,0 days 19:59:10,104,Veggie Burger,American,10.5
3514,2023-02-28,0 days 19:59:10,128,Cheese Lasagna,Italian,15.5
3515,2023-02-28,0 days 20:00:18,128,Cheese Lasagna,Italian,15.5
3516,2023-02-28,0 days 20:05:17,109,Korean Beef Bowl,Asian,17.95
3516,2023-02-28,0 days 20:05:17,122,Chips & Salsa,Mexican,7.0
3516,2023-02-28,0 days 20:05:17,106,French Fries,American,7.0
3516,2023-02-28,0 days 20:05:17,132,Eggplant Parmesan,Italian,16.95
3517,2023-02-28,0 days 20:06:50,110,Pork Ramen,Asian,17.95
3517,2023-02-28,0 days 20:06:50,122,Chips & Salsa,Mexican,7.0
3518,2023-02-28,0 days 20:40:24,107,Orange Chicken,Asian,16.5
3518,2023-02-28,0 days 20:40:24,102,Cheeseburger,American,13.95
3519,2023-02-28,0 days 20:42:48,124,Spaghetti,Italian,14.5
3519,2023-02-28,0 days 20:42:48,125,Spaghetti & Meatballs,Italian,17.95
3520,2023-02-28,0 days 20:47:42,129,Mushroom Ravioli,Italian,15.5
3520,2023-02-28,0 days 20:47:42,132,Eggplant Parmesan,Italian,16.95
3521,2023-02-28,0 days 20:51:13,113,Edamame,Asian,5.0
3521,2023-02-28,0 days 20:51:13,123,Chips & Guacamole,Mexican,9.0
3522,2023-02-28,0 days 21:03:34,104,Veggie Burger,American,10.5
3522,2023-02-28,0 days 21:03:34,126,Fettuccine Alfredo,Italian,14.5
3522,2023-02-28,0 days 21:03:34,109,Korean Beef Bowl,Asian,17.95
3522,2023-02-28,0 days 21:03:34,131,Chicken Parmesan,Italian,17.95
3523,2023-02-28,0 days 21:06:54,129,Mushroom Ravioli,Italian,15.5
3524,2023-02-28,0 days 21:14:22,108,Tofu Pad Thai,Asian,14.5
3524,2023-02-28,0 days 21:14:22,129,Mushroom Ravioli,Italian,15.5
3524,2023-02-28,0 days 21:14:22,132,Eggplant Parmesan,Italian,16.95
3525,2023-02-28,0 days 21:21:02,102,Cheeseburger,American,13.95
3525,2023-02-28,0 days 21:21:02,104,Veggie Burger,American,10.5
3525,2023-02-28,0 days 21:21:02,131,Chicken Parmesan,Italian,17.95
3526,2023-02-28,0 days 21:28:39,109,Korean Beef Bowl,Asian,17.95
3527,2023-02-28,0 days 21:30:14,108,Tofu Pad Thai,Asian,14.5
3527,2023-02-28,0 days 21:30:14,112,Salmon Roll,Asian,14.95
3528,2023-02-28,0 days 21:39:40,107,Orange Chicken,Asian,16.5
3528,2023-02-28,0 days 21:39:40,117,Chicken Burrito,Mexican,12.95
3528,2023-02-28,0 days 21:39:40,111,California Roll,Asian,11.95
3528,2023-02-28,0 days 21:39:40,120,Steak Torta,Mexican,13.95
3529,2023-02-28,0 days 21:52:13,110,Pork Ramen,Asian,17.95
3529,2023-02-28,0 days 21:52:13,118,Steak Burrito,Mexican,14.95
3530,2023-02-28,0 days 23:05:17,108,Tofu Pad Thai,Asian,14.5
3530,2023-02-28,0 days 23:05:17,126,Fettuccine Alfredo,Italian,14.5
3530,2023-02-28,0 days 23:05:17,132,Eggplant Parmesan,Italian,16.95
3531,2023-03-01,0 days 11:34:00,113,Edamame,Asian,5.0
3532,2023-03-01,0 days 11:49:27,105,Mac & Cheese,American,7.0
3533,2023-03-01,0 days 12:08:01,125,Spaghetti & Meatballs,Italian,17.95
3533,2023-03-01,0 days 12:08:01,117,Chicken Burrito,Mexican,12.95
3533,2023-03-01,0 days 12:08:01,132,Eggplant Parmesan,Italian,16.95
3534,2023-03-01,0 days 12:33:49,101,Hamburger,American,12.95
3534,2023-03-01,0 days 12:33:49,102,Cheeseburger,American,13.95
3535,2023-03-01,0 days 12:47:14,126,Fettuccine Alfredo,Italian,14.5
3535,2023-03-01,0 days 12:47:14,132,Eggplant Parmesan,Italian,16.95
3536,2023-03-01,0 days 12:51:19,128,Cheese Lasagna,Italian,15.5
3537,2023-03-01,0 days 12:52:52,102,Cheeseburger,American,13.95
3537,2023-03-01,0 days 12:52:52,109,Korean Beef Bowl,Asian,17.95
3537,2023-03-01,0 days 12:52:52,120,Steak Torta,Mexican,13.95
3537,2023-03-01,0 days 12:52:52,105,Mac & Cheese,American,7.0
3538,2023-03-01,0 days 13:25:47,109,Korean Beef Bowl,Asian,17.95
3538,2023-03-01,0 days 13:25:47,112,Salmon Roll,Asian,14.95
3538,2023-03-01,0 days 13:25:47,131,Chicken Parmesan,Italian,17.95
3538,2023-03-01,0 days 13:25:47,132,Eggplant Parmesan,Italian,16.95
3539,2023-03-01,0 days 14:08:51,116,Steak Tacos,Mexican,13.95
3539,2023-03-01,0 days 14:08:51,102,Cheeseburger,American,13.95
3539,2023-03-01,0 days 14:08:51,108,Tofu Pad Thai,Asian,14.5
3539,2023-03-01,0 days 14:08:51,131,Chicken Parmesan,Italian,17.95
3539,2023-03-01,0 days 14:08:51,131,Chicken Parmesan,Italian,17.95
3540,2023-03-01,0 days 14:20:57,113,Edamame,Asian,5.0
3541,2023-03-01,0 days 14:39:01,132,Eggplant Parmesan,Italian,16.95
3542,2023-03-01,0 days 14:40:22,126,Fettuccine Alfredo,Italian,14.5
3543,2023-03-01,0 days 14:41:33,124,Spaghetti,Italian,14.5
3544,2023-03-01,0 days 14:56:46,124,Spaghetti,Italian,14.5
3544,2023-03-01,0 days 14:56:46,126,Fettuccine Alfredo,Italian,14.5
3545,2023-03-01,0 days 15:10:04,130,Shrimp Scampi,Italian,19.95
3545,2023-03-01,0 days 15:10:04,131,Chicken Parmesan,Italian,17.95
3546,2023-03-01,0 days 15:20:14,109,Korean Beef Bowl,Asian,17.95
3546,2023-03-01,0 days 15:20:14,105,Mac & Cheese,American,7.0
3546,2023-03-01,0 days 15:20:14,106,French Fries,American,7.0
3546,2023-03-01,0 days 15:20:14,132,Eggplant Parmesan,Italian,16.95
3547,2023-03-01,0 days 15:47:40,107,Orange Chicken,Asian,16.5
3547,2023-03-01,0 days 15:47:40,105,Mac & Cheese,American,7.0
3548,2023-03-01,0 days 15:57:50,108,Tofu Pad Thai,Asian,14.5
3548,2023-03-01,0 days 15:57:50,117,Chicken Burrito,Mexican,12.95
3549,2023-03-01,0 days 16:58:16,125,Spaghetti & Meatballs,Italian,17.95
3549,2023-03-01,0 days 16:58:16,119,Chicken Torta,Mexican,11.95
3550,2023-03-01,0 days 17:04:49,110,Pork Ramen,Asian,17.95
3550,2023-03-01,0 days 17:04:49,122,Chips & Salsa,Mexican,7.0
3551,2023-03-01,0 days 17:04:51,107,Orange Chicken,Asian,16.5
3552,2023-03-01,0 days 17:06:58,125,Spaghetti & Meatballs,Italian,17.95
3552,2023-03-01,0 days 17:06:58,113,Edamame,Asian,5.0
3552,2023-03-01,0 days 17:06:58,118,Steak Burrito,Mexican,14.95
3553,2023-03-01,0 days 17:29:42,124,Spaghetti,Italian,14.5
3553,2023-03-01,0 days 17:29:42,111,California Roll,Asian,11.95
3554,2023-03-01,0 days 17:42:36,122,Chips & Salsa,Mexican,7.0
3555,2023-03-01,0 days 17:48:53,104,Veggie Burger,American,10.5
3555,2023-03-01,0 days 17:48:53,124,Spaghetti,Italian,14.5
3555,2023-03-01,0 days 17:48:53,109,Korean Beef Bowl,Asian,17.95
3555,2023-03-01,0 days 17:48:53,130,Shrimp Scampi,Italian,19.95
3556,2023-03-01,0 days 17:52:21,101,Hamburger,American,12.95
3556,2023-03-01,0 days 17:52:21,110,Pork Ramen,Asian,17.95
3557,2023-03-01,0 days 18:07:12,122,Chips & Salsa,Mexican,7.0
3558,2023-03-01,0 days 18:08:01,105,Mac & Cheese,American,7.0
3558,2023-03-01,0 days 18:08:01,114,Potstickers,Asian,9.0
3559,2023-03-01,0 days 18:17:40,125,Spaghetti & Meatballs,Italian,17.95
3559,2023-03-01,0 days 18:17:40,129,Mushroom Ravioli,Italian,15.5
3559,2023-03-01,0 days 18:17:40,105,Mac & Cheese,American,7.0
3559,2023-03-01,0 days 18:17:40,130,Shrimp Scampi,Italian,19.95
3560,2023-03-01,0 days 18:19:41,110,Pork Ramen,Asian,17.95
3560,2023-03-01,0 days 18:19:41,128,Cheese Lasagna,Italian,15.5
3561,2023-03-01,0 days 18:36:33,113,Edamame,Asian,5.0
3561,2023-03-01,0 days 18:36:33,118,Steak Burrito,Mexican,14.95
3562,2023-03-01,0 days 18:41:16,127,Meat Lasagna,Italian,17.95
3562,2023-03-01,0 days 18:41:16,105,Mac & Cheese,American,7.0
3563,2023-03-01,0 days 18:44:52,117,Chicken Burrito,Mexican,12.95
3564,2023-03-01,0 days 18:56:36,120,Steak Torta,Mexican,13.95
3564,2023-03-01,0 days 18:56:36,122,Chips & Salsa,Mexican,7.0
3565,2023-03-01,0 days 19:01:34,131,Chicken Parmesan,Italian,17.95
3566,2023-03-01,0 days 19:14:27,102,Cheeseburger,American,13.95
3566,2023-03-01,0 days 19:14:27,109,Korean Beef Bowl,Asian,17.95
3567,2023-03-01,0 days 19:20:28,128,Cheese Lasagna,Italian,15.5
3568,2023-03-01,0 days 19:27:23,118,Steak Burrito,Mexican,14.95
3568,2023-03-01,0 days 19:27:23,114,Potstickers,Asian,9.0
3569,2023-03-01,0 days 19:39:29,108,Tofu Pad Thai,Asian,14.5
3570,2023-03-01,0 days 19:43:37,113,Edamame,Asian,5.0
3570,2023-03-01,0 days 19:43:37,106,French Fries,American,7.0
3571,2023-03-01,0 days 19:56:35,112,Salmon Roll,Asian,14.95
3571,2023-03-01,0 days 19:56:35,113,Edamame,Asian,5.0
3572,2023-03-01,0 days 20:06:37,117,Chicken Burrito,Mexican,12.95
3573,2023-03-01,0 days 20:07:52,102,Cheeseburger,American,13.95
3573,2023-03-01,0 days 20:07:52,113,Edamame,Asian,5.0
3573,2023-03-01,0 days 20:07:52,105,Mac & Cheese,American,7.0
3574,2023-03-01,0 days 20:49:00,115,Chicken Tacos,Mexican,11.95
3574,2023-03-01,0 days 20:49:00,109,Korean Beef Bowl,Asian,17.95
3574,2023-03-01,0 days 20:49:00,106,French Fries,American,7.0
3575,2023-03-01,0 days 21:10:58,132,Eggplant Parmesan,Italian,16.95
3576,2023-03-01,0 days 22:00:46,124,Spaghetti,Italian,14.5
3576,2023-03-01,0 days 22:00:46,113,Edamame,Asian,5.0
3576,2023-03-01,0 days 22:00:46,106,French Fries,American,7.0
3577,2023-03-01,0 days 22:08:42,105,Mac & Cheese,American,7.0
3578,2023-03-01,0 days 22:23:48,102,Cheeseburger,American,13.95
3579,2023-03-01,0 days 22:59:18,107,Orange Chicken,Asian,16.5
3579,2023-03-01,0 days 22:59:18,108,Tofu Pad Thai,Asian,14.5
3580,2023-03-02,0 days 11:49:24,112,Salmon Roll,Asian,14.95
3581,2023-03-02,0 days 11:52:25,103,Hot Dog,American,9.0
3582,2023-03-02,0 days 11:55:07,119,Chicken Torta,Mexican,11.95
3582,2023-03-02,0 days 11:55:07,122,Chips & Salsa,Mexican,7.0
3583,2023-03-02,0 days 12:07:16,101,Hamburger,American,12.95
3583,2023-03-02,0 days 12:07:16,116,Steak Tacos,Mexican,13.95
3583,2023-03-02,0 days 12:07:16,102,Cheeseburger,American,13.95
3583,2023-03-02,0 days 12:07:16,124,Spaghetti,Italian,14.5
3583,2023-03-02,0 days 12:07:16,125,Spaghetti & Meatballs,Italian,17.95
3583,2023-03-02,0 days 12:07:16,110,Pork Ramen,Asian,17.95
3583,2023-03-02,0 days 12:07:16,129,Mushroom Ravioli,Italian,15.5
3583,2023-03-02,0 days 12:07:16,120,Steak Torta,Mexican,13.95
3583,2023-03-02,0 days 12:07:16,105,Mac & Cheese,American,7.0
3583,2023-03-02,0 days 12:07:16,122,Chips & Salsa,Mexican,7.0
3583,2023-03-02,0 days 12:07:16,122,Chips & Salsa,Mexican,7.0
3583,2023-03-02,0 days 12:07:16,130,Shrimp Scampi,Italian,19.95
3583,2023-03-02,0 days 12:07:16,131,Chicken Parmesan,Italian,17.95
3584,2023-03-02,0 days 12:30:47,103,Hot Dog,American,9.0
3584,2023-03-02,0 days 12:30:47,124,Spaghetti,Italian,14.5
3584,2023-03-02,0 days 12:30:47,106,French Fries,American,7.0
3585,2023-03-02,0 days 12:33:30,111,California Roll,Asian,11.95
3586,2023-03-02,0 days 12:34:55,101,Hamburger,American,12.95
3587,2023-03-02,0 days 12:39:13,117,Chicken Burrito,Mexican,12.95
3587,2023-03-02,0 days 12:39:13,112,Salmon Roll,Asian,14.95
3587,2023-03-02,0 days 12:39:13,131,Chicken Parmesan,Italian,17.95
3588,2023-03-02,0 days 12:42:52,118,Steak Burrito,Mexican,14.95
3589,2023-03-02,0 days 12:46:49,101,Hamburger,American,12.95
3589,2023-03-02,0 days 12:46:49,102,Cheeseburger,American,13.95
3589,2023-03-02,0 days 12:46:49,104,Veggie Burger,American,10.5
3589,2023-03-02,0 days 12:46:49,109,Korean Beef Bowl,Asian,17.95
3589,2023-03-02,0 days 12:46:49,128,Cheese Lasagna,Italian,15.5
3589,2023-03-02,0 days 12:46:49,111,California Roll,Asian,11.95
3589,2023-03-02,0 days 12:46:49,132,Eggplant Parmesan,Italian,16.95
3589,2023-03-02,0 days 12:46:49,132,Eggplant Parmesan,Italian,16.95
3590,2023-03-02,0 days 12:50:05,109,Korean Beef Bowl,Asian,17.95
3590,2023-03-02,0 days 12:50:05,127,Meat Lasagna,Italian,17.95
3590,2023-03-02,0 days 12:50:05,122,Chips & Salsa,Mexican,7.0
3590,2023-03-02,0 days 12:50:05,122,Chips & Salsa,Mexican,7.0
3591,2023-03-02,0 days 13:07:22,117,Chicken Burrito,Mexican,12.95
3592,2023-03-02,0 days 13:11:50,121,Cheese Quesadillas,Mexican,10.5
3593,2023-03-02,0 days 13:15:28,102,Cheeseburger,American,13.95
3593,2023-03-02,0 days 13:15:28,126,Fettuccine Alfredo,Italian,14.5
3593,2023-03-02,0 days 13:15:28,105,Mac & Cheese,American,7.0
3593,2023-03-02,0 days 13:15:28,122,Chips & Salsa,Mexican,7.0
3594,2023-03-02,0 days 13:22:54,112,Salmon Roll,Asian,14.95
3595,2023-03-02,0 days 13:33:21,115,Chicken Tacos,Mexican,11.95
3595,2023-03-02,0 days 13:33:21,102,Cheeseburger,American,13.95
3596,2023-03-02,0 days 13:37:06,107,Orange Chicken,Asian,16.5
3597,2023-03-02,0 days 13:43:07,131,Chicken Parmesan,Italian,17.95
3598,2023-03-02,0 days 13:46:38,121,Cheese Quesadillas,Mexican,10.5
3599,2023-03-02,0 days 13:59:44,116,Steak Tacos,Mexican,13.95
3600,2023-03-02,0 days 14:01:10,123,Chips & Guacamole,Mexican,9.0
3600,2023-03-02,0 days 14:01:10,123,Chips & Guacamole,Mexican,9.0
3601,2023-03-02,0 days 14:04:41,109,Korean Beef Bowl,Asian,17.95
3601,2023-03-02,0 days 14:04:41,112,Salmon Roll,Asian,14.95
3601,2023-03-02,0 days 14:04:41,105,Mac & Cheese,American,7.0
3602,2023-03-02,0 days 14:43:05,129,Mushroom Ravioli,Italian,15.5
3603,2023-03-02,0 days 15:01:31,107,Orange Chicken,Asian,16.5
3604,2023-03-02,0 days 15:27:26,102,Cheeseburger,American,13.95
3605,2023-03-02,0 days 15:27:51,109,Korean Beef Bowl,Asian,17.95
3605,2023-03-02,0 days 15:27:51,119,Chicken Torta,Mexican,11.95
3606,2023-03-02,0 days 15:40:12,117,Chicken Burrito,Mexican,12.95
3606,2023-03-02,0 days 15:40:12,120,Steak Torta,Mexican,13.95
3606,2023-03-02,0 days 15:40:12,122,Chips & Salsa,Mexican,7.0
3607,2023-03-02,0 days 15:43:31,131,Chicken Parmesan,Italian,17.95
3607,2023-03-02,0 days 15:43:31,123,Chips & Guacamole,Mexican,9.0
3608,2023-03-02,0 days 15:50:46,101,Hamburger,American,12.95
3608,2023-03-02,0 days 15:50:46,126,Fettuccine Alfredo,Italian,14.5
3608,2023-03-02,0 days 15:50:46,110,Pork Ramen,Asian,17.95
3608,2023-03-02,0 days 15:50:46,129,Mushroom Ravioli,Italian,15.5
3609,2023-03-02,0 days 15:53:54,101,Hamburger,American,12.95
3609,2023-03-02,0 days 15:53:54,106,French Fries,American,7.0
3610,2023-03-02,0 days 16:19:32,108,Tofu Pad Thai,Asian,14.5
3610,2023-03-02,0 days 16:19:32,108,Tofu Pad Thai,Asian,14.5
3610,2023-03-02,0 days 16:19:32,127,Meat Lasagna,Italian,17.95
3611,2023-03-02,0 days 16:28:50,105,Mac & Cheese,American,7.0
3612,2023-03-02,0 days 16:36:01,130,Shrimp Scampi,Italian,19.95
3613,2023-03-02,0 days 16:36:54,125,Spaghetti & Meatballs,Italian,17.95
3614,2023-03-02,0 days 16:58:21,120,Steak Torta,Mexican,13.95
3614,2023-03-02,0 days 16:58:21,130,Shrimp Scampi,Italian,19.95
3615,2023-03-02,0 days 17:13:08,101,Hamburger,American,12.95
3615,2023-03-02,0 days 17:13:08,102,Cheeseburger,American,13.95
3615,2023-03-02,0 days 17:13:08,113,Edamame,Asian,5.0
3616,2023-03-02,0 days 17:19:07,102,Cheeseburger,American,13.95
3616,2023-03-02,0 days 17:19:07,132,Eggplant Parmesan,Italian,16.95
3617,2023-03-02,0 days 17:31:32,101,Hamburger,American,12.95
3617,2023-03-02,0 days 17:31:32,105,Mac & Cheese,American,7.0
3617,2023-03-02,0 days 17:31:32,132,Eggplant Parmesan,Italian,16.95
3618,2023-03-02,0 days 17:33:55,107,Orange Chicken,Asian,16.5
3618,2023-03-02,0 days 17:33:55,108,Tofu Pad Thai,Asian,14.5
3618,2023-03-02,0 days 17:33:55,118,Steak Burrito,Mexican,14.95
3618,2023-03-02,0 days 17:33:55,119,Chicken Torta,Mexican,11.95
3619,2023-03-02,0 days 17:47:31,111,California Roll,Asian,11.95
3619,2023-03-02,0 days 17:47:31,106,French Fries,American,7.0
3620,2023-03-02,0 days 17:54:08,116,Steak Tacos,Mexican,13.95
3621,2023-03-02,0 days 18:02:16,113,Edamame,Asian,5.0
3622,2023-03-02,0 days 18:06:22,109,Korean Beef Bowl,Asian,17.95
3622,2023-03-02,0 days 18:06:22,118,Steak Burrito,Mexican,14.95
3622,2023-03-02,0 days 18:06:22,119,Chicken Torta,Mexican,11.95
3623,2023-03-02,0 days 18:20:06,104,Veggie Burger,American,10.5
3623,2023-03-02,0 days 18:20:06,108,Tofu Pad Thai,Asian,14.5
3623,2023-03-02,0 days 18:20:06,106,French Fries,American,7.0
3624,2023-03-02,0 days 18:25:01,105,Mac & Cheese,American,7.0
3625,2023-03-02,0 days 18:29:22,101,Hamburger,American,12.95
3625,2023-03-02,0 days 18:29:22,128,Cheese Lasagna,Italian,15.5
3626,2023-03-02,0 days 18:29:51,129,Mushroom Ravioli,Italian,15.5
3626,2023-03-02,0 days 18:29:51,119,Chicken Torta,Mexican,11.95
3626,2023-03-02,0 days 18:29:51,106,French Fries,American,7.0
3627,2023-03-02,0 days 18:45:21,127,Meat Lasagna,Italian,17.95
3627,2023-03-02,0 days 18:45:21,122,Chips & Salsa,Mexican,7.0
3627,2023-03-02,0 days 18:45:21,123,Chips & Guacamole,Mexican,9.0
3628,2023-03-02,0 days 19:01:00,101,Hamburger,American,12.95
3628,2023-03-02,0 days 19:01:00,129,Mushroom Ravioli,Italian,15.5
3629,2023-03-02,0 days 19:09:34,107,Orange Chicken,Asian,16.5
3629,2023-03-02,0 days 19:09:34,108,Tofu Pad Thai,Asian,14.5
3629,2023-03-02,0 days 19:09:34,126,Fettuccine Alfredo,Italian,14.5
3629,2023-03-02,0 days 19:09:34,132,Eggplant Parmesan,Italian,16.95
3630,2023-03-02,0 days 19:34:40,110,Pork Ramen,Asian,17.95
3630,2023-03-02,0 days 19:34:40,118,Steak Burrito,Mexican,14.95
3630,2023-03-02,0 days 19:34:40,131,Chicken Parmesan,Italian,17.95
3631,2023-03-02,0 days 20:41:25,122,Chips & Salsa,Mexican,7.0
3632,2023-03-02,0 days 21:00:34,113,Edamame,Asian,5.0
3633,2023-03-02,0 days 21:03:49,109,Korean Beef Bowl,Asian,17.95
3633,2023-03-02,0 days 21:03:49,112,Salmon Roll,Asian,14.95
3633,2023-03-02,0 days 21:03:49,113,Edamame,Asian,5.0
3634,2023-03-02,0 days 21:16:40,107,Orange Chicken,Asian,16.5
3634,2023-03-02,0 days 21:16:40,108,Tofu Pad Thai,Asian,14.5
3634,2023-03-02,0 days 21:16:40,105,Mac & Cheese,American,7.0
3635,2023-03-02,0 days 21:28:09,120,Steak Torta,Mexican,13.95
3635,2023-03-02,0 days 21:28:09,105,Mac & Cheese,American,7.0
3635,2023-03-02,0 days 21:28:09,105,Mac & Cheese,American,7.0
3635,2023-03-02,0 days 21:28:09,105,Mac & Cheese,American,7.0
3636,2023-03-02,0 days 21:34:03,112,Salmon Roll,Asian,14.95
3636,2023-03-02,0 days 21:34:03,105,Mac & Cheese,American,7.0
3637,2023-03-02,0 days 22:21:24,109,Korean Beef Bowl,Asian,17.95
3638,2023-03-03,0 days 11:26:02,102,Cheeseburger,American,13.95
3639,2023-03-03,0 days 11:31:41,102,Cheeseburger,American,13.95
3639,2023-03-03,0 days 11:31:41,122,Chips & Salsa,Mexican,7.0
3640,2023-03-03,0 days 11:50:41,120,Steak Torta,Mexican,13.95
3641,2023-03-03,0 days 12:14:07,111,California Roll,Asian,11.95
3642,2023-03-03,0 days 12:24:18,124,Spaghetti,Italian,14.5
3642,2023-03-03,0 days 12:24:18,109,Korean Beef Bowl,Asian,17.95
3642,2023-03-03,0 days 12:24:18,105,Mac & Cheese,American,7.0
3643,2023-03-03,0 days 12:39:57,124,Spaghetti,Italian,14.5
3643,2023-03-03,0 days 12:39:57,110,Pork Ramen,Asian,17.95
3643,2023-03-03,0 days 12:39:57,111,California Roll,Asian,11.95
3643,2023-03-03,0 days 12:39:57,119,Chicken Torta,Mexican,11.95
3644,2023-03-03,0 days 12:48:47,109,Korean Beef Bowl,Asian,17.95
3645,2023-03-03,0 days 12:57:06,102,Cheeseburger,American,13.95
3646,2023-03-03,0 days 12:57:32,126,Fettuccine Alfredo,Italian,14.5
3646,2023-03-03,0 days 12:57:32,131,Chicken Parmesan,Italian,17.95
3647,2023-03-03,0 days 13:01:48,119,Chicken Torta,Mexican,11.95
3648,2023-03-03,0 days 13:05:06,103,Hot Dog,American,9.0
3648,2023-03-03,0 days 13:05:06,109,Korean Beef Bowl,Asian,17.95
3649,2023-03-03,0 days 13:07:20,107,Orange Chicken,Asian,16.5
3649,2023-03-03,0 days 13:07:20,125,Spaghetti & Meatballs,Italian,17.95
3649,2023-03-03,0 days 13:07:20,131,Chicken Parmesan,Italian,17.95
3649,2023-03-03,0 days 13:07:20,123,Chips & Guacamole,Mexican,9.0
3650,2023-03-03,0 days 13:13:33,116,Steak Tacos,Mexican,13.95
3650,2023-03-03,0 days 13:13:33,126,Fettuccine Alfredo,Italian,14.5
3650,2023-03-03,0 days 13:13:33,109,Korean Beef Bowl,Asian,17.95
3651,2023-03-03,0 days 13:16:50,124,Spaghetti,Italian,14.5
3652,2023-03-03,0 days 13:21:01,117,Chicken Burrito,Mexican,12.95
3652,2023-03-03,0 days 13:21:01,127,Meat Lasagna,Italian,17.95
3652,2023-03-03,0 days 13:21:01,105,Mac & Cheese,American,7.0
3652,2023-03-03,0 days 13:21:01,123,Chips & Guacamole,Mexican,9.0
3653,2023-03-03,0 days 13:25:29,118,Steak Burrito,Mexican,14.95
3654,2023-03-03,0 days 13:38:34,101,Hamburger,American,12.95
3654,2023-03-03,0 days 13:38:34,107,Orange Chicken,Asian,16.5
3654,2023-03-03,0 days 13:38:34,102,Cheeseburger,American,13.95
3654,2023-03-03,0 days 13:38:34,102,Cheeseburger,American,13.95
3654,2023-03-03,0 days 13:38:34,103,Hot Dog,American,9.0
3654,2023-03-03,0 days 13:38:34,108,Tofu Pad Thai,Asian,14.5
3654,2023-03-03,0 days 13:38:34,109,Korean Beef Bowl,Asian,17.95
3654,2023-03-03,0 days 13:38:34,109,Korean Beef Bowl,Asian,17.95
3654,2023-03-03,0 days 13:38:34,129,Mushroom Ravioli,Italian,15.5
3654,2023-03-03,0 days 13:38:34,111,California Roll,Asian,11.95
3654,2023-03-03,0 days 13:38:34,120,Steak Torta,Mexican,13.95
3654,2023-03-03,0 days 13:38:34,122,Chips & Salsa,Mexican,7.0
3655,2023-03-03,0 days 13:39:24,108,Tofu Pad Thai,Asian,14.5
3655,2023-03-03,0 days 13:39:24,111,California Roll,Asian,11.95
3655,2023-03-03,0 days 13:39:24,120,Steak Torta,Mexican,13.95
3655,2023-03-03,0 days 13:39:24,106,French Fries,American,7.0
3656,2023-03-03,0 days 13:41:05,131,Chicken Parmesan,Italian,17.95
3657,2023-03-03,0 days 13:53:01,125,Spaghetti & Meatballs,Italian,17.95
3657,2023-03-03,0 days 13:53:01,129,Mushroom Ravioli,Italian,15.5
3658,2023-03-03,0 days 14:00:33,110,Pork Ramen,Asian,17.95
3658,2023-03-03,0 days 14:00:33,106,French Fries,American,7.0
3659,2023-03-03,0 days 14:03:25,102,Cheeseburger,American,13.95
3659,2023-03-03,0 days 14:03:25,109,Korean Beef Bowl,Asian,17.95
3659,2023-03-03,0 days 14:03:25,113,Edamame,Asian,5.0
3659,2023-03-03,0 days 14:03:25,118,Steak Burrito,Mexican,14.95
3659,2023-03-03,0 days 14:03:25,119,Chicken Torta,Mexican,11.95
3659,2023-03-03,0 days 14:03:25,121,Cheese Quesadillas,Mexican,10.5
3659,2023-03-03,0 days 14:03:25,105,Mac & Cheese,American,7.0
3659,2023-03-03,0 days 14:03:25,130,Shrimp Scampi,Italian,19.95
3659,2023-03-03,0 days 14:03:25,132,Eggplant Parmesan,Italian,16.95
3659,2023-03-03,0 days 14:03:25,132,Eggplant Parmesan,Italian,16.95
3660,2023-03-03,0 days 14:08:53,107,Orange Chicken,Asian,16.5
3660,2023-03-03,0 days 14:08:53,108,Tofu Pad Thai,Asian,14.5
3660,2023-03-03,0 days 14:08:53,109,Korean Beef Bowl,Asian,17.95
3660,2023-03-03,0 days 14:08:53,113,Edamame,Asian,5.0
3661,2023-03-03,0 days 15:05:02,101,Hamburger,American,12.95
3661,2023-03-03,0 days 15:05:02,110,Pork Ramen,Asian,17.95
3661,2023-03-03,0 days 15:05:02,129,Mushroom Ravioli,Italian,15.5
3661,2023-03-03,0 days 15:05:02,106,French Fries,American,7.0
3662,2023-03-03,0 days 15:34:25,125,Spaghetti & Meatballs,Italian,17.95
3663,2023-03-03,0 days 15:47:14,103,Hot Dog,American,9.0
3663,2023-03-03,0 days 15:47:14,128,Cheese Lasagna,Italian,15.5
3663,2023-03-03,0 days 15:47:14,129,Mushroom Ravioli,Italian,15.5
3663,2023-03-03,0 days 15:47:14,120,Steak Torta,Mexican,13.95
3664,2023-03-03,0 days 15:55:09,108,Tofu Pad Thai,Asian,14.5
3665,2023-03-03,0 days 16:32:20,101,Hamburger,American,12.95
3665,2023-03-03,0 days 16:32:20,110,Pork Ramen,Asian,17.95
3665,2023-03-03,0 days 16:32:20,127,Meat Lasagna,Italian,17.95
3666,2023-03-03,0 days 16:43:44,101,Hamburger,American,12.95
3666,2023-03-03,0 days 16:43:44,121,Cheese Quesadillas,Mexican,10.5
3667,2023-03-03,0 days 16:46:19,103,Hot Dog,American,9.0
3667,2023-03-03,0 days 16:46:19,118,Steak Burrito,Mexican,14.95
3667,2023-03-03,0 days 16:46:19,118,Steak Burrito,Mexican,14.95
3668,2023-03-03,0 days 17:06:11,109,Korean Beef Bowl,Asian,17.95
3668,2023-03-03,0 days 17:06:11,110,Pork Ramen,Asian,17.95
3668,2023-03-03,0 days 17:06:11,120,Steak Torta,Mexican,13.95
3669,2023-03-03,0 days 17:19:38,107,Orange Chicken,Asian,16.5
3669,2023-03-03,0 days 17:19:38,115,Chicken Tacos,Mexican,11.95
3669,2023-03-03,0 days 17:19:38,123,Chips & Guacamole,Mexican,9.0
3670,2023-03-03,0 days 17:27:05,108,Tofu Pad Thai,Asian,14.5
3670,2023-03-03,0 days 17:27:05,132,Eggplant Parmesan,Italian,16.95
3671,2023-03-03,0 days 17:27:27,108,Tofu Pad Thai,Asian,14.5
3671,2023-03-03,0 days 17:27:27,119,Chicken Torta,Mexican,11.95
3671,2023-03-03,0 days 17:27:27,114,Potstickers,Asian,9.0
3672,2023-03-03,0 days 17:29:49,106,French Fries,American,7.0
3673,2023-03-03,0 days 17:48:45,115,Chicken Tacos,Mexican,11.95
3673,2023-03-03,0 days 17:48:45,131,Chicken Parmesan,Italian,17.95
3674,2023-03-03,0 days 17:58:31,130,Shrimp Scampi,Italian,19.95
3675,2023-03-03,0 days 18:18:27,103,Hot Dog,American,9.0
3675,2023-03-03,0 days 18:18:27,109,Korean Beef Bowl,Asian,17.95
3675,2023-03-03,0 days 18:18:27,129,Mushroom Ravioli,Italian,15.5
3675,2023-03-03,0 days 18:18:27,131,Chicken Parmesan,Italian,17.95
3676,2023-03-03,0 days 18:29:01,120,Steak Torta,Mexican,13.95
3677,2023-03-03,0 days 18:36:32,107,Orange Chicken,Asian,16.5
3677,2023-03-03,0 days 18:36:32,127,Meat Lasagna,Italian,17.95
3677,2023-03-03,0 days 18:36:32,113,Edamame,Asian,5.0
3677,2023-03-03,0 days 18:36:32,118,Steak Burrito,Mexican,14.95
3678,2023-03-03,0 days 18:41:49,113,Edamame,Asian,5.0
3678,2023-03-03,0 days 18:41:49,130,Shrimp Scampi,Italian,19.95
3679,2023-03-03,0 days 18:45:59,132,Eggplant Parmesan,Italian,16.95
3680,2023-03-03,0 days 19:10:38,101,Hamburger,American,12.95
3681,2023-03-03,0 days 19:11:50,109,Korean Beef Bowl,Asian,17.95
3682,2023-03-03,0 days 19:46:03,102,Cheeseburger,American,13.95
3682,2023-03-03,0 days 19:46:03,129,Mushroom Ravioli,Italian,15.5
3683,2023-03-03,0 days 19:56:12,108,Tofu Pad Thai,Asian,14.5
3683,2023-03-03,0 days 19:56:12,124,Spaghetti,Italian,14.5
3683,2023-03-03,0 days 19:56:12,118,Steak Burrito,Mexican,14.95
3683,2023-03-03,0 days 19:56:12,105,Mac & Cheese,American,7.0
3684,2023-03-03,0 days 19:59:11,115,Chicken Tacos,Mexican,11.95
3685,2023-03-03,0 days 20:05:12,110,Pork Ramen,Asian,17.95
3685,2023-03-03,0 days 20:05:12,128,Cheese Lasagna,Italian,15.5
3685,2023-03-03,0 days 20:05:12,112,Salmon Roll,Asian,14.95
3686,2023-03-03,0 days 20:20:00,119,Chicken Torta,Mexican,11.95
3687,2023-03-03,0 days 20:25:37,120,Steak Torta,Mexican,13.95
3688,2023-03-03,0 days 20:46:18,101,Hamburger,American,12.95
3688,2023-03-03,0 days 20:46:18,112,Salmon Roll,Asian,14.95
3689,2023-03-03,0 days 21:41:41,103,Hot Dog,American,9.0
3689,2023-03-03,0 days 21:41:41,124,Spaghetti,Italian,14.5
3689,2023-03-03,0 days 21:41:41,122,Chips & Salsa,Mexican,7.0
3690,2023-03-03,0 days 21:58:18,104,Veggie Burger,American,10.5
3690,2023-03-03,0 days 21:58:18,121,Cheese Quesadillas,Mexican,10.5
3691,2023-03-04,0 days 11:23:00,101,Hamburger,American,12.95
3691,2023-03-04,0 days 11:23:00,129,Mushroom Ravioli,Italian,15.5
3691,2023-03-04,0 days 11:23:00,119,Chicken Torta,Mexican,11.95
3691,2023-03-04,0 days 11:23:00,120,Steak Torta,Mexican,13.95
3692,2023-03-04,0 days 11:31:04,103,Hot Dog,American,9.0
3692,2023-03-04,0 days 11:31:04,108,Tofu Pad Thai,Asian,14.5
3692,2023-03-04,0 days 11:31:04,109,Korean Beef Bowl,Asian,17.95
3692,2023-03-04,0 days 11:31:04,117,Chicken Burrito,Mexican,12.95
3692,2023-03-04,0 days 11:31:04,112,Salmon Roll,Asian,14.95
3692,2023-03-04,0 days 11:31:04,118,Steak Burrito,Mexican,14.95
3692,2023-03-04,0 days 11:31:04,106,French Fries,American,7.0
3693,2023-03-04,0 days 11:34:38,108,Tofu Pad Thai,Asian,14.5
3694,2023-03-04,0 days 11:38:17,116,Steak Tacos,Mexican,13.95
3695,2023-03-04,0 days 12:02:42,110,Pork Ramen,Asian,17.95
3696,2023-03-04,0 days 12:07:09,109,Korean Beef Bowl,Asian,17.95
3697,2023-03-04,0 days 12:19:37,126,Fettuccine Alfredo,Italian,14.5
3697,2023-03-04,0 days 12:19:37,127,Meat Lasagna,Italian,17.95
3697,2023-03-04,0 days 12:19:37,111,California Roll,Asian,11.95
3698,2023-03-04,0 days 12:28:30,110,Pork Ramen,Asian,17.95
3698,2023-03-04,0 days 12:28:30,128,Cheese Lasagna,Italian,15.5
3699,2023-03-04,0 days 12:29:54,107,Orange Chicken,Asian,16.5
3699,2023-03-04,0 days 12:29:54,105,Mac & Cheese,American,7.0
3699,2023-03-04,0 days 12:29:54,105,Mac & Cheese,American,7.0
3700,2023-03-04,0 days 12:32:19,116,Steak Tacos,Mexican,13.95
3700,2023-03-04,0 days 12:32:19,113,Edamame,Asian,5.0
3701,2023-03-04,0 days 12:51:21,125,Spaghetti & Meatballs,Italian,17.95
3702,2023-03-04,0 days 12:53:29,101,Hamburger,American,12.95
3702,2023-03-04,0 days 12:53:29,108,Tofu Pad Thai,Asian,14.5
3702,2023-03-04,0 days 12:53:29,124,Spaghetti,Italian,14.5
3702,2023-03-04,0 days 12:53:29,110,Pork Ramen,Asian,17.95
3702,2023-03-04,0 days 12:53:29,110,Pork Ramen,Asian,17.95
3702,2023-03-04,0 days 12:53:29,118,Steak Burrito,Mexican,14.95
3702,2023-03-04,0 days 12:53:29,131,Chicken Parmesan,Italian,17.95
3702,2023-03-04,0 days 12:53:29,114,Potstickers,Asian,9.0
3703,2023-03-04,0 days 12:59:51,101,Hamburger,American,12.95
3703,2023-03-04,0 days 12:59:51,115,Chicken Tacos,Mexican,11.95
3703,2023-03-04,0 days 12:59:51,116,Steak Tacos,Mexican,13.95
3704,2023-03-04,0 days 13:06:24,109,Korean Beef Bowl,Asian,17.95
3705,2023-03-04,0 days 13:15:42,104,Veggie Burger,American,10.5
3705,2023-03-04,0 days 13:15:42,108,Tofu Pad Thai,Asian,14.5
3705,2023-03-04,0 days 13:15:42,127,Meat Lasagna,Italian,17.95
3705,2023-03-04,0 days 13:15:42,129,Mushroom Ravioli,Italian,15.5
3705,2023-03-04,0 days 13:15:42,119,Chicken Torta,Mexican,11.95
3706,2023-03-04,0 days 13:17:31,111,California Roll,Asian,11.95
3707,2023-03-04,0 days 13:20:21,109,Korean Beef Bowl,Asian,17.95
3708,2023-03-04,0 days 13:23:35,118,Steak Burrito,Mexican,14.95
3709,2023-03-04,0 days 13:26:50,120,Steak Torta,Mexican,13.95
3709,2023-03-04,0 days 13:26:50,105,Mac & Cheese,American,7.0
3710,2023-03-04,0 days 13:48:40,101,Hamburger,American,12.95
3710,2023-03-04,0 days 13:48:40,102,Cheeseburger,American,13.95
3710,2023-03-04,0 days 13:48:40,102,Cheeseburger,American,13.95
3710,2023-03-04,0 days 13:48:40,127,Meat Lasagna,Italian,17.95
3710,2023-03-04,0 days 13:48:40,112,Salmon Roll,Asian,14.95
3710,2023-03-04,0 days 13:48:40,118,Steak Burrito,Mexican,14.95
3710,2023-03-04,0 days 13:48:40,119,Chicken Torta,Mexican,11.95
3710,2023-03-04,0 days 13:48:40,120,Steak Torta,Mexican,13.95
3710,2023-03-04,0 days 13:48:40,105,Mac & Cheese,American,7.0
3710,2023-03-04,0 days 13:48:40,106,French Fries,American,7.0
3711,2023-03-04,0 days 13:51:43,105,Mac & Cheese,American,7.0
3712,2023-03-04,0 days 14:15:54,106,French Fries,American,7.0
3713,2023-03-04,0 days 14:45:20,101,Hamburger,American,12.95
3713,2023-03-04,0 days 14:45:20,102,Cheeseburger,American,13.95
3713,2023-03-04,0 days 14:45:20,109,Korean Beef Bowl,Asian,17.95
3713,2023-03-04,0 days 14:45:20,129,Mushroom Ravioli,Italian,15.5
3714,2023-03-04,0 days 14:47:48,109,Korean Beef Bowl,Asian,17.95
3715,2023-03-04,0 days 14:51:20,103,Hot Dog,American,9.0
3715,2023-03-04,0 days 14:51:20,117,Chicken Burrito,Mexican,12.95
3715,2023-03-04,0 days 14:51:20,132,Eggplant Parmesan,Italian,16.95
3716,2023-03-04,0 days 14:57:58,109,Korean Beef Bowl,Asian,17.95
3716,2023-03-04,0 days 14:57:58,111,California Roll,Asian,11.95
3717,2023-03-04,0 days 15:38:29,102,Cheeseburger,American,13.95
3717,2023-03-04,0 days 15:38:29,117,Chicken Burrito,Mexican,12.95
3718,2023-03-04,0 days 15:57:13,131,Chicken Parmesan,Italian,17.95
3719,2023-03-04,0 days 16:09:26,110,Pork Ramen,Asian,17.95
3720,2023-03-04,0 days 16:10:09,104,Veggie Burger,American,10.5
3721,2023-03-04,0 days 16:15:28,108,Tofu Pad Thai,Asian,14.5
3722,2023-03-04,0 days 16:21:46,116,Steak Tacos,Mexican,13.95
3723,2023-03-04,0 days 16:29:02,128,Cheese Lasagna,Italian,15.5
3723,2023-03-04,0 days 16:29:02,106,French Fries,American,7.0
3724,2023-03-04,0 days 16:38:05,108,Tofu Pad Thai,Asian,14.5
3724,2023-03-04,0 days 16:38:05,126,Fettuccine Alfredo,Italian,14.5
3724,2023-03-04,0 days 16:38:05,113,Edamame,Asian,5.0
3724,2023-03-04,0 days 16:38:05,106,French Fries,American,7.0
3725,2023-03-04,0 days 16:56:16,102,Cheeseburger,American,13.95
3725,2023-03-04,0 days 16:56:16,111,California Roll,Asian,11.95
3726,2023-03-04,0 days 17:11:50,107,Orange Chicken,Asian,16.5
3726,2023-03-04,0 days 17:11:50,119,Chicken Torta,Mexican,11.95
3727,2023-03-04,0 days 17:16:34,103,Hot Dog,American,9.0
3728,2023-03-04,0 days 17:30:38,103,Hot Dog,American,9.0
3728,2023-03-04,0 days 17:30:38,111,California Roll,Asian,11.95
3728,2023-03-04,0 days 17:30:38,119,Chicken Torta,Mexican,11.95
3728,2023-03-04,0 days 17:30:38,123,Chips & Guacamole,Mexican,9.0
3729,2023-03-04,0 days 17:52:09,101,Hamburger,American,12.95
3729,2023-03-04,0 days 17:52:09,108,Tofu Pad Thai,Asian,14.5
3729,2023-03-04,0 days 17:52:09,108,Tofu Pad Thai,Asian,14.5
3729,2023-03-04,0 days 17:52:09,124,Spaghetti,Italian,14.5
3729,2023-03-04,0 days 17:52:09,111,California Roll,Asian,11.95
3729,2023-03-04,0 days 17:52:09,106,French Fries,American,7.0
3730,2023-03-04,0 days 17:55:40,103,Hot Dog,American,9.0
3730,2023-03-04,0 days 17:55:40,128,Cheese Lasagna,Italian,15.5
3731,2023-03-04,0 days 18:06:40,125,Spaghetti & Meatballs,Italian,17.95
3732,2023-03-04,0 days 18:13:25,122,Chips & Salsa,Mexican,7.0
3732,2023-03-04,0 days 18:13:25,132,Eggplant Parmesan,Italian,16.95
3733,2023-03-04,0 days 18:19:59,101,Hamburger,American,12.95
3733,2023-03-04,0 days 18:19:59,101,Hamburger,American,12.95
3733,2023-03-04,0 days 18:19:59,111,California Roll,Asian,11.95
3733,2023-03-04,0 days 18:19:59,132,Eggplant Parmesan,Italian,16.95
3734,2023-03-04,0 days 18:23:25,107,Orange Chicken,Asian,16.5
3734,2023-03-04,0 days 18:23:25,117,Chicken Burrito,Mexican,12.95
3734,2023-03-04,0 days 18:23:25,113,Edamame,Asian,5.0
3734,2023-03-04,0 days 18:23:25,119,Chicken Torta,Mexican,11.95
3735,2023-03-04,0 days 18:25:22,112,Salmon Roll,Asian,14.95
3735,2023-03-04,0 days 18:25:22,105,Mac & Cheese,American,7.0
3735,2023-03-04,0 days 18:25:22,106,French Fries,American,7.0
3736,2023-03-04,0 days 18:27:05,107,Orange Chicken,Asian,16.5
3736,2023-03-04,0 days 18:27:05,102,Cheeseburger,American,13.95
3736,2023-03-04,0 days 18:27:05,129,Mushroom Ravioli,Italian,15.5
3736,2023-03-04,0 days 18:27:05,131,Chicken Parmesan,Italian,17.95
3737,2023-03-04,0 days 18:27:40,102,Cheeseburger,American,13.95
3738,2023-03-04,0 days 18:36:42,110,Pork Ramen,Asian,17.95
3738,2023-03-04,0 days 18:36:42,106,French Fries,American,7.0
3739,2023-03-04,0 days 18:59:47,110,Pork Ramen,Asian,17.95
3739,2023-03-04,0 days 18:59:47,128,Cheese Lasagna,Italian,15.5
3740,2023-03-04,0 days 19:17:24,120,Steak Torta,Mexican,13.95
3741,2023-03-04,0 days 19:17:32,125,Spaghetti & Meatballs,Italian,17.95
3741,2023-03-04,0 days 19:17:32,118,Steak Burrito,Mexican,14.95
3742,2023-03-04,0 days 19:48:33,117,Chicken Burrito,Mexican,12.95
3743,2023-03-04,0 days 19:52:52,106,French Fries,American,7.0
3744,2023-03-04,0 days 20:14:27,107,Orange Chicken,Asian,16.5
3744,2023-03-04,0 days 20:14:27,125,Spaghetti & Meatballs,Italian,17.95
3745,2023-03-04,0 days 20:30:11,101,Hamburger,American,12.95
3745,2023-03-04,0 days 20:30:11,102,Cheeseburger,American,13.95
3746,2023-03-04,0 days 20:45:53,111,California Roll,Asian,11.95
3746,2023-03-04,0 days 20:45:53,123,Chips & Guacamole,Mexican,9.0
3747,2023-03-04,0 days 20:48:13,101,Hamburger,American,12.95
3747,2023-03-04,0 days 20:48:13,103,Hot Dog,American,9.0
3748,2023-03-04,0 days 20:59:07,101,Hamburger,American,12.95
3748,2023-03-04,0 days 20:59:07,102,Cheeseburger,American,13.95
3748,2023-03-04,0 days 20:59:07,128,Cheese Lasagna,Italian,15.5
3749,2023-03-04,0 days 21:02:21,108,Tofu Pad Thai,Asian,14.5
3749,2023-03-04,0 days 21:02:21,109,Korean Beef Bowl,Asian,17.95
3749,2023-03-04,0 days 21:02:21,127,Meat Lasagna,Italian,17.95
3749,2023-03-04,0 days 21:02:21,112,Salmon Roll,Asian,14.95
3750,2023-03-05,0 days 11:46:21,105,Mac & Cheese,American,7.0
3751,2023-03-05,0 days 11:47:34,117,Chicken Burrito,Mexican,12.95
3751,2023-03-05,0 days 11:47:34,111,California Roll,Asian,11.95
3751,2023-03-05,0 days 11:47:34,113,Edamame,Asian,5.0
3751,2023-03-05,0 days 11:47:34,122,Chips & Salsa,Mexican,7.0
3752,2023-03-05,0 days 11:49:36,125,Spaghetti & Meatballs,Italian,17.95
3753,2023-03-05,0 days 12:01:47,124,Spaghetti,Italian,14.5
3753,2023-03-05,0 days 12:01:47,109,Korean Beef Bowl,Asian,17.95
3753,2023-03-05,0 days 12:01:47,122,Chips & Salsa,Mexican,7.0
3754,2023-03-05,0 days 12:05:20,109,Korean Beef Bowl,Asian,17.95
3755,2023-03-05,0 days 12:20:34,101,Hamburger,American,12.95
3756,2023-03-05,0 days 12:30:24,101,Hamburger,American,12.95
3756,2023-03-05,0 days 12:30:24,116,Steak Tacos,Mexican,13.95
3756,2023-03-05,0 days 12:30:24,108,Tofu Pad Thai,Asian,14.5
3756,2023-03-05,0 days 12:30:24,112,Salmon Roll,Asian,14.95
3757,2023-03-05,0 days 12:33:09,102,Cheeseburger,American,13.95
3758,2023-03-05,0 days 12:34:45,110,Pork Ramen,Asian,17.95
3759,2023-03-05,0 days 12:44:29,106,French Fries,American,7.0
3760,2023-03-05,0 days 12:49:45,101,Hamburger,American,12.95
3761,2023-03-05,0 days 12:52:34,123,Chips & Guacamole,Mexican,9.0
3762,2023-03-05,0 days 13:03:52,109,Korean Beef Bowl,Asian,17.95
3763,2023-03-05,0 days 13:06:49,124,Spaghetti,Italian,14.5
3764,2023-03-05,0 days 13:06:59,108,Tofu Pad Thai,Asian,14.5
3764,2023-03-05,0 days 13:06:59,119,Chicken Torta,Mexican,11.95
3765,2023-03-05,0 days 13:21:27,102,Cheeseburger,American,13.95
3765,2023-03-05,0 days 13:21:27,112,Salmon Roll,Asian,14.95
3765,2023-03-05,0 days 13:21:27,122,Chips & Salsa,Mexican,7.0
3765,2023-03-05,0 days 13:21:27,132,Eggplant Parmesan,Italian,16.95
3766,2023-03-05,0 days 13:23:49,102,Cheeseburger,American,13.95
3767,2023-03-05,0 days 13:26:19,108,Tofu Pad Thai,Asian,14.5
3767,2023-03-05,0 days 13:26:19,127,Meat Lasagna,Italian,17.95
3768,2023-03-05,0 days 13:27:04,106,French Fries,American,7.0
3769,2023-03-05,0 days 13:28:39,127,Meat Lasagna,Italian,17.95
3769,2023-03-05,0 days 13:28:39,132,Eggplant Parmesan,Italian,16.95
3770,2023-03-05,0 days 13:34:21,128,Cheese Lasagna,Italian,15.5
3771,2023-03-05,0 days 13:35:17,124,Spaghetti,Italian,14.5
3771,2023-03-05,0 days 13:35:17,128,Cheese Lasagna,Italian,15.5
3772,2023-03-05,0 days 13:38:19,119,Chicken Torta,Mexican,11.95
3773,2023-03-05,0 days 13:41:31,110,Pork Ramen,Asian,17.95
3773,2023-03-05,0 days 13:41:31,111,California Roll,Asian,11.95
3773,2023-03-05,0 days 13:41:31,122,Chips & Salsa,Mexican,7.0
3774,2023-03-05,0 days 13:47:15,108,Tofu Pad Thai,Asian,14.5
3774,2023-03-05,0 days 13:47:15,124,Spaghetti,Italian,14.5
3774,2023-03-05,0 days 13:47:15,125,Spaghetti & Meatballs,Italian,17.95
3774,2023-03-05,0 days 13:47:15,109,Korean Beef Bowl,Asian,17.95
3774,2023-03-05,0 days 13:47:15,117,Chicken Burrito,Mexican,12.95
3774,2023-03-05,0 days 13:47:15,112,Salmon Roll,Asian,14.95
3774,2023-03-05,0 days 13:47:15,120,Steak Torta,Mexican,13.95
3774,2023-03-05,0 days 13:47:15,121,Cheese Quesadillas,Mexican,10.5
3774,2023-03-05,0 days 13:47:15,123,Chips & Guacamole,Mexican,9.0
3774,2023-03-05,0 days 13:47:15,132,Eggplant Parmesan,Italian,16.95
3775,2023-03-05,0 days 13:49:24,118,Steak Burrito,Mexican,14.95
3776,2023-03-05,0 days 13:59:08,125,Spaghetti & Meatballs,Italian,17.95
3776,2023-03-05,0 days 13:59:08,109,Korean Beef Bowl,Asian,17.95
3776,2023-03-05,0 days 13:59:08,111,California Roll,Asian,11.95
3776,2023-03-05,0 days 13:59:08,118,Steak Burrito,Mexican,14.95
3776,2023-03-05,0 days 13:59:08,105,Mac & Cheese,American,7.0
3777,2023-03-05,0 days 14:05:21,109,Korean Beef Bowl,Asian,17.95
3778,2023-03-05,0 days 14:21:03,129,Mushroom Ravioli,Italian,15.5
3778,2023-03-05,0 days 14:21:03,113,Edamame,Asian,5.0
3779,2023-03-05,0 days 14:24:19,125,Spaghetti & Meatballs,Italian,17.95
3779,2023-03-05,0 days 14:24:19,129,Mushroom Ravioli,Italian,15.5
3780,2023-03-05,0 days 14:39:18,109,Korean Beef Bowl,Asian,17.95
3780,2023-03-05,0 days 14:39:18,117,Chicken Burrito,Mexican,12.95
3780,2023-03-05,0 days 14:39:18,118,Steak Burrito,Mexican,14.95
3780,2023-03-05,0 days 14:39:18,123,Chips & Guacamole,Mexican,9.0
3781,2023-03-05,0 days 15:25:06,119,Chicken Torta,Mexican,11.95
3782,2023-03-05,0 days 15:29:44,113,Edamame,Asian,5.0
3782,2023-03-05,0 days 15:29:44,105,Mac & Cheese,American,7.0
3782,2023-03-05,0 days 15:29:44,122,Chips & Salsa,Mexican,7.0
3783,2023-03-05,0 days 15:31:22,126,Fettuccine Alfredo,Italian,14.5
3783,2023-03-05,0 days 15:31:22,109,Korean Beef Bowl,Asian,17.95
3783,2023-03-05,0 days 15:31:22,105,Mac & Cheese,American,7.0
3783,2023-03-05,0 days 15:31:22,122,Chips & Salsa,Mexican,7.0
3784,2023-03-05,0 days 15:38:04,120,Steak Torta,Mexican,13.95
3785,2023-03-05,0 days 15:42:22,102,Cheeseburger,American,13.95
3786,2023-03-05,0 days 15:48:08,109,Korean Beef Bowl,Asian,17.95
3786,2023-03-05,0 days 15:48:08,118,Steak Burrito,Mexican,14.95
3787,2023-03-05,0 days 15:57:10,116,Steak Tacos,Mexican,13.95
3787,2023-03-05,0 days 15:57:10,125,Spaghetti & Meatballs,Italian,17.95
3787,2023-03-05,0 days 15:57:10,113,Edamame,Asian,5.0
3788,2023-03-05,0 days 16:07:50,112,Salmon Roll,Asian,14.95
3788,2023-03-05,0 days 16:07:50,130,Shrimp Scampi,Italian,19.95
3789,2023-03-05,0 days 16:12:54,125,Spaghetti & Meatballs,Italian,17.95
3789,2023-03-05,0 days 16:12:54,125,Spaghetti & Meatballs,Italian,17.95
3789,2023-03-05,0 days 16:12:54,110,Pork Ramen,Asian,17.95
3789,2023-03-05,0 days 16:12:54,112,Salmon Roll,Asian,14.95
3790,2023-03-05,0 days 16:12:59,108,Tofu Pad Thai,Asian,14.5
3791,2023-03-05,0 days 16:26:30,119,Chicken Torta,Mexican,11.95
3792,2023-03-05,0 days 16:39:37,108,Tofu Pad Thai,Asian,14.5
3792,2023-03-05,0 days 16:39:37,106,French Fries,American,7.0
3793,2023-03-05,0 days 17:04:01,101,Hamburger,American,12.95
3793,2023-03-05,0 days 17:04:01,108,Tofu Pad Thai,Asian,14.5
3793,2023-03-05,0 days 17:04:01,112,Salmon Roll,Asian,14.95
3793,2023-03-05,0 days 17:04:01,132,Eggplant Parmesan,Italian,16.95
3794,2023-03-05,0 days 17:09:43,106,French Fries,American,7.0
3794,2023-03-05,0 days 17:09:43,114,Potstickers,Asian,9.0
3795,2023-03-05,0 days 17:11:05,107,Orange Chicken,Asian,16.5
3795,2023-03-05,0 days 17:11:05,131,Chicken Parmesan,Italian,17.95
3796,2023-03-05,0 days 17:19:11,102,Cheeseburger,American,13.95
3796,2023-03-05,0 days 17:19:11,105,Mac & Cheese,American,7.0
3796,2023-03-05,0 days 17:19:11,106,French Fries,American,7.0
3797,2023-03-05,0 days 17:23:32,105,Mac & Cheese,American,7.0
3798,2023-03-05,0 days 17:24:03,102,Cheeseburger,American,13.95
3798,2023-03-05,0 days 17:24:03,119,Chicken Torta,Mexican,11.95
3798,2023-03-05,0 days 17:24:03,121,Cheese Quesadillas,Mexican,10.5
3798,2023-03-05,0 days 17:24:03,130,Shrimp Scampi,Italian,19.95
3799,2023-03-05,0 days 17:25:14,102,Cheeseburger,American,13.95
3799,2023-03-05,0 days 17:25:14,103,Hot Dog,American,9.0
3799,2023-03-05,0 days 17:25:14,132,Eggplant Parmesan,Italian,16.95
3800,2023-03-05,0 days 17:30:54,109,Korean Beef Bowl,Asian,17.95
3800,2023-03-05,0 days 17:30:54,129,Mushroom Ravioli,Italian,15.5
3800,2023-03-05,0 days 17:30:54,121,Cheese Quesadillas,Mexican,10.5
3800,2023-03-05,0 days 17:30:54,106,French Fries,American,7.0
3801,2023-03-05,0 days 17:51:47,107,Orange Chicken,Asian,16.5
3801,2023-03-05,0 days 17:51:47,110,Pork Ramen,Asian,17.95
3801,2023-03-05,0 days 17:51:47,129,Mushroom Ravioli,Italian,15.5
3802,2023-03-05,0 days 18:03:09,117,Chicken Burrito,Mexican,12.95
3802,2023-03-05,0 days 18:03:09,119,Chicken Torta,Mexican,11.95
3803,2023-03-05,0 days 18:05:39,109,Korean Beef Bowl,Asian,17.95
3804,2023-03-05,0 days 18:13:03,125,Spaghetti & Meatballs,Italian,17.95
3805,2023-03-05,0 days 18:21:32,119,Chicken Torta,Mexican,11.95
3806,2023-03-05,0 days 18:30:10,102,Cheeseburger,American,13.95
3806,2023-03-05,0 days 18:30:10,117,Chicken Burrito,Mexican,12.95
3807,2023-03-05,0 days 18:35:58,124,Spaghetti,Italian,14.5
3807,2023-03-05,0 days 18:35:58,110,Pork Ramen,Asian,17.95
3807,2023-03-05,0 days 18:35:58,106,French Fries,American,7.0
3808,2023-03-05,0 days 18:39:12,101,Hamburger,American,12.95
3809,2023-03-05,0 days 18:52:11,113,Edamame,Asian,5.0
3809,2023-03-05,0 days 18:52:11,120,Steak Torta,Mexican,13.95
3809,2023-03-05,0 days 18:52:11,114,Potstickers,Asian,9.0
3809,2023-03-05,0 days 18:52:11,132,Eggplant Parmesan,Italian,16.95
3810,2023-03-05,0 days 18:53:34,122,Chips & Salsa,Mexican,7.0
3811,2023-03-05,0 days 19:33:05,121,Cheese Quesadillas,Mexican,10.5
3812,2023-03-05,0 days 20:58:09,112,Salmon Roll,Asian,14.95
3812,2023-03-05,0 days 20:58:09,105,Mac & Cheese,American,7.0
3812,2023-03-05,0 days 20:58:09,106,French Fries,American,7.0
3813,2023-03-05,0 days 21:01:23,132,Eggplant Parmesan,Italian,16.95
3814,2023-03-06,0 days 11:31:55,132,Eggplant Parmesan,Italian,16.95
3815,2023-03-06,0 days 11:31:57,121,Cheese Quesadillas,Mexican,10.5
3816,2023-03-06,0 days 12:05:44,102,Cheeseburger,American,13.95
3816,2023-03-06,0 days 12:05:44,119,Chicken Torta,Mexican,11.95
3817,2023-03-06,0 days 12:13:16,108,Tofu Pad Thai,Asian,14.5
3818,2023-03-06,0 days 12:19:00,124,Spaghetti,Italian,14.5
3818,2023-03-06,0 days 12:19:00,128,Cheese Lasagna,Italian,15.5
3818,2023-03-06,0 days 12:19:00,122,Chips & Salsa,Mexican,7.0
3818,2023-03-06,0 days 12:19:00,131,Chicken Parmesan,Italian,17.95
3819,2023-03-06,0 days 12:24:41,108,Tofu Pad Thai,Asian,14.5
3820,2023-03-06,0 days 12:27:51,122,Chips & Salsa,Mexican,7.0
3821,2023-03-06,0 days 12:29:52,107,Orange Chicken,Asian,16.5
3821,2023-03-06,0 days 12:29:52,103,Hot Dog,American,9.0
3821,2023-03-06,0 days 12:29:52,108,Tofu Pad Thai,Asian,14.5
3821,2023-03-06,0 days 12:29:52,125,Spaghetti & Meatballs,Italian,17.95
3821,2023-03-06,0 days 12:29:52,109,Korean Beef Bowl,Asian,17.95
3821,2023-03-06,0 days 12:29:52,129,Mushroom Ravioli,Italian,15.5
3821,2023-03-06,0 days 12:29:52,113,Edamame,Asian,5.0
3821,2023-03-06,0 days 12:29:52,119,Chicken Torta,Mexican,11.95
3821,2023-03-06,0 days 12:29:52,122,Chips & Salsa,Mexican,7.0
3822,2023-03-06,0 days 12:30:08,121,Cheese Quesadillas,Mexican,10.5
3823,2023-03-06,0 days 12:31:40,103,Hot Dog,American,9.0
3824,2023-03-06,0 days 12:37:22,112,Salmon Roll,Asian,14.95
3825,2023-03-06,0 days 12:39:17,131,Chicken Parmesan,Italian,17.95
3826,2023-03-06,0 days 12:39:33,116,Steak Tacos,Mexican,13.95
3826,2023-03-06,0 days 12:39:33,102,Cheeseburger,American,13.95
3827,2023-03-06,0 days 12:42:55,113,Edamame,Asian,5.0
3827,2023-03-06,0 days 12:42:55,119,Chicken Torta,Mexican,11.95
3827,2023-03-06,0 days 12:42:55,120,Steak Torta,Mexican,13.95
3828,2023-03-06,0 days 12:48:55,101,Hamburger,American,12.95
3828,2023-03-06,0 days 12:48:55,107,Orange Chicken,Asian,16.5
3828,2023-03-06,0 days 12:48:55,108,Tofu Pad Thai,Asian,14.5
3828,2023-03-06,0 days 12:48:55,117,Chicken Burrito,Mexican,12.95
3828,2023-03-06,0 days 12:48:55,120,Steak Torta,Mexican,13.95
3828,2023-03-06,0 days 12:48:55,105,Mac & Cheese,American,7.0
3828,2023-03-06,0 days 12:48:55,122,Chips & Salsa,Mexican,7.0
3828,2023-03-06,0 days 12:48:55,130,Shrimp Scampi,Italian,19.95
3828,2023-03-06,0 days 12:48:55,130,Shrimp Scampi,Italian,19.95
3828,2023-03-06,0 days 12:48:55,132,Eggplant Parmesan,Italian,16.95
3829,2023-03-06,0 days 13:05:46,101,Hamburger,American,12.95
3830,2023-03-06,0 days 13:09:50,109,Korean Beef Bowl,Asian,17.95
3831,2023-03-06,0 days 13:14:53,123,Chips & Guacamole,Mexican,9.0
3832,2023-03-06,0 days 13:23:16,121,Cheese Quesadillas,Mexican,10.5
3833,2023-03-06,0 days 13:29:45,115,Chicken Tacos,Mexican,11.95
3833,2023-03-06,0 days 13:29:45,102,Cheeseburger,American,13.95
3834,2023-03-06,0 days 13:48:02,104,Veggie Burger,American,10.5
3834,2023-03-06,0 days 13:48:02,109,Korean Beef Bowl,Asian,17.95
3834,2023-03-06,0 days 13:48:02,129,Mushroom Ravioli,Italian,15.5
3834,2023-03-06,0 days 13:48:02,111,California Roll,Asian,11.95
3835,2023-03-06,0 days 13:59:21,117,Chicken Burrito,Mexican,12.95
3836,2023-03-06,0 days 14:13:38,108,Tofu Pad Thai,Asian,14.5
3837,2023-03-06,0 days 14:30:34,104,Veggie Burger,American,10.5
3838,2023-03-06,0 days 14:47:21,101,Hamburger,American,12.95
3839,2023-03-06,0 days 15:05:16,127,Meat Lasagna,Italian,17.95
3840,2023-03-06,0 days 15:18:05,131,Chicken Parmesan,Italian,17.95
3840,2023-03-06,0 days 15:18:05,132,Eggplant Parmesan,Italian,16.95
3841,2023-03-06,0 days 15:18:10,105,Mac & Cheese,American,7.0
3841,2023-03-06,0 days 15:18:10,130,Shrimp Scampi,Italian,19.95
3842,2023-03-06,0 days 15:41:03,101,Hamburger,American,12.95
3842,2023-03-06,0 days 15:41:03,129,Mushroom Ravioli,Italian,15.5
3843,2023-03-06,0 days 15:46:23,101,Hamburger,American,12.95
3843,2023-03-06,0 days 15:46:23,132,Eggplant Parmesan,Italian,16.95
3844,2023-03-06,0 days 15:59:29,103,Hot Dog,American,9.0
3844,2023-03-06,0 days 15:59:29,106,French Fries,American,7.0
3845,2023-03-06,0 days 16:01:00,108,Tofu Pad Thai,Asian,14.5
3845,2023-03-06,0 days 16:01:00,117,Chicken Burrito,Mexican,12.95
3846,2023-03-06,0 days 16:14:40,113,Edamame,Asian,5.0
3846,2023-03-06,0 days 16:14:40,131,Chicken Parmesan,Italian,17.95
3847,2023-03-06,0 days 16:47:39,109,Korean Beef Bowl,Asian,17.95
3847,2023-03-06,0 days 16:47:39,127,Meat Lasagna,Italian,17.95
3848,2023-03-06,0 days 17:02:56,125,Spaghetti & Meatballs,Italian,17.95
3849,2023-03-06,0 days 17:05:52,122,Chips & Salsa,Mexican,7.0
3850,2023-03-06,0 days 17:12:49,132,Eggplant Parmesan,Italian,16.95
3851,2023-03-06,0 days 17:15:19,103,Hot Dog,American,9.0
3851,2023-03-06,0 days 17:15:19,119,Chicken Torta,Mexican,11.95
3851,2023-03-06,0 days 17:15:19,121,Cheese Quesadillas,Mexican,10.5
3852,2023-03-06,0 days 17:27:18,109,Korean Beef Bowl,Asian,17.95
3852,2023-03-06,0 days 17:27:18,118,Steak Burrito,Mexican,14.95
3852,2023-03-06,0 days 17:27:18,106,French Fries,American,7.0
3853,2023-03-06,0 days 17:46:48,116,Steak Tacos,Mexican,13.95
3853,2023-03-06,0 days 17:46:48,129,Mushroom Ravioli,Italian,15.5
3853,2023-03-06,0 days 17:46:48,113,Edamame,Asian,5.0
3853,2023-03-06,0 days 17:46:48,113,Edamame,Asian,5.0
3854,2023-03-06,0 days 18:00:49,117,Chicken Burrito,Mexican,12.95
3855,2023-03-06,0 days 18:08:43,102,Cheeseburger,American,13.95
3855,2023-03-06,0 days 18:08:43,124,Spaghetti,Italian,14.5
3856,2023-03-06,0 days 18:15:58,125,Spaghetti & Meatballs,Italian,17.95
3856,2023-03-06,0 days 18:15:58,113,Edamame,Asian,5.0
3856,2023-03-06,0 days 18:15:58,120,Steak Torta,Mexican,13.95
3856,2023-03-06,0 days 18:15:58,105,Mac & Cheese,American,7.0
3857,2023-03-06,0 days 18:28:28,113,Edamame,Asian,5.0
3858,2023-03-06,0 days 18:42:52,109,Korean Beef Bowl,Asian,17.95
3858,2023-03-06,0 days 18:42:52,119,Chicken Torta,Mexican,11.95
3858,2023-03-06,0 days 18:42:52,119,Chicken Torta,Mexican,11.95
3859,2023-03-06,0 days 18:48:17,115,Chicken Tacos,Mexican,11.95
3860,2023-03-06,0 days 18:59:18,108,Tofu Pad Thai,Asian,14.5
3860,2023-03-06,0 days 18:59:18,126,Fettuccine Alfredo,Italian,14.5
3860,2023-03-06,0 days 18:59:18,128,Cheese Lasagna,Italian,15.5
3860,2023-03-06,0 days 18:59:18,132,Eggplant Parmesan,Italian,16.95
3861,2023-03-06,0 days 19:15:15,103,Hot Dog,American,9.0
3861,2023-03-06,0 days 19:15:15,126,Fettuccine Alfredo,Italian,14.5
3861,2023-03-06,0 days 19:15:15,112,Salmon Roll,Asian,14.95
3861,2023-03-06,0 days 19:15:15,106,French Fries,American,7.0
3862,2023-03-06,0 days 19:18:42,117,Chicken Burrito,Mexican,12.95
3863,2023-03-06,0 days 19:50:37,110,Pork Ramen,Asian,17.95
3863,2023-03-06,0 days 19:50:37,127,Meat Lasagna,Italian,17.95
3863,2023-03-06,0 days 19:50:37,113,Edamame,Asian,5.0
3864,2023-03-06,0 days 19:57:15,113,Edamame,Asian,5.0
3864,2023-03-06,0 days 19:57:15,106,French Fries,American,7.0
3865,2023-03-06,0 days 19:58:48,124,Spaghetti,Italian,14.5
3865,2023-03-06,0 days 19:58:48,109,Korean Beef Bowl,Asian,17.95
3865,2023-03-06,0 days 19:58:48,122,Chips & Salsa,Mexican,7.0
3865,2023-03-06,0 days 19:58:48,130,Shrimp Scampi,Italian,19.95
3866,2023-03-06,0 days 20:01:26,124,Spaghetti,Italian,14.5
3866,2023-03-06,0 days 20:01:26,112,Salmon Roll,Asian,14.95
3866,2023-03-06,0 days 20:01:26,105,Mac & Cheese,American,7.0
3867,2023-03-06,0 days 20:10:12,101,Hamburger,American,12.95
3867,2023-03-06,0 days 20:10:12,117,Chicken Burrito,Mexican,12.95
3867,2023-03-06,0 days 20:10:12,111,California Roll,Asian,11.95
3868,2023-03-06,0 days 20:18:30,101,Hamburger,American,12.95
3869,2023-03-06,0 days 20:29:18,101,Hamburger,American,12.95
3869,2023-03-06,0 days 20:29:18,118,Steak Burrito,Mexican,14.95
3869,2023-03-06,0 days 20:29:18,119,Chicken Torta,Mexican,11.95
3870,2023-03-06,0 days 20:34:43,102,Cheeseburger,American,13.95
3870,2023-03-06,0 days 20:34:43,124,Spaghetti,Italian,14.5
3870,2023-03-06,0 days 20:34:43,120,Steak Torta,Mexican,13.95
3870,2023-03-06,0 days 20:34:43,132,Eggplant Parmesan,Italian,16.95
3871,2023-03-06,0 days 21:12:07,126,Fettuccine Alfredo,Italian,14.5
3871,2023-03-06,0 days 21:12:07,113,Edamame,Asian,5.0
3871,2023-03-06,0 days 21:12:07,114,Potstickers,Asian,9.0
3872,2023-03-06,0 days 21:18:50,107,Orange Chicken,Asian,16.5
3872,2023-03-06,0 days 21:18:50,119,Chicken Torta,Mexican,11.95
3872,2023-03-06,0 days 21:18:50,130,Shrimp Scampi,Italian,19.95
3873,2023-03-06,0 days 21:22:02,127,Meat Lasagna,Italian,17.95
3874,2023-03-06,0 days 21:28:26,105,Mac & Cheese,American,7.0
3874,2023-03-06,0 days 21:28:26,122,Chips & Salsa,Mexican,7.0
3874,2023-03-06,0 days 21:28:26,106,French Fries,American,7.0
3875,2023-03-06,0 days 21:28:27,107,Orange Chicken,Asian,16.5
3876,2023-03-06,0 days 21:34:49,110,Pork Ramen,Asian,17.95
3877,2023-03-06,0 days 22:13:59,115,Chicken Tacos,Mexican,11.95
3877,2023-03-06,0 days 22:13:59,124,Spaghetti,Italian,14.5
3877,2023-03-06,0 days 22:13:59,123,Chips & Guacamole,Mexican,9.0
3878,2023-03-06,0 days 22:23:06,109,Korean Beef Bowl,Asian,17.95
3879,2023-03-06,0 days 22:41:23,117,Chicken Burrito,Mexican,12.95
3880,2023-03-07,0 days 11:38:08,101,Hamburger,American,12.95
3880,2023-03-07,0 days 11:38:08,112,Salmon Roll,Asian,14.95
3880,2023-03-07,0 days 11:38:08,113,Edamame,Asian,5.0
3880,2023-03-07,0 days 11:38:08,119,Chicken Torta,Mexican,11.95
3881,2023-03-07,0 days 11:46:18,120,Steak Torta,Mexican,13.95
3882,2023-03-07,0 days 11:47:47,107,Orange Chicken,Asian,16.5
3883,2023-03-07,0 days 11:48:30,121,Cheese Quesadillas,Mexican,10.5
3884,2023-03-07,0 days 11:52:36,109,Korean Beef Bowl,Asian,17.95
3884,2023-03-07,0 days 11:52:36,129,Mushroom Ravioli,Italian,15.5
3884,2023-03-07,0 days 11:52:36,118,Steak Burrito,Mexican,14.95
3884,2023-03-07,0 days 11:52:36,130,Shrimp Scampi,Italian,19.95
3885,2023-03-07,0 days 12:08:34,108,Tofu Pad Thai,Asian,14.5
3886,2023-03-07,0 days 12:23:20,116,Steak Tacos,Mexican,13.95
3886,2023-03-07,0 days 12:23:20,102,Cheeseburger,American,13.95
3886,2023-03-07,0 days 12:23:20,127,Meat Lasagna,Italian,17.95
3886,2023-03-07,0 days 12:23:20,111,California Roll,Asian,11.95
3886,2023-03-07,0 days 12:23:20,118,Steak Burrito,Mexican,14.95
3886,2023-03-07,0 days 12:23:20,105,Mac & Cheese,American,7.0
3886,2023-03-07,0 days 12:23:20,130,Shrimp Scampi,Italian,19.95
3886,2023-03-07,0 days 12:23:20,131,Chicken Parmesan,Italian,17.95
3887,2023-03-07,0 days 12:24:10,101,Hamburger,American,12.95
3887,2023-03-07,0 days 12:24:10,101,Hamburger,American,12.95
3887,2023-03-07,0 days 12:24:10,125,Spaghetti & Meatballs,Italian,17.95
3887,2023-03-07,0 days 12:24:10,118,Steak Burrito,Mexican,14.95
3887,2023-03-07,0 days 12:24:10,130,Shrimp Scampi,Italian,19.95
3887,2023-03-07,0 days 12:24:10,131,Chicken Parmesan,Italian,17.95
3887,2023-03-07,0 days 12:24:10,131,Chicken Parmesan,Italian,17.95
3888,2023-03-07,0 days 12:52:11,120,Steak Torta,Mexican,13.95
3889,2023-03-07,0 days 13:28:07,110,Pork Ramen,Asian,17.95
3890,2023-03-07,0 days 14:01:23,117,Chicken Burrito,Mexican,12.95
3891,2023-03-07,0 days 14:42:35,107,Orange Chicken,Asian,16.5
3891,2023-03-07,0 days 14:42:35,132,Eggplant Parmesan,Italian,16.95
3892,2023-03-07,0 days 15:00:38,101,Hamburger,American,12.95
3892,2023-03-07,0 days 15:00:38,102,Cheeseburger,American,13.95
3892,2023-03-07,0 days 15:00:38,103,Hot Dog,American,9.0
3893,2023-03-07,0 days 15:06:30,117,Chicken Burrito,Mexican,12.95
3893,2023-03-07,0 days 15:06:30,132,Eggplant Parmesan,Italian,16.95
3894,2023-03-07,0 days 15:35:59,126,Fettuccine Alfredo,Italian,14.5
3894,2023-03-07,0 days 15:35:59,130,Shrimp Scampi,Italian,19.95
3895,2023-03-07,0 days 16:08:09,107,Orange Chicken,Asian,16.5
3895,2023-03-07,0 days 16:08:09,109,Korean Beef Bowl,Asian,17.95
3895,2023-03-07,0 days 16:08:09,129,Mushroom Ravioli,Italian,15.5
3895,2023-03-07,0 days 16:08:09,132,Eggplant Parmesan,Italian,16.95
3896,2023-03-07,0 days 16:09:05,103,Hot Dog,American,9.0
3896,2023-03-07,0 days 16:09:05,124,Spaghetti,Italian,14.5
3897,2023-03-07,0 days 16:14:53,112,Salmon Roll,Asian,14.95
3898,2023-03-07,0 days 16:15:17,103,Hot Dog,American,9.0
3899,2023-03-07,0 days 16:21:06,102,Cheeseburger,American,13.95
3899,2023-03-07,0 days 16:21:06,111,California Roll,Asian,11.95
3899,2023-03-07,0 days 16:21:06,130,Shrimp Scampi,Italian,19.95
3899,2023-03-07,0 days 16:21:06,106,French Fries,American,7.0
3900,2023-03-07,0 days 16:26:19,104,Veggie Burger,American,10.5
3900,2023-03-07,0 days 16:26:19,108,Tofu Pad Thai,Asian,14.5
3900,2023-03-07,0 days 16:26:19,124,Spaghetti,Italian,14.5
3900,2023-03-07,0 days 16:26:19,126,Fettuccine Alfredo,Italian,14.5
3901,2023-03-07,0 days 16:34:59,126,Fettuccine Alfredo,Italian,14.5
3901,2023-03-07,0 days 16:34:59,127,Meat Lasagna,Italian,17.95
3901,2023-03-07,0 days 16:34:59,129,Mushroom Ravioli,Italian,15.5
3901,2023-03-07,0 days 16:34:59,120,Steak Torta,Mexican,13.95
3902,2023-03-07,0 days 17:01:11,116,Steak Tacos,Mexican,13.95
3903,2023-03-07,0 days 17:18:44,101,Hamburger,American,12.95
3903,2023-03-07,0 days 17:18:44,125,Spaghetti & Meatballs,Italian,17.95
3904,2023-03-07,0 days 17:22:07,121,Cheese Quesadillas,Mexican,10.5
3904,2023-03-07,0 days 17:22:07,131,Chicken Parmesan,Italian,17.95
3905,2023-03-07,0 days 17:39:40,125,Spaghetti & Meatballs,Italian,17.95
3905,2023-03-07,0 days 17:39:40,109,Korean Beef Bowl,Asian,17.95
3905,2023-03-07,0 days 17:39:40,112,Salmon Roll,Asian,14.95
3907,2023-03-07,0 days 18:06:44,107,Orange Chicken,Asian,16.5
3907,2023-03-07,0 days 18:06:44,102,Cheeseburger,American,13.95
3907,2023-03-07,0 days 18:06:44,110,Pork Ramen,Asian,17.95
3908,2023-03-07,0 days 18:17:47,125,Spaghetti & Meatballs,Italian,17.95
3909,2023-03-07,0 days 18:23:27,119,Chicken Torta,Mexican,11.95
3910,2023-03-07,0 days 18:30:46,112,Salmon Roll,Asian,14.95
3911,2023-03-07,0 days 18:41:26,101,Hamburger,American,12.95
3911,2023-03-07,0 days 18:41:26,126,Fettuccine Alfredo,Italian,14.5
3911,2023-03-07,0 days 18:41:26,120,Steak Torta,Mexican,13.95
3911,2023-03-07,0 days 18:41:26,122,Chips & Salsa,Mexican,7.0
3912,2023-03-07,0 days 18:43:59,110,Pork Ramen,Asian,17.95
3913,2023-03-07,0 days 18:45:53,101,Hamburger,American,12.95
3913,2023-03-07,0 days 18:45:53,109,Korean Beef Bowl,Asian,17.95
3913,2023-03-07,0 days 18:45:53,129,Mushroom Ravioli,Italian,15.5
3913,2023-03-07,0 days 18:45:53,130,Shrimp Scampi,Italian,19.95
3914,2023-03-07,0 days 19:08:43,101,Hamburger,American,12.95
3914,2023-03-07,0 days 19:08:43,113,Edamame,Asian,5.0
3914,2023-03-07,0 days 19:08:43,122,Chips & Salsa,Mexican,7.0
3914,2023-03-07,0 days 19:08:43,106,French Fries,American,7.0
3915,2023-03-07,0 days 19:12:55,126,Fettuccine Alfredo,Italian,14.5
3915,2023-03-07,0 days 19:12:55,117,Chicken Burrito,Mexican,12.95
3916,2023-03-07,0 days 19:20:59,126,Fettuccine Alfredo,Italian,14.5
3916,2023-03-07,0 days 19:20:59,113,Edamame,Asian,5.0
3917,2023-03-07,0 days 19:31:49,109,Korean Beef Bowl,Asian,17.95
3917,2023-03-07,0 days 19:31:49,120,Steak Torta,Mexican,13.95
3918,2023-03-07,0 days 19:40:59,107,Orange Chicken,Asian,16.5
3918,2023-03-07,0 days 19:40:59,117,Chicken Burrito,Mexican,12.95
3918,2023-03-07,0 days 19:40:59,120,Steak Torta,Mexican,13.95
3919,2023-03-07,0 days 19:48:54,108,Tofu Pad Thai,Asian,14.5
3919,2023-03-07,0 days 19:48:54,108,Tofu Pad Thai,Asian,14.5
3919,2023-03-07,0 days 19:48:54,117,Chicken Burrito,Mexican,12.95
3919,2023-03-07,0 days 19:48:54,105,Mac & Cheese,American,7.0
3920,2023-03-07,0 days 19:49:06,123,Chips & Guacamole,Mexican,9.0
3920,2023-03-07,0 days 19:49:06,106,French Fries,American,7.0
3921,2023-03-07,0 days 20:10:19,123,Chips & Guacamole,Mexican,9.0
3922,2023-03-07,0 days 20:12:39,111,California Roll,Asian,11.95
3923,2023-03-07,0 days 20:22:59,104,Veggie Burger,American,10.5
3923,2023-03-07,0 days 20:22:59,127,Meat Lasagna,Italian,17.95
3923,2023-03-07,0 days 20:22:59,121,Cheese Quesadillas,Mexican,10.5
3923,2023-03-07,0 days 20:22:59,123,Chips & Guacamole,Mexican,9.0
3924,2023-03-07,0 days 20:33:42,119,Chicken Torta,Mexican,11.95
3924,2023-03-07,0 days 20:33:42,114,Potstickers,Asian,9.0
3925,2023-03-07,0 days 20:39:45,110,Pork Ramen,Asian,17.95
3925,2023-03-07,0 days 20:39:45,117,Chicken Burrito,Mexican,12.95
3925,2023-03-07,0 days 20:39:45,106,French Fries,American,7.0
3926,2023-03-07,0 days 20:49:53,107,Orange Chicken,Asian,16.5
3927,2023-03-07,0 days 20:57:08,117,Chicken Burrito,Mexican,12.95
3927,2023-03-07,0 days 20:57:08,112,Salmon Roll,Asian,14.95
3927,2023-03-07,0 days 20:57:08,118,Steak Burrito,Mexican,14.95
3928,2023-03-07,0 days 21:01:55,101,Hamburger,American,12.95
3928,2023-03-07,0 days 21:01:55,115,Chicken Tacos,Mexican,11.95
3928,2023-03-07,0 days 21:01:55,114,Potstickers,Asian,9.0
3929,2023-03-07,0 days 21:13:37,111,California Roll,Asian,11.95
3929,2023-03-07,0 days 21:13:37,131,Chicken Parmesan,Italian,17.95
3930,2023-03-07,0 days 21:16:27,106,French Fries,American,7.0
3931,2023-03-07,0 days 21:23:14,101,Hamburger,American,12.95
3931,2023-03-07,0 days 21:23:14,105,Mac & Cheese,American,7.0
3932,2023-03-07,0 days 21:49:12,120,Steak Torta,Mexican,13.95
3933,2023-03-07,0 days 22:18:41,112,Salmon Roll,Asian,14.95
3933,2023-03-07,0 days 22:18:41,119,Chicken Torta,Mexican,11.95
3934,2023-03-07,0 days 22:31:24,101,Hamburger,American,12.95
3934,2023-03-07,0 days 22:31:24,121,Cheese Quesadillas,Mexican,10.5
3935,2023-03-07,0 days 22:42:37,103,Hot Dog,American,9.0
3935,2023-03-07,0 days 22:42:37,108,Tofu Pad Thai,Asian,14.5
3935,2023-03-07,0 days 22:42:37,109,Korean Beef Bowl,Asian,17.95
3935,2023-03-07,0 days 22:42:37,112,Salmon Roll,Asian,14.95
3936,2023-03-07,0 days 22:59:17,122,Chips & Salsa,Mexican,7.0
3936,2023-03-07,0 days 22:59:17,131,Chicken Parmesan,Italian,17.95
3937,2023-03-07,0 days 23:02:35,107,Orange Chicken,Asian,16.5
3937,2023-03-07,0 days 23:02:35,127,Meat Lasagna,Italian,17.95
3937,2023-03-07,0 days 23:02:35,131,Chicken Parmesan,Italian,17.95
3938,2023-03-08,0 days 11:50:19,109,Korean Beef Bowl,Asian,17.95
3939,2023-03-08,0 days 12:22:52,120,Steak Torta,Mexican,13.95
3940,2023-03-08,0 days 12:29:28,104,Veggie Burger,American,10.5
3940,2023-03-08,0 days 12:29:28,108,Tofu Pad Thai,Asian,14.5
3940,2023-03-08,0 days 12:29:28,108,Tofu Pad Thai,Asian,14.5
3940,2023-03-08,0 days 12:29:28,125,Spaghetti & Meatballs,Italian,17.95
3940,2023-03-08,0 days 12:29:28,113,Edamame,Asian,5.0
3940,2023-03-08,0 days 12:29:28,113,Edamame,Asian,5.0
3940,2023-03-08,0 days 12:29:28,105,Mac & Cheese,American,7.0
3940,2023-03-08,0 days 12:29:28,122,Chips & Salsa,Mexican,7.0
3940,2023-03-08,0 days 12:29:28,106,French Fries,American,7.0
3940,2023-03-08,0 days 12:29:28,132,Eggplant Parmesan,Italian,16.95
3940,2023-03-08,0 days 12:29:28,132,Eggplant Parmesan,Italian,16.95
3940,2023-03-08,0 days 12:29:28,132,Eggplant Parmesan,Italian,16.95
3941,2023-03-08,0 days 12:31:16,124,Spaghetti,Italian,14.5
3942,2023-03-08,0 days 12:34:14,101,Hamburger,American,12.95
3943,2023-03-08,0 days 12:37:23,103,Hot Dog,American,9.0
3944,2023-03-08,0 days 12:58:48,103,Hot Dog,American,9.0
3944,2023-03-08,0 days 12:58:48,117,Chicken Burrito,Mexican,12.95
3945,2023-03-08,0 days 13:08:44,107,Orange Chicken,Asian,16.5
3945,2023-03-08,0 days 13:08:44,126,Fettuccine Alfredo,Italian,14.5
3945,2023-03-08,0 days 13:08:44,110,Pork Ramen,Asian,17.95
3945,2023-03-08,0 days 13:08:44,113,Edamame,Asian,5.0
3945,2023-03-08,0 days 13:08:44,120,Steak Torta,Mexican,13.95
3945,2023-03-08,0 days 13:08:44,105,Mac & Cheese,American,7.0
3946,2023-03-08,0 days 13:16:01,109,Korean Beef Bowl,Asian,17.95
3946,2023-03-08,0 days 13:16:01,127,Meat Lasagna,Italian,17.95
3947,2023-03-08,0 days 13:18:56,113,Edamame,Asian,5.0
3948,2023-03-08,0 days 13:25:26,127,Meat Lasagna,Italian,17.95
3949,2023-03-08,0 days 13:33:30,102,Cheeseburger,American,13.95
3950,2023-03-08,0 days 13:43:32,107,Orange Chicken,Asian,16.5
3951,2023-03-08,0 days 14:14:25,104,Veggie Burger,American,10.5
3951,2023-03-08,0 days 14:14:25,109,Korean Beef Bowl,Asian,17.95
3951,2023-03-08,0 days 14:14:25,129,Mushroom Ravioli,Italian,15.5
3951,2023-03-08,0 days 14:14:25,106,French Fries,American,7.0
3952,2023-03-08,0 days 14:14:42,101,Hamburger,American,12.95
3953,2023-03-08,0 days 14:35:06,122,Chips & Salsa,Mexican,7.0
3954,2023-03-08,0 days 14:38:40,127,Meat Lasagna,Italian,17.95
3955,2023-03-08,0 days 14:46:52,119,Chicken Torta,Mexican,11.95
3956,2023-03-08,0 days 14:53:46,102,Cheeseburger,American,13.95
3957,2023-03-08,0 days 15:02:47,109,Korean Beef Bowl,Asian,17.95
3958,2023-03-08,0 days 15:13:04,107,Orange Chicken,Asian,16.5
3959,2023-03-08,0 days 15:18:05,102,Cheeseburger,American,13.95
3959,2023-03-08,0 days 15:18:05,118,Steak Burrito,Mexican,14.95
3960,2023-03-08,0 days 15:56:08,117,Chicken Burrito,Mexican,12.95
3960,2023-03-08,0 days 15:56:08,129,Mushroom Ravioli,Italian,15.5
3961,2023-03-08,0 days 15:56:48,122,Chips & Salsa,Mexican,7.0
3962,2023-03-08,0 days 15:58:21,104,Veggie Burger,American,10.5
3963,2023-03-08,0 days 15:59:35,107,Orange Chicken,Asian,16.5
3963,2023-03-08,0 days 15:59:35,109,Korean Beef Bowl,Asian,17.95
3963,2023-03-08,0 days 15:59:35,131,Chicken Parmesan,Italian,17.95
3964,2023-03-08,0 days 16:16:42,125,Spaghetti & Meatballs,Italian,17.95
3964,2023-03-08,0 days 16:16:42,131,Chicken Parmesan,Italian,17.95
3965,2023-03-08,0 days 16:26:39,101,Hamburger,American,12.95
3966,2023-03-08,0 days 16:32:58,107,Orange Chicken,Asian,16.5
3966,2023-03-08,0 days 16:32:58,124,Spaghetti,Italian,14.5
3966,2023-03-08,0 days 16:32:58,109,Korean Beef Bowl,Asian,17.95
3966,2023-03-08,0 days 16:32:58,119,Chicken Torta,Mexican,11.95
3967,2023-03-08,0 days 16:48:23,101,Hamburger,American,12.95
3967,2023-03-08,0 days 16:48:23,115,Chicken Tacos,Mexican,11.95
3968,2023-03-08,0 days 16:55:44,111,California Roll,Asian,11.95
3968,2023-03-08,0 days 16:55:44,118,Steak Burrito,Mexican,14.95
3968,2023-03-08,0 days 16:55:44,119,Chicken Torta,Mexican,11.95
3968,2023-03-08,0 days 16:55:44,121,Cheese Quesadillas,Mexican,10.5
3969,2023-03-08,0 days 16:57:55,128,Cheese Lasagna,Italian,15.5
3970,2023-03-08,0 days 17:07:58,125,Spaghetti & Meatballs,Italian,17.95
3970,2023-03-08,0 days 17:07:58,118,Steak Burrito,Mexican,14.95
3970,2023-03-08,0 days 17:07:58,132,Eggplant Parmesan,Italian,16.95
3971,2023-03-08,0 days 17:13:18,103,Hot Dog,American,9.0
3971,2023-03-08,0 days 17:13:18,117,Chicken Burrito,Mexican,12.95
3971,2023-03-08,0 days 17:13:18,113,Edamame,Asian,5.0
3972,2023-03-08,0 days 17:29:55,101,Hamburger,American,12.95
3972,2023-03-08,0 days 17:29:55,123,Chips & Guacamole,Mexican,9.0
3973,2023-03-08,0 days 17:34:55,125,Spaghetti & Meatballs,Italian,17.95
3973,2023-03-08,0 days 17:34:55,112,Salmon Roll,Asian,14.95
3973,2023-03-08,0 days 17:34:55,122,Chips & Salsa,Mexican,7.0
3973,2023-03-08,0 days 17:34:55,106,French Fries,American,7.0
3974,2023-03-08,0 days 17:41:34,101,Hamburger,American,12.95
3974,2023-03-08,0 days 17:41:34,127,Meat Lasagna,Italian,17.95
3974,2023-03-08,0 days 17:41:34,129,Mushroom Ravioli,Italian,15.5
3974,2023-03-08,0 days 17:41:34,122,Chips & Salsa,Mexican,7.0
3975,2023-03-08,0 days 17:46:49,107,Orange Chicken,Asian,16.5
3976,2023-03-08,0 days 17:51:53,117,Chicken Burrito,Mexican,12.95
3976,2023-03-08,0 days 17:51:53,128,Cheese Lasagna,Italian,15.5
3977,2023-03-08,0 days 17:52:16,116,Steak Tacos,Mexican,13.95
3977,2023-03-08,0 days 17:52:16,108,Tofu Pad Thai,Asian,14.5
3977,2023-03-08,0 days 17:52:16,106,French Fries,American,7.0
3978,2023-03-08,0 days 17:55:21,109,Korean Beef Bowl,Asian,17.95
3978,2023-03-08,0 days 17:55:21,120,Steak Torta,Mexican,13.95
3978,2023-03-08,0 days 17:55:21,106,French Fries,American,7.0
3979,2023-03-08,0 days 18:11:37,109,Korean Beef Bowl,Asian,17.95
3980,2023-03-08,0 days 18:19:16,117,Chicken Burrito,Mexican,12.95
3981,2023-03-08,0 days 18:19:19,108,Tofu Pad Thai,Asian,14.5
3982,2023-03-08,0 days 18:19:27,116,Steak Tacos,Mexican,13.95
3983,2023-03-08,0 days 18:25:31,120,Steak Torta,Mexican,13.95
3984,2023-03-08,0 days 18:28:07,126,Fettuccine Alfredo,Italian,14.5
3984,2023-03-08,0 days 18:28:07,109,Korean Beef Bowl,Asian,17.95
3984,2023-03-08,0 days 18:28:07,113,Edamame,Asian,5.0
3984,2023-03-08,0 days 18:28:07,105,Mac & Cheese,American,7.0
3985,2023-03-08,0 days 18:29:24,110,Pork Ramen,Asian,17.95
3985,2023-03-08,0 days 18:29:24,106,French Fries,American,7.0
3985,2023-03-08,0 days 18:29:24,106,French Fries,American,7.0
3986,2023-03-08,0 days 18:29:51,123,Chips & Guacamole,Mexican,9.0
3987,2023-03-08,0 days 18:33:21,101,Hamburger,American,12.95
3987,2023-03-08,0 days 18:33:21,101,Hamburger,American,12.95
3987,2023-03-08,0 days 18:33:21,119,Chicken Torta,Mexican,11.95
3987,2023-03-08,0 days 18:33:21,105,Mac & Cheese,American,7.0
3988,2023-03-08,0 days 19:27:14,107,Orange Chicken,Asian,16.5
3988,2023-03-08,0 days 19:27:14,125,Spaghetti & Meatballs,Italian,17.95
3989,2023-03-08,0 days 19:53:16,119,Chicken Torta,Mexican,11.95
3989,2023-03-08,0 days 19:53:16,105,Mac & Cheese,American,7.0
3990,2023-03-08,0 days 19:56:35,105,Mac & Cheese,American,7.0
3991,2023-03-08,0 days 20:03:54,126,Fettuccine Alfredo,Italian,14.5
3991,2023-03-08,0 days 20:03:54,111,California Roll,Asian,11.95
3991,2023-03-08,0 days 20:03:54,106,French Fries,American,7.0
3992,2023-03-08,0 days 20:14:02,101,Hamburger,American,12.95
3992,2023-03-08,0 days 20:14:02,107,Orange Chicken,Asian,16.5
3992,2023-03-08,0 days 20:14:02,113,Edamame,Asian,5.0
3992,2023-03-08,0 days 20:14:02,122,Chips & Salsa,Mexican,7.0
3993,2023-03-08,0 days 20:29:17,101,Hamburger,American,12.95
3993,2023-03-08,0 days 20:29:17,103,Hot Dog,American,9.0
3994,2023-03-08,0 days 20:30:09,129,Mushroom Ravioli,Italian,15.5
3995,2023-03-08,0 days 20:47:41,108,Tofu Pad Thai,Asian,14.5
3995,2023-03-08,0 days 20:47:41,121,Cheese Quesadillas,Mexican,10.5
3996,2023-03-08,0 days 20:51:13,101,Hamburger,American,12.95
3996,2023-03-08,0 days 20:51:13,130,Shrimp Scampi,Italian,19.95
3997,2023-03-08,0 days 20:55:45,101,Hamburger,American,12.95
3997,2023-03-08,0 days 20:55:45,104,Veggie Burger,American,10.5
3998,2023-03-08,0 days 21:36:47,106,French Fries,American,7.0
3999,2023-03-08,0 days 21:47:00,103,Hot Dog,American,9.0
3999,2023-03-08,0 days 21:47:00,108,Tofu Pad Thai,Asian,14.5
3999,2023-03-08,0 days 21:47:00,128,Cheese Lasagna,Italian,15.5
4000,2023-03-09,0 days 11:34:01,101,Hamburger,American,12.95
4000,2023-03-09,0 days 11:34:01,126,Fettuccine Alfredo,Italian,14.5
4000,2023-03-09,0 days 11:34:01,121,Cheese Quesadillas,Mexican,10.5
4000,2023-03-09,0 days 11:34:01,106,French Fries,American,7.0
4001,2023-03-09,0 days 11:41:53,128,Cheese Lasagna,Italian,15.5
4001,2023-03-09,0 days 11:41:53,106,French Fries,American,7.0
4002,2023-03-09,0 days 11:46:21,125,Spaghetti & Meatballs,Italian,17.95
4002,2023-03-09,0 days 11:46:21,119,Chicken Torta,Mexican,11.95
4003,2023-03-09,0 days 11:49:50,110,Pork Ramen,Asian,17.95
4004,2023-03-09,0 days 11:53:06,104,Veggie Burger,American,10.5
4005,2023-03-09,0 days 12:40:14,104,Veggie Burger,American,10.5
4005,2023-03-09,0 days 12:40:14,108,Tofu Pad Thai,Asian,14.5
4005,2023-03-09,0 days 12:40:14,108,Tofu Pad Thai,Asian,14.5
4005,2023-03-09,0 days 12:40:14,128,Cheese Lasagna,Italian,15.5
4005,2023-03-09,0 days 12:40:14,129,Mushroom Ravioli,Italian,15.5
4005,2023-03-09,0 days 12:40:14,119,Chicken Torta,Mexican,11.95
4006,2023-03-09,0 days 12:44:49,120,Steak Torta,Mexican,13.95
4007,2023-03-09,0 days 13:03:46,101,Hamburger,American,12.95
4008,2023-03-09,0 days 13:03:47,108,Tofu Pad Thai,Asian,14.5
4008,2023-03-09,0 days 13:03:47,130,Shrimp Scampi,Italian,19.95
4009,2023-03-09,0 days 13:06:54,101,Hamburger,American,12.95
4009,2023-03-09,0 days 13:06:54,101,Hamburger,American,12.95
4010,2023-03-09,0 days 13:07:43,102,Cheeseburger,American,13.95
4010,2023-03-09,0 days 13:07:43,125,Spaghetti & Meatballs,Italian,17.95
4010,2023-03-09,0 days 13:07:43,112,Salmon Roll,Asian,14.95
4010,2023-03-09,0 days 13:07:43,112,Salmon Roll,Asian,14.95
4011,2023-03-09,0 days 13:12:55,105,Mac & Cheese,American,7.0
4012,2023-03-09,0 days 13:17:54,103,Hot Dog,American,9.0
4012,2023-03-09,0 days 13:17:54,124,Spaghetti,Italian,14.5
4012,2023-03-09,0 days 13:17:54,105,Mac & Cheese,American,7.0
4012,2023-03-09,0 days 13:17:54,114,Potstickers,Asian,9.0
4013,2023-03-09,0 days 13:31:53,101,Hamburger,American,12.95
4013,2023-03-09,0 days 13:31:53,124,Spaghetti,Italian,14.5
4014,2023-03-09,0 days 13:39:39,101,Hamburger,American,12.95
4014,2023-03-09,0 days 13:39:39,102,Cheeseburger,American,13.95
4014,2023-03-09,0 days 13:39:39,104,Veggie Burger,American,10.5
4014,2023-03-09,0 days 13:39:39,108,Tofu Pad Thai,Asian,14.5
4014,2023-03-09,0 days 13:39:39,110,Pork Ramen,Asian,17.95
4014,2023-03-09,0 days 13:39:39,117,Chicken Burrito,Mexican,12.95
4014,2023-03-09,0 days 13:39:39,129,Mushroom Ravioli,Italian,15.5
4014,2023-03-09,0 days 13:39:39,113,Edamame,Asian,5.0
4014,2023-03-09,0 days 13:39:39,121,Cheese Quesadillas,Mexican,10.5
4014,2023-03-09,0 days 13:39:39,105,Mac & Cheese,American,7.0
4014,2023-03-09,0 days 13:39:39,122,Chips & Salsa,Mexican,7.0
4014,2023-03-09,0 days 13:39:39,106,French Fries,American,7.0
4015,2023-03-09,0 days 14:05:48,101,Hamburger,American,12.95
4015,2023-03-09,0 days 14:05:48,116,Steak Tacos,Mexican,13.95
4015,2023-03-09,0 days 14:05:48,108,Tofu Pad Thai,Asian,14.5
4015,2023-03-09,0 days 14:05:48,124,Spaghetti,Italian,14.5
4015,2023-03-09,0 days 14:05:48,105,Mac & Cheese,American,7.0
4015,2023-03-09,0 days 14:05:48,122,Chips & Salsa,Mexican,7.0
4016,2023-03-09,0 days 14:09:30,122,Chips & Salsa,Mexican,7.0
4016,2023-03-09,0 days 14:09:30,114,Potstickers,Asian,9.0
4017,2023-03-09,0 days 14:20:15,109,Korean Beef Bowl,Asian,17.95
4018,2023-03-09,0 days 14:46:33,106,French Fries,American,7.0
4019,2023-03-09,0 days 14:55:28,109,Korean Beef Bowl,Asian,17.95
4020,2023-03-09,0 days 15:30:34,123,Chips & Guacamole,Mexican,9.0
4020,2023-03-09,0 days 15:30:34,123,Chips & Guacamole,Mexican,9.0
4021,2023-03-09,0 days 15:39:32,104,Veggie Burger,American,10.5
4021,2023-03-09,0 days 15:39:32,110,Pork Ramen,Asian,17.95
4021,2023-03-09,0 days 15:39:32,110,Pork Ramen,Asian,17.95
4021,2023-03-09,0 days 15:39:32,117,Chicken Burrito,Mexican,12.95
4022,2023-03-09,0 days 16:15:29,105,Mac & Cheese,American,7.0
4022,2023-03-09,0 days 16:15:29,131,Chicken Parmesan,Italian,17.95
4023,2023-03-09,0 days 16:18:37,126,Fettuccine Alfredo,Italian,14.5
4023,2023-03-09,0 days 16:18:37,119,Chicken Torta,Mexican,11.95
4023,2023-03-09,0 days 16:18:37,123,Chips & Guacamole,Mexican,9.0
4024,2023-03-09,0 days 16:26:31,108,Tofu Pad Thai,Asian,14.5
4025,2023-03-09,0 days 16:38:56,103,Hot Dog,American,9.0
4025,2023-03-09,0 days 16:38:56,117,Chicken Burrito,Mexican,12.95
4025,2023-03-09,0 days 16:38:56,127,Meat Lasagna,Italian,17.95
4026,2023-03-09,0 days 16:46:41,105,Mac & Cheese,American,7.0
4026,2023-03-09,0 days 16:46:41,131,Chicken Parmesan,Italian,17.95
4027,2023-03-09,0 days 16:50:50,108,Tofu Pad Thai,Asian,14.5
4027,2023-03-09,0 days 16:50:50,128,Cheese Lasagna,Italian,15.5
4027,2023-03-09,0 days 16:50:50,132,Eggplant Parmesan,Italian,16.95
4028,2023-03-09,0 days 17:04:08,102,Cheeseburger,American,13.95
4029,2023-03-09,0 days 17:08:55,126,Fettuccine Alfredo,Italian,14.5
4029,2023-03-09,0 days 17:08:55,132,Eggplant Parmesan,Italian,16.95
4030,2023-03-09,0 days 17:10:40,107,Orange Chicken,Asian,16.5
4030,2023-03-09,0 days 17:10:40,125,Spaghetti & Meatballs,Italian,17.95
4031,2023-03-09,0 days 17:26:17,107,Orange Chicken,Asian,16.5
4031,2023-03-09,0 days 17:26:17,124,Spaghetti,Italian,14.5
4031,2023-03-09,0 days 17:26:17,109,Korean Beef Bowl,Asian,17.95
4032,2023-03-09,0 days 17:40:50,120,Steak Torta,Mexican,13.95
4032,2023-03-09,0 days 17:40:50,106,French Fries,American,7.0
4033,2023-03-09,0 days 17:43:46,105,Mac & Cheese,American,7.0
4034,2023-03-09,0 days 17:48:17,109,Korean Beef Bowl,Asian,17.95
4034,2023-03-09,0 days 17:48:17,129,Mushroom Ravioli,Italian,15.5
4034,2023-03-09,0 days 17:48:17,113,Edamame,Asian,5.0
4034,2023-03-09,0 days 17:48:17,114,Potstickers,Asian,9.0
4035,2023-03-09,0 days 17:54:50,124,Spaghetti,Italian,14.5
4035,2023-03-09,0 days 17:54:50,131,Chicken Parmesan,Italian,17.95
4036,2023-03-09,0 days 17:56:04,102,Cheeseburger,American,13.95
4036,2023-03-09,0 days 17:56:04,103,Hot Dog,American,9.0
4036,2023-03-09,0 days 17:56:04,125,Spaghetti & Meatballs,Italian,17.95
4036,2023-03-09,0 days 17:56:04,105,Mac & Cheese,American,7.0
4037,2023-03-09,0 days 18:01:34,101,Hamburger,American,12.95
4037,2023-03-09,0 days 18:01:34,125,Spaghetti & Meatballs,Italian,17.95
4037,2023-03-09,0 days 18:01:34,126,Fettuccine Alfredo,Italian,14.5
4037,2023-03-09,0 days 18:01:34,113,Edamame,Asian,5.0
4038,2023-03-09,0 days 18:04:03,130,Shrimp Scampi,Italian,19.95
4038,2023-03-09,0 days 18:04:03,114,Potstickers,Asian,9.0
4039,2023-03-09,0 days 18:13:22,118,Steak Burrito,Mexican,14.95
4040,2023-03-09,0 days 18:31:54,111,California Roll,Asian,11.95
4040,2023-03-09,0 days 18:31:54,118,Steak Burrito,Mexican,14.95
4041,2023-03-09,0 days 18:33:34,107,Orange Chicken,Asian,16.5
4042,2023-03-09,0 days 18:37:43,102,Cheeseburger,American,13.95
4042,2023-03-09,0 days 18:37:43,129,Mushroom Ravioli,Italian,15.5
4043,2023-03-09,0 days 18:37:57,101,Hamburger,American,12.95
4044,2023-03-09,0 days 18:59:49,107,Orange Chicken,Asian,16.5
4044,2023-03-09,0 days 18:59:49,104,Veggie Burger,American,10.5
4045,2023-03-09,0 days 19:07:54,111,California Roll,Asian,11.95
4045,2023-03-09,0 days 19:07:54,119,Chicken Torta,Mexican,11.95
4046,2023-03-09,0 days 19:19:40,102,Cheeseburger,American,13.95
4046,2023-03-09,0 days 19:19:40,109,Korean Beef Bowl,Asian,17.95
4047,2023-03-09,0 days 19:41:26,103,Hot Dog,American,9.0
4048,2023-03-09,0 days 19:42:52,115,Chicken Tacos,Mexican,11.95
4048,2023-03-09,0 days 19:42:52,108,Tofu Pad Thai,Asian,14.5
4048,2023-03-09,0 days 19:42:52,109,Korean Beef Bowl,Asian,17.95
4048,2023-03-09,0 days 19:42:52,114,Potstickers,Asian,9.0
4049,2023-03-09,0 days 20:22:42,115,Chicken Tacos,Mexican,11.95
4049,2023-03-09,0 days 20:22:42,125,Spaghetti & Meatballs,Italian,17.95
4049,2023-03-09,0 days 20:22:42,118,Steak Burrito,Mexican,14.95
4050,2023-03-09,0 days 20:23:00,124,Spaghetti,Italian,14.5
4051,2023-03-09,0 days 20:28:51,101,Hamburger,American,12.95
4051,2023-03-09,0 days 20:28:51,107,Orange Chicken,Asian,16.5
4051,2023-03-09,0 days 20:28:51,113,Edamame,Asian,5.0
4051,2023-03-09,0 days 20:28:51,106,French Fries,American,7.0
4052,2023-03-09,0 days 20:51:47,108,Tofu Pad Thai,Asian,14.5
4052,2023-03-09,0 days 20:51:47,124,Spaghetti,Italian,14.5
4053,2023-03-09,0 days 21:23:40,117,Chicken Burrito,Mexican,12.95
4054,2023-03-09,0 days 21:39:28,121,Cheese Quesadillas,Mexican,10.5
4055,2023-03-09,0 days 21:58:39,116,Steak Tacos,Mexican,13.95
4055,2023-03-09,0 days 21:58:39,113,Edamame,Asian,5.0
4055,2023-03-09,0 days 21:58:39,122,Chips & Salsa,Mexican,7.0
4056,2023-03-10,0 days 11:25:36,108,Tofu Pad Thai,Asian,14.5
4056,2023-03-10,0 days 11:25:36,109,Korean Beef Bowl,Asian,17.95
4056,2023-03-10,0 days 11:25:36,119,Chicken Torta,Mexican,11.95
4056,2023-03-10,0 days 11:25:36,106,French Fries,American,7.0
4057,2023-03-10,0 days 11:28:54,101,Hamburger,American,12.95
4057,2023-03-10,0 days 11:28:54,109,Korean Beef Bowl,Asian,17.95
4058,2023-03-10,0 days 11:36:03,108,Tofu Pad Thai,Asian,14.5
4058,2023-03-10,0 days 11:36:03,125,Spaghetti & Meatballs,Italian,17.95
4058,2023-03-10,0 days 11:36:03,106,French Fries,American,7.0
4059,2023-03-10,0 days 12:06:00,104,Veggie Burger,American,10.5
4060,2023-03-10,0 days 12:25:20,103,Hot Dog,American,9.0
4060,2023-03-10,0 days 12:25:20,110,Pork Ramen,Asian,17.95
4060,2023-03-10,0 days 12:25:20,105,Mac & Cheese,American,7.0
4060,2023-03-10,0 days 12:25:20,122,Chips & Salsa,Mexican,7.0
4061,2023-03-10,0 days 12:27:06,102,Cheeseburger,American,13.95
4062,2023-03-10,0 days 12:29:59,125,Spaghetti & Meatballs,Italian,17.95
4063,2023-03-10,0 days 12:34:52,109,Korean Beef Bowl,Asian,17.95
4063,2023-03-10,0 days 12:34:52,110,Pork Ramen,Asian,17.95
4063,2023-03-10,0 days 12:34:52,113,Edamame,Asian,5.0
4064,2023-03-10,0 days 12:39:50,104,Veggie Burger,American,10.5
4064,2023-03-10,0 days 12:39:50,124,Spaghetti,Italian,14.5
4064,2023-03-10,0 days 12:39:50,109,Korean Beef Bowl,Asian,17.95
4064,2023-03-10,0 days 12:39:50,117,Chicken Burrito,Mexican,12.95
4064,2023-03-10,0 days 12:39:50,113,Edamame,Asian,5.0
4064,2023-03-10,0 days 12:39:50,113,Edamame,Asian,5.0
4064,2023-03-10,0 days 12:39:50,118,Steak Burrito,Mexican,14.95
4064,2023-03-10,0 days 12:39:50,121,Cheese Quesadillas,Mexican,10.5
4064,2023-03-10,0 days 12:39:50,132,Eggplant Parmesan,Italian,16.95
4065,2023-03-10,0 days 12:47:09,122,Chips & Salsa,Mexican,7.0
4066,2023-03-10,0 days 12:50:46,107,Orange Chicken,Asian,16.5
4067,2023-03-10,0 days 12:53:35,131,Chicken Parmesan,Italian,17.95
4068,2023-03-10,0 days 12:56:40,107,Orange Chicken,Asian,16.5
4068,2023-03-10,0 days 12:56:40,103,Hot Dog,American,9.0
4068,2023-03-10,0 days 12:56:40,111,California Roll,Asian,11.95
4068,2023-03-10,0 days 12:56:40,131,Chicken Parmesan,Italian,17.95
4069,2023-03-10,0 days 13:04:35,125,Spaghetti & Meatballs,Italian,17.95
4070,2023-03-10,0 days 13:09:33,108,Tofu Pad Thai,Asian,14.5
4070,2023-03-10,0 days 13:09:33,129,Mushroom Ravioli,Italian,15.5
4071,2023-03-10,0 days 13:11:32,108,Tofu Pad Thai,Asian,14.5
4072,2023-03-10,0 days 13:19:51,102,Cheeseburger,American,13.95
4072,2023-03-10,0 days 13:19:51,108,Tofu Pad Thai,Asian,14.5
4072,2023-03-10,0 days 13:19:51,127,Meat Lasagna,Italian,17.95
4072,2023-03-10,0 days 13:19:51,131,Chicken Parmesan,Italian,17.95
4073,2023-03-10,0 days 13:25:22,125,Spaghetti & Meatballs,Italian,17.95
4073,2023-03-10,0 days 13:25:22,118,Steak Burrito,Mexican,14.95
4073,2023-03-10,0 days 13:25:22,132,Eggplant Parmesan,Italian,16.95
4074,2023-03-10,0 days 13:33:17,106,French Fries,American,7.0
4075,2023-03-10,0 days 13:41:38,122,Chips & Salsa,Mexican,7.0
4076,2023-03-10,0 days 13:43:55,101,Hamburger,American,12.95
4076,2023-03-10,0 days 13:43:55,125,Spaghetti & Meatballs,Italian,17.95
4077,2023-03-10,0 days 13:55:11,104,Veggie Burger,American,10.5
4077,2023-03-10,0 days 13:55:11,108,Tofu Pad Thai,Asian,14.5
4077,2023-03-10,0 days 13:55:11,109,Korean Beef Bowl,Asian,17.95
4077,2023-03-10,0 days 13:55:11,127,Meat Lasagna,Italian,17.95
4077,2023-03-10,0 days 13:55:11,129,Mushroom Ravioli,Italian,15.5
4077,2023-03-10,0 days 13:55:11,120,Steak Torta,Mexican,13.95
4077,2023-03-10,0 days 13:55:11,130,Shrimp Scampi,Italian,19.95
4077,2023-03-10,0 days 13:55:11,106,French Fries,American,7.0
4077,2023-03-10,0 days 13:55:11,132,Eggplant Parmesan,Italian,16.95
4078,2023-03-10,0 days 14:06:41,125,Spaghetti & Meatballs,Italian,17.95
4078,2023-03-10,0 days 14:06:41,109,Korean Beef Bowl,Asian,17.95
4078,2023-03-10,0 days 14:06:41,113,Edamame,Asian,5.0
4078,2023-03-10,0 days 14:06:41,132,Eggplant Parmesan,Italian,16.95
4079,2023-03-10,0 days 14:36:45,101,Hamburger,American,12.95
4080,2023-03-10,0 days 14:38:10,108,Tofu Pad Thai,Asian,14.5
4080,2023-03-10,0 days 14:38:10,114,Potstickers,Asian,9.0
4081,2023-03-10,0 days 14:41:40,105,Mac & Cheese,American,7.0
4082,2023-03-10,0 days 14:53:14,101,Hamburger,American,12.95
4082,2023-03-10,0 days 14:53:14,112,Salmon Roll,Asian,14.95
4083,2023-03-10,0 days 14:53:51,108,Tofu Pad Thai,Asian,14.5
4083,2023-03-10,0 days 14:53:51,130,Shrimp Scampi,Italian,19.95
4083,2023-03-10,0 days 14:53:51,106,French Fries,American,7.0
4084,2023-03-10,0 days 14:56:15,106,French Fries,American,7.0
4085,2023-03-10,0 days 14:58:08,129,Mushroom Ravioli,Italian,15.5
4086,2023-03-10,0 days 15:01:10,128,Cheese Lasagna,Italian,15.5
4086,2023-03-10,0 days 15:01:10,106,French Fries,American,7.0
4087,2023-03-10,0 days 15:42:01,107,Orange Chicken,Asian,16.5
4087,2023-03-10,0 days 15:42:01,124,Spaghetti,Italian,14.5
4087,2023-03-10,0 days 15:42:01,105,Mac & Cheese,American,7.0
4088,2023-03-10,0 days 15:48:01,112,Salmon Roll,Asian,14.95
4088,2023-03-10,0 days 15:48:01,114,Potstickers,Asian,9.0
4089,2023-03-10,0 days 16:04:11,115,Chicken Tacos,Mexican,11.95
4089,2023-03-10,0 days 16:04:11,125,Spaghetti & Meatballs,Italian,17.95
4089,2023-03-10,0 days 16:04:11,117,Chicken Burrito,Mexican,12.95
4089,2023-03-10,0 days 16:04:11,122,Chips & Salsa,Mexican,7.0
4090,2023-03-10,0 days 16:43:06,102,Cheeseburger,American,13.95
4090,2023-03-10,0 days 16:43:06,105,Mac & Cheese,American,7.0
4091,2023-03-10,0 days 16:43:37,126,Fettuccine Alfredo,Italian,14.5
4091,2023-03-10,0 days 16:43:37,106,French Fries,American,7.0
4092,2023-03-10,0 days 16:49:23,125,Spaghetti & Meatballs,Italian,17.95
4092,2023-03-10,0 days 16:49:23,126,Fettuccine Alfredo,Italian,14.5
4093,2023-03-10,0 days 17:11:16,108,Tofu Pad Thai,Asian,14.5
4093,2023-03-10,0 days 17:11:16,124,Spaghetti,Italian,14.5
4093,2023-03-10,0 days 17:11:16,119,Chicken Torta,Mexican,11.95
4093,2023-03-10,0 days 17:11:16,122,Chips & Salsa,Mexican,7.0
4094,2023-03-10,0 days 17:13:54,107,Orange Chicken,Asian,16.5
4095,2023-03-10,0 days 17:22:03,128,Cheese Lasagna,Italian,15.5
4096,2023-03-10,0 days 17:44:06,123,Chips & Guacamole,Mexican,9.0
4097,2023-03-10,0 days 17:57:38,104,Veggie Burger,American,10.5
4097,2023-03-10,0 days 17:57:38,109,Korean Beef Bowl,Asian,17.95
4097,2023-03-10,0 days 17:57:38,129,Mushroom Ravioli,Italian,15.5
4097,2023-03-10,0 days 17:57:38,112,Salmon Roll,Asian,14.95
4098,2023-03-10,0 days 18:20:47,109,Korean Beef Bowl,Asian,17.95
4098,2023-03-10,0 days 18:20:47,122,Chips & Salsa,Mexican,7.0
4099,2023-03-10,0 days 18:21:25,115,Chicken Tacos,Mexican,11.95
4099,2023-03-10,0 days 18:21:25,126,Fettuccine Alfredo,Italian,14.5
4100,2023-03-10,0 days 18:30:06,109,Korean Beef Bowl,Asian,17.95
4101,2023-03-10,0 days 18:42:29,110,Pork Ramen,Asian,17.95
4102,2023-03-10,0 days 18:45:32,107,Orange Chicken,Asian,16.5
4102,2023-03-10,0 days 18:45:32,104,Veggie Burger,American,10.5
4103,2023-03-10,0 days 19:10:04,107,Orange Chicken,Asian,16.5
4103,2023-03-10,0 days 19:10:04,113,Edamame,Asian,5.0
4103,2023-03-10,0 days 19:10:04,120,Steak Torta,Mexican,13.95
4103,2023-03-10,0 days 19:10:04,122,Chips & Salsa,Mexican,7.0
4104,2023-03-10,0 days 19:14:28,105,Mac & Cheese,American,7.0
4105,2023-03-10,0 days 19:30:41,101,Hamburger,American,12.95
4105,2023-03-10,0 days 19:30:41,110,Pork Ramen,Asian,17.95
4105,2023-03-10,0 days 19:30:41,129,Mushroom Ravioli,Italian,15.5
4105,2023-03-10,0 days 19:30:41,132,Eggplant Parmesan,Italian,16.95
4106,2023-03-10,0 days 20:08:25,107,Orange Chicken,Asian,16.5
4106,2023-03-10,0 days 20:08:25,111,California Roll,Asian,11.95
4107,2023-03-10,0 days 20:17:32,117,Chicken Burrito,Mexican,12.95
4107,2023-03-10,0 days 20:17:32,112,Salmon Roll,Asian,14.95
4108,2023-03-10,0 days 20:20:38,101,Hamburger,American,12.95
4108,2023-03-10,0 days 20:20:38,125,Spaghetti & Meatballs,Italian,17.95
4108,2023-03-10,0 days 20:20:38,129,Mushroom Ravioli,Italian,15.5
4108,2023-03-10,0 days 20:20:38,122,Chips & Salsa,Mexican,7.0
4109,2023-03-10,0 days 20:45:34,102,Cheeseburger,American,13.95
4109,2023-03-10,0 days 20:45:34,110,Pork Ramen,Asian,17.95
4109,2023-03-10,0 days 20:45:34,127,Meat Lasagna,Italian,17.95
4109,2023-03-10,0 days 20:45:34,120,Steak Torta,Mexican,13.95
4110,2023-03-10,0 days 20:55:20,125,Spaghetti & Meatballs,Italian,17.95
4110,2023-03-10,0 days 20:55:20,110,Pork Ramen,Asian,17.95
4110,2023-03-10,0 days 20:55:20,117,Chicken Burrito,Mexican,12.95
4110,2023-03-10,0 days 20:55:20,106,French Fries,American,7.0
4111,2023-03-10,0 days 21:05:08,125,Spaghetti & Meatballs,Italian,17.95
4111,2023-03-10,0 days 21:05:08,126,Fettuccine Alfredo,Italian,14.5
4112,2023-03-10,0 days 21:23:19,107,Orange Chicken,Asian,16.5
4112,2023-03-10,0 days 21:23:19,104,Veggie Burger,American,10.5
4112,2023-03-10,0 days 21:23:19,106,French Fries,American,7.0
4113,2023-03-10,0 days 22:13:47,122,Chips & Salsa,Mexican,7.0
4114,2023-03-10,0 days 22:18:08,120,Steak Torta,Mexican,13.95
4115,2023-03-11,0 days 12:01:41,132,Eggplant Parmesan,Italian,16.95
4116,2023-03-11,0 days 12:02:01,106,French Fries,American,7.0
4117,2023-03-11,0 days 12:06:00,105,Mac & Cheese,American,7.0
4118,2023-03-11,0 days 12:10:49,118,Steak Burrito,Mexican,14.95
4119,2023-03-11,0 days 12:17:41,111,California Roll,Asian,11.95
4120,2023-03-11,0 days 12:31:01,111,California Roll,Asian,11.95
4120,2023-03-11,0 days 12:31:01,112,Salmon Roll,Asian,14.95
4121,2023-03-11,0 days 12:37:36,115,Chicken Tacos,Mexican,11.95
4121,2023-03-11,0 days 12:37:36,124,Spaghetti,Italian,14.5
4121,2023-03-11,0 days 12:37:36,109,Korean Beef Bowl,Asian,17.95
4121,2023-03-11,0 days 12:37:36,127,Meat Lasagna,Italian,17.95
4122,2023-03-11,0 days 12:44:34,128,Cheese Lasagna,Italian,15.5
4122,2023-03-11,0 days 12:44:34,105,Mac & Cheese,American,7.0
4122,2023-03-11,0 days 12:44:34,132,Eggplant Parmesan,Italian,16.95
4123,2023-03-11,0 days 12:53:38,107,Orange Chicken,Asian,16.5
4123,2023-03-11,0 days 12:53:38,116,Steak Tacos,Mexican,13.95
4123,2023-03-11,0 days 12:53:38,102,Cheeseburger,American,13.95
4123,2023-03-11,0 days 12:53:38,103,Hot Dog,American,9.0
4123,2023-03-11,0 days 12:53:38,124,Spaghetti,Italian,14.5
4123,2023-03-11,0 days 12:53:38,126,Fettuccine Alfredo,Italian,14.5
4123,2023-03-11,0 days 12:53:38,109,Korean Beef Bowl,Asian,17.95
4123,2023-03-11,0 days 12:53:38,117,Chicken Burrito,Mexican,12.95
4123,2023-03-11,0 days 12:53:38,129,Mushroom Ravioli,Italian,15.5
4123,2023-03-11,0 days 12:53:38,106,French Fries,American,7.0
4123,2023-03-11,0 days 12:53:38,114,Potstickers,Asian,9.0
4124,2023-03-11,0 days 12:54:05,124,Spaghetti,Italian,14.5
4124,2023-03-11,0 days 12:54:05,113,Edamame,Asian,5.0
4124,2023-03-11,0 days 12:54:05,131,Chicken Parmesan,Italian,17.95
4124,2023-03-11,0 days 12:54:05,106,French Fries,American,7.0
4125,2023-03-11,0 days 13:00:09,101,Hamburger,American,12.95
4126,2023-03-11,0 days 13:07:26,120,Steak Torta,Mexican,13.95
4127,2023-03-11,0 days 13:09:51,106,French Fries,American,7.0
4128,2023-03-11,0 days 13:20:46,105,Mac & Cheese,American,7.0
4129,2023-03-11,0 days 13:21:18,124,Spaghetti,Italian,14.5
4130,2023-03-11,0 days 13:22:05,116,Steak Tacos,Mexican,13.95
4130,2023-03-11,0 days 13:22:05,102,Cheeseburger,American,13.95
4130,2023-03-11,0 days 13:22:05,105,Mac & Cheese,American,7.0
4131,2023-03-11,0 days 13:45:13,101,Hamburger,American,12.95
4131,2023-03-11,0 days 13:45:13,101,Hamburger,American,12.95
4131,2023-03-11,0 days 13:45:13,108,Tofu Pad Thai,Asian,14.5
4131,2023-03-11,0 days 13:45:13,128,Cheese Lasagna,Italian,15.5
4131,2023-03-11,0 days 13:45:13,129,Mushroom Ravioli,Italian,15.5
4131,2023-03-11,0 days 13:45:13,113,Edamame,Asian,5.0
4131,2023-03-11,0 days 13:45:13,132,Eggplant Parmesan,Italian,16.95
4132,2023-03-11,0 days 13:49:46,126,Fettuccine Alfredo,Italian,14.5
4132,2023-03-11,0 days 13:49:46,129,Mushroom Ravioli,Italian,15.5
4132,2023-03-11,0 days 13:49:46,105,Mac & Cheese,American,7.0
4132,2023-03-11,0 days 13:49:46,123,Chips & Guacamole,Mexican,9.0
4133,2023-03-11,0 days 14:05:09,105,Mac & Cheese,American,7.0
4134,2023-03-11,0 days 14:23:53,125,Spaghetti & Meatballs,Italian,17.95
4134,2023-03-11,0 days 14:23:53,110,Pork Ramen,Asian,17.95
4135,2023-03-11,0 days 14:25:34,102,Cheeseburger,American,13.95
4135,2023-03-11,0 days 14:25:34,106,French Fries,American,7.0
4136,2023-03-11,0 days 14:33:24,108,Tofu Pad Thai,Asian,14.5
4136,2023-03-11,0 days 14:33:24,119,Chicken Torta,Mexican,11.95
4136,2023-03-11,0 days 14:33:24,120,Steak Torta,Mexican,13.95
4136,2023-03-11,0 days 14:33:24,132,Eggplant Parmesan,Italian,16.95
4137,2023-03-11,0 days 14:33:39,131,Chicken Parmesan,Italian,17.95
4138,2023-03-11,0 days 14:39:14,112,Salmon Roll,Asian,14.95
4138,2023-03-11,0 days 14:39:14,130,Shrimp Scampi,Italian,19.95
4139,2023-03-11,0 days 14:39:27,125,Spaghetti & Meatballs,Italian,17.95
4140,2023-03-11,0 days 15:01:55,113,Edamame,Asian,5.0
4141,2023-03-11,0 days 15:22:38,117,Chicken Burrito,Mexican,12.95
4142,2023-03-11,0 days 15:36:22,119,Chicken Torta,Mexican,11.95
4142,2023-03-11,0 days 15:36:22,123,Chips & Guacamole,Mexican,9.0
4143,2023-03-11,0 days 15:39:09,106,French Fries,American,7.0
4144,2023-03-11,0 days 16:20:07,107,Orange Chicken,Asian,16.5
4145,2023-03-11,0 days 16:23:58,129,Mushroom Ravioli,Italian,15.5
4145,2023-03-11,0 days 16:23:58,121,Cheese Quesadillas,Mexican,10.5
4145,2023-03-11,0 days 16:23:58,131,Chicken Parmesan,Italian,17.95
4145,2023-03-11,0 days 16:23:58,106,French Fries,American,7.0
4146,2023-03-11,0 days 16:25:58,129,Mushroom Ravioli,Italian,15.5
4147,2023-03-11,0 days 16:37:46,110,Pork Ramen,Asian,17.95
4147,2023-03-11,0 days 16:37:46,118,Steak Burrito,Mexican,14.95
4147,2023-03-11,0 days 16:37:46,122,Chips & Salsa,Mexican,7.0
4148,2023-03-11,0 days 16:40:21,106,French Fries,American,7.0
4149,2023-03-11,0 days 16:43:33,102,Cheeseburger,American,13.95
4149,2023-03-11,0 days 16:43:33,124,Spaghetti,Italian,14.5
4150,2023-03-11,0 days 16:45:38,115,Chicken Tacos,Mexican,11.95
4150,2023-03-11,0 days 16:45:38,128,Cheese Lasagna,Italian,15.5
4150,2023-03-11,0 days 16:45:38,120,Steak Torta,Mexican,13.95
4150,2023-03-11,0 days 16:45:38,122,Chips & Salsa,Mexican,7.0
4151,2023-03-11,0 days 16:49:53,121,Cheese Quesadillas,Mexican,10.5
4151,2023-03-11,0 days 16:49:53,131,Chicken Parmesan,Italian,17.95
4152,2023-03-11,0 days 16:51:16,109,Korean Beef Bowl,Asian,17.95
4152,2023-03-11,0 days 16:51:16,127,Meat Lasagna,Italian,17.95
4153,2023-03-11,0 days 17:08:05,105,Mac & Cheese,American,7.0
4153,2023-03-11,0 days 17:08:05,106,French Fries,American,7.0
4154,2023-03-11,0 days 17:11:37,103,Hot Dog,American,9.0
4155,2023-03-11,0 days 17:12:58,124,Spaghetti,Italian,14.5
4155,2023-03-11,0 days 17:12:58,109,Korean Beef Bowl,Asian,17.95
4155,2023-03-11,0 days 17:12:58,105,Mac & Cheese,American,7.0
4156,2023-03-11,0 days 17:18:27,102,Cheeseburger,American,13.95
4157,2023-03-11,0 days 17:29:31,109,Korean Beef Bowl,Asian,17.95
4158,2023-03-11,0 days 17:33:30,116,Steak Tacos,Mexican,13.95
4158,2023-03-11,0 days 17:33:30,129,Mushroom Ravioli,Italian,15.5
4159,2023-03-11,0 days 17:37:24,132,Eggplant Parmesan,Italian,16.95
4160,2023-03-11,0 days 18:17:39,105,Mac & Cheese,American,7.0
4160,2023-03-11,0 days 18:17:39,106,French Fries,American,7.0
4161,2023-03-11,0 days 18:24:12,102,Cheeseburger,American,13.95
4161,2023-03-11,0 days 18:24:12,124,Spaghetti,Italian,14.5
4161,2023-03-11,0 days 18:24:12,130,Shrimp Scampi,Italian,19.95
4162,2023-03-11,0 days 18:27:59,107,Orange Chicken,Asian,16.5
4162,2023-03-11,0 days 18:27:59,125,Spaghetti & Meatballs,Italian,17.95
4162,2023-03-11,0 days 18:27:59,113,Edamame,Asian,5.0
4163,2023-03-11,0 days 18:28:15,108,Tofu Pad Thai,Asian,14.5
4164,2023-03-11,0 days 18:33:24,125,Spaghetti & Meatballs,Italian,17.95
4165,2023-03-11,0 days 18:39:21,118,Steak Burrito,Mexican,14.95
4165,2023-03-11,0 days 18:39:21,119,Chicken Torta,Mexican,11.95
4166,2023-03-11,0 days 18:44:57,124,Spaghetti,Italian,14.5
4166,2023-03-11,0 days 18:44:57,125,Spaghetti & Meatballs,Italian,17.95
4166,2023-03-11,0 days 18:44:57,105,Mac & Cheese,American,7.0
4166,2023-03-11,0 days 18:44:57,122,Chips & Salsa,Mexican,7.0
4167,2023-03-11,0 days 18:46:52,107,Orange Chicken,Asian,16.5
4167,2023-03-11,0 days 18:46:52,103,Hot Dog,American,9.0
4167,2023-03-11,0 days 18:46:52,105,Mac & Cheese,American,7.0
4167,2023-03-11,0 days 18:46:52,132,Eggplant Parmesan,Italian,16.95
4168,2023-03-11,0 days 19:25:05,102,Cheeseburger,American,13.95
4168,2023-03-11,0 days 19:25:05,111,California Roll,Asian,11.95
4169,2023-03-11,0 days 19:52:29,102,Cheeseburger,American,13.95
4170,2023-03-11,0 days 20:01:57,101,Hamburger,American,12.95
4170,2023-03-11,0 days 20:01:57,107,Orange Chicken,Asian,16.5
4170,2023-03-11,0 days 20:01:57,131,Chicken Parmesan,Italian,17.95
4171,2023-03-11,0 days 21:35:22,132,Eggplant Parmesan,Italian,16.95
4172,2023-03-11,0 days 21:49:42,125,Spaghetti & Meatballs,Italian,17.95
4173,2023-03-11,0 days 22:03:13,108,Tofu Pad Thai,Asian,14.5
4173,2023-03-11,0 days 22:03:13,130,Shrimp Scampi,Italian,19.95
4174,2023-03-11,0 days 22:22:00,126,Fettuccine Alfredo,Italian,14.5
4175,2023-03-11,0 days 22:27:17,126,Fettuccine Alfredo,Italian,14.5
4176,2023-03-11,0 days 22:28:40,128,Cheese Lasagna,Italian,15.5
4177,2023-03-12,0 days 11:26:04,116,Steak Tacos,Mexican,13.95
4177,2023-03-12,0 days 11:26:04,129,Mushroom Ravioli,Italian,15.5
4177,2023-03-12,0 days 11:26:04,112,Salmon Roll,Asian,14.95
4177,2023-03-12,0 days 11:26:04,113,Edamame,Asian,5.0
4178,2023-03-12,0 days 11:37:02,102,Cheeseburger,American,13.95
4178,2023-03-12,0 days 11:37:02,112,Salmon Roll,Asian,14.95
4179,2023-03-12,0 days 11:56:55,119,Chicken Torta,Mexican,11.95
4180,2023-03-12,0 days 12:00:07,109,Korean Beef Bowl,Asian,17.95
4180,2023-03-12,0 days 12:00:07,118,Steak Burrito,Mexican,14.95
4181,2023-03-12,0 days 12:08:19,101,Hamburger,American,12.95
4182,2023-03-12,0 days 12:13:53,102,Cheeseburger,American,13.95
4182,2023-03-12,0 days 12:13:53,129,Mushroom Ravioli,Italian,15.5
4182,2023-03-12,0 days 12:13:53,122,Chips & Salsa,Mexican,7.0
4183,2023-03-12,0 days 12:18:35,113,Edamame,Asian,5.0
4184,2023-03-12,0 days 12:19:43,125,Spaghetti & Meatballs,Italian,17.95
4184,2023-03-12,0 days 12:19:43,111,California Roll,Asian,11.95
4184,2023-03-12,0 days 12:19:43,118,Steak Burrito,Mexican,14.95
4184,2023-03-12,0 days 12:19:43,119,Chicken Torta,Mexican,11.95
4184,2023-03-12,0 days 12:19:43,119,Chicken Torta,Mexican,11.95
4185,2023-03-12,0 days 12:34:53,116,Steak Tacos,Mexican,13.95
4186,2023-03-12,0 days 12:38:05,101,Hamburger,American,12.95
4186,2023-03-12,0 days 12:38:05,115,Chicken Tacos,Mexican,11.95
4186,2023-03-12,0 days 12:38:05,102,Cheeseburger,American,13.95
4186,2023-03-12,0 days 12:38:05,126,Fettuccine Alfredo,Italian,14.5
4186,2023-03-12,0 days 12:38:05,110,Pork Ramen,Asian,17.95
4186,2023-03-12,0 days 12:38:05,117,Chicken Burrito,Mexican,12.95
4186,2023-03-12,0 days 12:38:05,127,Meat Lasagna,Italian,17.95
4186,2023-03-12,0 days 12:38:05,111,California Roll,Asian,11.95
4186,2023-03-12,0 days 12:38:05,119,Chicken Torta,Mexican,11.95
4186,2023-03-12,0 days 12:38:05,105,Mac & Cheese,American,7.0
4186,2023-03-12,0 days 12:38:05,131,Chicken Parmesan,Italian,17.95
4186,2023-03-12,0 days 12:38:05,106,French Fries,American,7.0
4187,2023-03-12,0 days 12:44:27,103,Hot Dog,American,9.0
4188,2023-03-12,0 days 13:03:40,106,French Fries,American,7.0
4189,2023-03-12,0 days 13:15:42,101,Hamburger,American,12.95
4189,2023-03-12,0 days 13:15:42,108,Tofu Pad Thai,Asian,14.5
4189,2023-03-12,0 days 13:15:42,124,Spaghetti,Italian,14.5
4189,2023-03-12,0 days 13:15:42,125,Spaghetti & Meatballs,Italian,17.95
4189,2023-03-12,0 days 13:15:42,117,Chicken Burrito,Mexican,12.95
4190,2023-03-12,0 days 13:50:53,124,Spaghetti,Italian,14.5
4191,2023-03-12,0 days 13:55:19,101,Hamburger,American,12.95
4192,2023-03-12,0 days 13:56:27,121,Cheese Quesadillas,Mexican,10.5
4192,2023-03-12,0 days 13:56:27,123,Chips & Guacamole,Mexican,9.0
4193,2023-03-12,0 days 14:05:44,120,Steak Torta,Mexican,13.95
4194,2023-03-12,0 days 14:30:20,125,Spaghetti & Meatballs,Italian,17.95
4194,2023-03-12,0 days 14:30:20,111,California Roll,Asian,11.95
4194,2023-03-12,0 days 14:30:20,112,Salmon Roll,Asian,14.95
4195,2023-03-12,0 days 14:47:42,101,Hamburger,American,12.95
4195,2023-03-12,0 days 14:47:42,125,Spaghetti & Meatballs,Italian,17.95
4195,2023-03-12,0 days 14:47:42,112,Salmon Roll,Asian,14.95
4195,2023-03-12,0 days 14:47:42,120,Steak Torta,Mexican,13.95
4197,2023-03-12,0 days 15:37:29,117,Chicken Burrito,Mexican,12.95
4198,2023-03-12,0 days 15:38:35,131,Chicken Parmesan,Italian,17.95
4198,2023-03-12,0 days 15:38:35,132,Eggplant Parmesan,Italian,16.95
4199,2023-03-12,0 days 15:47:43,125,Spaghetti & Meatballs,Italian,17.95
4199,2023-03-12,0 days 15:47:43,129,Mushroom Ravioli,Italian,15.5
4200,2023-03-12,0 days 15:48:08,125,Spaghetti & Meatballs,Italian,17.95
4201,2023-03-12,0 days 15:50:03,120,Steak Torta,Mexican,13.95
4201,2023-03-12,0 days 15:50:03,131,Chicken Parmesan,Italian,17.95
4202,2023-03-12,0 days 15:51:32,107,Orange Chicken,Asian,16.5
4202,2023-03-12,0 days 15:51:32,116,Steak Tacos,Mexican,13.95
4203,2023-03-12,0 days 16:06:48,116,Steak Tacos,Mexican,13.95
4203,2023-03-12,0 days 16:06:48,109,Korean Beef Bowl,Asian,17.95
4203,2023-03-12,0 days 16:06:48,109,Korean Beef Bowl,Asian,17.95
4204,2023-03-12,0 days 16:10:28,113,Edamame,Asian,5.0
4204,2023-03-12,0 days 16:10:28,123,Chips & Guacamole,Mexican,9.0
4205,2023-03-12,0 days 16:23:53,115,Chicken Tacos,Mexican,11.95
4205,2023-03-12,0 days 16:23:53,112,Salmon Roll,Asian,14.95
4206,2023-03-12,0 days 16:28:16,116,Steak Tacos,Mexican,13.95
4206,2023-03-12,0 days 16:28:16,102,Cheeseburger,American,13.95
4206,2023-03-12,0 days 16:28:16,127,Meat Lasagna,Italian,17.95
4206,2023-03-12,0 days 16:28:16,132,Eggplant Parmesan,Italian,16.95
4207,2023-03-12,0 days 16:39:49,125,Spaghetti & Meatballs,Italian,17.95
4207,2023-03-12,0 days 16:39:49,112,Salmon Roll,Asian,14.95
4207,2023-03-12,0 days 16:39:49,119,Chicken Torta,Mexican,11.95
4207,2023-03-12,0 days 16:39:49,119,Chicken Torta,Mexican,11.95
4208,2023-03-12,0 days 17:00:06,104,Veggie Burger,American,10.5
4208,2023-03-12,0 days 17:00:06,126,Fettuccine Alfredo,Italian,14.5
4208,2023-03-12,0 days 17:00:06,122,Chips & Salsa,Mexican,7.0
4209,2023-03-12,0 days 17:06:27,104,Veggie Burger,American,10.5
4209,2023-03-12,0 days 17:06:27,132,Eggplant Parmesan,Italian,16.95
4210,2023-03-12,0 days 17:14:55,102,Cheeseburger,American,13.95
4210,2023-03-12,0 days 17:14:55,117,Chicken Burrito,Mexican,12.95
4211,2023-03-12,0 days 17:34:27,101,Hamburger,American,12.95
4211,2023-03-12,0 days 17:34:27,115,Chicken Tacos,Mexican,11.95
4212,2023-03-12,0 days 17:44:49,115,Chicken Tacos,Mexican,11.95
4212,2023-03-12,0 days 17:44:49,130,Shrimp Scampi,Italian,19.95
4213,2023-03-12,0 days 18:08:25,125,Spaghetti & Meatballs,Italian,17.95
4213,2023-03-12,0 days 18:08:25,112,Salmon Roll,Asian,14.95
4214,2023-03-12,0 days 18:09:43,101,Hamburger,American,12.95
4215,2023-03-12,0 days 18:21:31,125,Spaghetti & Meatballs,Italian,17.95
4215,2023-03-12,0 days 18:21:31,117,Chicken Burrito,Mexican,12.95
4216,2023-03-12,0 days 18:23:38,107,Orange Chicken,Asian,16.5
4216,2023-03-12,0 days 18:23:38,112,Salmon Roll,Asian,14.95
4216,2023-03-12,0 days 18:23:38,105,Mac & Cheese,American,7.0
4216,2023-03-12,0 days 18:23:38,106,French Fries,American,7.0
4217,2023-03-12,0 days 18:28:33,125,Spaghetti & Meatballs,Italian,17.95
4218,2023-03-12,0 days 18:29:17,130,Shrimp Scampi,Italian,19.95
4219,2023-03-12,0 days 18:45:21,101,Hamburger,American,12.95
4219,2023-03-12,0 days 18:45:21,119,Chicken Torta,Mexican,11.95
4220,2023-03-12,0 days 18:55:05,128,Cheese Lasagna,Italian,15.5
4220,2023-03-12,0 days 18:55:05,120,Steak Torta,Mexican,13.95
4220,2023-03-12,0 days 18:55:05,132,Eggplant Parmesan,Italian,16.95
4221,2023-03-12,0 days 19:07:06,108,Tofu Pad Thai,Asian,14.5
4222,2023-03-12,0 days 19:11:01,117,Chicken Burrito,Mexican,12.95
4223,2023-03-12,0 days 19:39:15,132,Eggplant Parmesan,Italian,16.95
4224,2023-03-12,0 days 20:19:32,108,Tofu Pad Thai,Asian,14.5
4224,2023-03-12,0 days 20:19:32,124,Spaghetti,Italian,14.5
4224,2023-03-12,0 days 20:19:32,119,Chicken Torta,Mexican,11.95
4225,2023-03-12,0 days 20:30:07,111,California Roll,Asian,11.95
4225,2023-03-12,0 days 20:30:07,111,California Roll,Asian,11.95
4226,2023-03-12,0 days 20:58:53,125,Spaghetti & Meatballs,Italian,17.95
4227,2023-03-12,0 days 22:03:24,112,Salmon Roll,Asian,14.95
4227,2023-03-12,0 days 22:03:24,130,Shrimp Scampi,Italian,19.95
4228,2023-03-13,0 days 11:21:11,107,Orange Chicken,Asian,16.5
4228,2023-03-13,0 days 11:21:11,104,Veggie Burger,American,10.5
4228,2023-03-13,0 days 11:21:11,108,Tofu Pad Thai,Asian,14.5
4229,2023-03-13,0 days 11:26:40,120,Steak Torta,Mexican,13.95
4230,2023-03-13,0 days 12:03:46,120,Steak Torta,Mexican,13.95
4231,2023-03-13,0 days 12:11:55,110,Pork Ramen,Asian,17.95
4231,2023-03-13,0 days 12:11:55,105,Mac & Cheese,American,7.0
4232,2023-03-13,0 days 12:22:05,107,Orange Chicken,Asian,16.5
4232,2023-03-13,0 days 12:22:05,108,Tofu Pad Thai,Asian,14.5
4232,2023-03-13,0 days 12:22:05,109,Korean Beef Bowl,Asian,17.95
4232,2023-03-13,0 days 12:22:05,109,Korean Beef Bowl,Asian,17.95
4232,2023-03-13,0 days 12:22:05,110,Pork Ramen,Asian,17.95
4232,2023-03-13,0 days 12:22:05,113,Edamame,Asian,5.0
4232,2023-03-13,0 days 12:22:05,113,Edamame,Asian,5.0
4232,2023-03-13,0 days 12:22:05,118,Steak Burrito,Mexican,14.95
4232,2023-03-13,0 days 12:22:05,120,Steak Torta,Mexican,13.95
4232,2023-03-13,0 days 12:22:05,120,Steak Torta,Mexican,13.95
4232,2023-03-13,0 days 12:22:05,114,Potstickers,Asian,9.0
4233,2023-03-13,0 days 12:26:06,125,Spaghetti & Meatballs,Italian,17.95
4233,2023-03-13,0 days 12:26:06,119,Chicken Torta,Mexican,11.95
4233,2023-03-13,0 days 12:26:06,114,Potstickers,Asian,9.0
4234,2023-03-13,0 days 12:26:55,125,Spaghetti & Meatballs,Italian,17.95
4234,2023-03-13,0 days 12:26:55,113,Edamame,Asian,5.0
4235,2023-03-13,0 days 12:43:20,126,Fettuccine Alfredo,Italian,14.5
4235,2023-03-13,0 days 12:43:20,109,Korean Beef Bowl,Asian,17.95
4235,2023-03-13,0 days 12:43:20,112,Salmon Roll,Asian,14.95
4235,2023-03-13,0 days 12:43:20,122,Chips & Salsa,Mexican,7.0
4235,2023-03-13,0 days 12:43:20,131,Chicken Parmesan,Italian,17.95
4236,2023-03-13,0 days 12:46:50,102,Cheeseburger,American,13.95
4236,2023-03-13,0 days 12:46:50,109,Korean Beef Bowl,Asian,17.95
4236,2023-03-13,0 days 12:46:50,113,Edamame,Asian,5.0
4237,2023-03-13,0 days 12:53:21,106,French Fries,American,7.0
4238,2023-03-13,0 days 12:57:25,108,Tofu Pad Thai,Asian,14.5
4238,2023-03-13,0 days 12:57:25,129,Mushroom Ravioli,Italian,15.5
4238,2023-03-13,0 days 12:57:25,112,Salmon Roll,Asian,14.95
4238,2023-03-13,0 days 12:57:25,121,Cheese Quesadillas,Mexican,10.5
4239,2023-03-13,0 days 12:58:26,112,Salmon Roll,Asian,14.95
4240,2023-03-13,0 days 13:06:51,110,Pork Ramen,Asian,17.95
4240,2023-03-13,0 days 13:06:51,132,Eggplant Parmesan,Italian,16.95
4241,2023-03-13,0 days 13:07:16,107,Orange Chicken,Asian,16.5
4241,2023-03-13,0 days 13:07:16,106,French Fries,American,7.0
4242,2023-03-13,0 days 13:15:50,101,Hamburger,American,12.95
4243,2023-03-13,0 days 13:32:08,125,Spaghetti & Meatballs,Italian,17.95
4244,2023-03-13,0 days 13:32:38,107,Orange Chicken,Asian,16.5
4244,2023-03-13,0 days 13:32:38,117,Chicken Burrito,Mexican,12.95
4244,2023-03-13,0 days 13:32:38,120,Steak Torta,Mexican,13.95
4245,2023-03-13,0 days 13:35:44,102,Cheeseburger,American,13.95
4245,2023-03-13,0 days 13:35:44,108,Tofu Pad Thai,Asian,14.5
4245,2023-03-13,0 days 13:35:44,113,Edamame,Asian,5.0
4245,2023-03-13,0 days 13:35:44,130,Shrimp Scampi,Italian,19.95
4246,2023-03-13,0 days 14:29:34,103,Hot Dog,American,9.0
4247,2023-03-13,0 days 14:34:24,108,Tofu Pad Thai,Asian,14.5
4247,2023-03-13,0 days 14:34:24,125,Spaghetti & Meatballs,Italian,17.95
4247,2023-03-13,0 days 14:34:24,113,Edamame,Asian,5.0
4247,2023-03-13,0 days 14:34:24,131,Chicken Parmesan,Italian,17.95
4248,2023-03-13,0 days 14:52:08,107,Orange Chicken,Asian,16.5
4248,2023-03-13,0 days 14:52:08,110,Pork Ramen,Asian,17.95
4249,2023-03-13,0 days 14:57:41,110,Pork Ramen,Asian,17.95
4249,2023-03-13,0 days 14:57:41,128,Cheese Lasagna,Italian,15.5
4250,2023-03-13,0 days 15:18:42,107,Orange Chicken,Asian,16.5
4250,2023-03-13,0 days 15:18:42,111,California Roll,Asian,11.95
4251,2023-03-13,0 days 15:27:34,127,Meat Lasagna,Italian,17.95
4251,2023-03-13,0 days 15:27:34,120,Steak Torta,Mexican,13.95
4251,2023-03-13,0 days 15:27:34,106,French Fries,American,7.0
4252,2023-03-13,0 days 15:31:07,124,Spaghetti,Italian,14.5
4253,2023-03-13,0 days 16:26:31,106,French Fries,American,7.0
4253,2023-03-13,0 days 16:26:31,106,French Fries,American,7.0
4254,2023-03-13,0 days 16:59:32,108,Tofu Pad Thai,Asian,14.5
4254,2023-03-13,0 days 16:59:32,120,Steak Torta,Mexican,13.95
4254,2023-03-13,0 days 16:59:32,132,Eggplant Parmesan,Italian,16.95
4255,2023-03-13,0 days 17:02:19,119,Chicken Torta,Mexican,11.95
4256,2023-03-13,0 days 17:09:06,129,Mushroom Ravioli,Italian,15.5
4256,2023-03-13,0 days 17:09:06,111,California Roll,Asian,11.95
4257,2023-03-13,0 days 17:15:09,101,Hamburger,American,12.95
4257,2023-03-13,0 days 17:15:09,103,Hot Dog,American,9.0
4257,2023-03-13,0 days 17:15:09,105,Mac & Cheese,American,7.0
4258,2023-03-13,0 days 17:17:57,105,Mac & Cheese,American,7.0
4259,2023-03-13,0 days 17:26:11,107,Orange Chicken,Asian,16.5
4259,2023-03-13,0 days 17:26:11,113,Edamame,Asian,5.0
4260,2023-03-13,0 days 17:27:49,105,Mac & Cheese,American,7.0
4260,2023-03-13,0 days 17:27:49,105,Mac & Cheese,American,7.0
4261,2023-03-13,0 days 17:39:14,101,Hamburger,American,12.95
4261,2023-03-13,0 days 17:39:14,109,Korean Beef Bowl,Asian,17.95
4261,2023-03-13,0 days 17:39:14,113,Edamame,Asian,5.0
4261,2023-03-13,0 days 17:39:14,132,Eggplant Parmesan,Italian,16.95
4262,2023-03-13,0 days 17:44:16,126,Fettuccine Alfredo,Italian,14.5
4263,2023-03-13,0 days 17:48:06,130,Shrimp Scampi,Italian,19.95
4263,2023-03-13,0 days 17:48:06,106,French Fries,American,7.0
4263,2023-03-13,0 days 17:48:06,114,Potstickers,Asian,9.0
4264,2023-03-13,0 days 17:48:27,108,Tofu Pad Thai,Asian,14.5
4264,2023-03-13,0 days 17:48:27,129,Mushroom Ravioli,Italian,15.5
4264,2023-03-13,0 days 17:48:27,111,California Roll,Asian,11.95
4264,2023-03-13,0 days 17:48:27,113,Edamame,Asian,5.0
4265,2023-03-13,0 days 17:53:29,107,Orange Chicken,Asian,16.5
4265,2023-03-13,0 days 17:53:29,122,Chips & Salsa,Mexican,7.0
4266,2023-03-13,0 days 17:54:30,101,Hamburger,American,12.95
4266,2023-03-13,0 days 17:54:30,107,Orange Chicken,Asian,16.5
4266,2023-03-13,0 days 17:54:30,106,French Fries,American,7.0
4267,2023-03-13,0 days 18:07:56,107,Orange Chicken,Asian,16.5
4267,2023-03-13,0 days 18:07:56,102,Cheeseburger,American,13.95
4267,2023-03-13,0 days 18:07:56,106,French Fries,American,7.0
4268,2023-03-13,0 days 18:30:51,108,Tofu Pad Thai,Asian,14.5
4269,2023-03-13,0 days 18:44:54,108,Tofu Pad Thai,Asian,14.5
4269,2023-03-13,0 days 18:44:54,117,Chicken Burrito,Mexican,12.95
4269,2023-03-13,0 days 18:44:54,105,Mac & Cheese,American,7.0
4270,2023-03-13,0 days 18:48:09,129,Mushroom Ravioli,Italian,15.5
4270,2023-03-13,0 days 18:48:09,112,Salmon Roll,Asian,14.95
4271,2023-03-13,0 days 18:53:59,107,Orange Chicken,Asian,16.5
4271,2023-03-13,0 days 18:53:59,115,Chicken Tacos,Mexican,11.95
4271,2023-03-13,0 days 18:53:59,106,French Fries,American,7.0
4272,2023-03-13,0 days 19:00:06,119,Chicken Torta,Mexican,11.95
4272,2023-03-13,0 days 19:00:06,123,Chips & Guacamole,Mexican,9.0
4273,2023-03-13,0 days 19:13:52,129,Mushroom Ravioli,Italian,15.5
4273,2023-03-13,0 days 19:13:52,112,Salmon Roll,Asian,14.95
4273,2023-03-13,0 days 19:13:52,113,Edamame,Asian,5.0
4274,2023-03-13,0 days 19:24:05,125,Spaghetti & Meatballs,Italian,17.95
4275,2023-03-13,0 days 19:25:15,104,Veggie Burger,American,10.5
4276,2023-03-13,0 days 19:26:19,110,Pork Ramen,Asian,17.95
4276,2023-03-13,0 days 19:26:19,117,Chicken Burrito,Mexican,12.95
4276,2023-03-13,0 days 19:26:19,127,Meat Lasagna,Italian,17.95
4276,2023-03-13,0 days 19:26:19,131,Chicken Parmesan,Italian,17.95
4277,2023-03-13,0 days 19:28:56,117,Chicken Burrito,Mexican,12.95
4277,2023-03-13,0 days 19:28:56,127,Meat Lasagna,Italian,17.95
4278,2023-03-13,0 days 19:32:04,101,Hamburger,American,12.95
4278,2023-03-13,0 days 19:32:04,106,French Fries,American,7.0
4279,2023-03-13,0 days 19:35:26,121,Cheese Quesadillas,Mexican,10.5
4279,2023-03-13,0 days 19:35:26,132,Eggplant Parmesan,Italian,16.95
4280,2023-03-13,0 days 19:43:02,129,Mushroom Ravioli,Italian,15.5
4281,2023-03-13,0 days 19:48:52,120,Steak Torta,Mexican,13.95
4282,2023-03-13,0 days 19:48:59,128,Cheese Lasagna,Italian,15.5
4282,2023-03-13,0 days 19:48:59,106,French Fries,American,7.0
4283,2023-03-13,0 days 20:00:35,125,Spaghetti & Meatballs,Italian,17.95
4283,2023-03-13,0 days 20:00:35,109,Korean Beef Bowl,Asian,17.95
4284,2023-03-13,0 days 20:01:36,101,Hamburger,American,12.95
4284,2023-03-13,0 days 20:01:36,106,French Fries,American,7.0
4285,2023-03-13,0 days 20:07:36,108,Tofu Pad Thai,Asian,14.5
4285,2023-03-13,0 days 20:07:36,110,Pork Ramen,Asian,17.95
4285,2023-03-13,0 days 20:07:36,118,Steak Burrito,Mexican,14.95
4285,2023-03-13,0 days 20:07:36,130,Shrimp Scampi,Italian,19.95
4286,2023-03-13,0 days 20:09:22,130,Shrimp Scampi,Italian,19.95
4287,2023-03-13,0 days 20:22:24,107,Orange Chicken,Asian,16.5
4287,2023-03-13,0 days 20:22:24,109,Korean Beef Bowl,Asian,17.95
4288,2023-03-13,0 days 20:33:21,107,Orange Chicken,Asian,16.5
4288,2023-03-13,0 days 20:33:21,127,Meat Lasagna,Italian,17.95
4288,2023-03-13,0 days 20:33:21,130,Shrimp Scampi,Italian,19.95
4289,2023-03-13,0 days 20:47:26,124,Spaghetti,Italian,14.5
4289,2023-03-13,0 days 20:47:26,117,Chicken Burrito,Mexican,12.95
4289,2023-03-13,0 days 20:47:26,105,Mac & Cheese,American,7.0
4290,2023-03-13,0 days 20:51:32,113,Edamame,Asian,5.0
4290,2023-03-13,0 days 20:51:32,122,Chips & Salsa,Mexican,7.0
4290,2023-03-13,0 days 20:51:32,131,Chicken Parmesan,Italian,17.95
4291,2023-03-13,0 days 20:59:18,126,Fettuccine Alfredo,Italian,14.5
4291,2023-03-13,0 days 20:59:18,114,Potstickers,Asian,9.0
4292,2023-03-13,0 days 21:02:53,113,Edamame,Asian,5.0
4292,2023-03-13,0 days 21:02:53,131,Chicken Parmesan,Italian,17.95
4292,2023-03-13,0 days 21:02:53,106,French Fries,American,7.0
4293,2023-03-13,0 days 21:12:29,110,Pork Ramen,Asian,17.95
4294,2023-03-13,0 days 21:14:47,101,Hamburger,American,12.95
4294,2023-03-13,0 days 21:14:47,131,Chicken Parmesan,Italian,17.95
4295,2023-03-13,0 days 21:31:23,107,Orange Chicken,Asian,16.5
4295,2023-03-13,0 days 21:31:23,125,Spaghetti & Meatballs,Italian,17.95
4295,2023-03-13,0 days 21:31:23,113,Edamame,Asian,5.0
4295,2023-03-13,0 days 21:31:23,131,Chicken Parmesan,Italian,17.95
4296,2023-03-13,0 days 21:48:33,123,Chips & Guacamole,Mexican,9.0
4297,2023-03-13,0 days 22:06:21,101,Hamburger,American,12.95
4297,2023-03-13,0 days 22:06:21,102,Cheeseburger,American,13.95
4297,2023-03-13,0 days 22:06:21,103,Hot Dog,American,9.0
4297,2023-03-13,0 days 22:06:21,131,Chicken Parmesan,Italian,17.95
4298,2023-03-13,0 days 22:18:17,104,Veggie Burger,American,10.5
4298,2023-03-13,0 days 22:18:17,110,Pork Ramen,Asian,17.95
4299,2023-03-14,0 days 12:16:45,106,French Fries,American,7.0
4300,2023-03-14,0 days 12:28:34,101,Hamburger,American,12.95
4300,2023-03-14,0 days 12:28:34,101,Hamburger,American,12.95
4300,2023-03-14,0 days 12:28:34,116,Steak Tacos,Mexican,13.95
4301,2023-03-14,0 days 12:43:04,125,Spaghetti & Meatballs,Italian,17.95
4301,2023-03-14,0 days 12:43:04,111,California Roll,Asian,11.95
4302,2023-03-14,0 days 12:47:54,121,Cheese Quesadillas,Mexican,10.5
4303,2023-03-14,0 days 12:49:45,102,Cheeseburger,American,13.95
4303,2023-03-14,0 days 12:49:45,122,Chips & Salsa,Mexican,7.0
4304,2023-03-14,0 days 12:56:21,126,Fettuccine Alfredo,Italian,14.5
4305,2023-03-14,0 days 13:09:20,101,Hamburger,American,12.95
4305,2023-03-14,0 days 13:09:20,102,Cheeseburger,American,13.95
4305,2023-03-14,0 days 13:09:20,124,Spaghetti,Italian,14.5
4305,2023-03-14,0 days 13:09:20,127,Meat Lasagna,Italian,17.95
4305,2023-03-14,0 days 13:09:20,111,California Roll,Asian,11.95
4305,2023-03-14,0 days 13:09:20,112,Salmon Roll,Asian,14.95
4305,2023-03-14,0 days 13:09:20,113,Edamame,Asian,5.0
4305,2023-03-14,0 days 13:09:20,119,Chicken Torta,Mexican,11.95
4305,2023-03-14,0 days 13:09:20,120,Steak Torta,Mexican,13.95
4305,2023-03-14,0 days 13:09:20,121,Cheese Quesadillas,Mexican,10.5
4305,2023-03-14,0 days 13:09:20,131,Chicken Parmesan,Italian,17.95
4305,2023-03-14,0 days 13:09:20,106,French Fries,American,7.0
4305,2023-03-14,0 days 13:09:20,106,French Fries,American,7.0
4305,2023-03-14,0 days 13:09:20,132,Eggplant Parmesan,Italian,16.95
4306,2023-03-14,0 days 13:16:23,102,Cheeseburger,American,13.95
4306,2023-03-14,0 days 13:16:23,129,Mushroom Ravioli,Italian,15.5
4306,2023-03-14,0 days 13:16:23,121,Cheese Quesadillas,Mexican,10.5
4306,2023-03-14,0 days 13:16:23,114,Potstickers,Asian,9.0
4308,2023-03-14,0 days 13:24:46,126,Fettuccine Alfredo,Italian,14.5
4308,2023-03-14,0 days 13:24:46,129,Mushroom Ravioli,Italian,15.5
4309,2023-03-14,0 days 13:46:13,125,Spaghetti & Meatballs,Italian,17.95
4310,2023-03-14,0 days 13:47:57,109,Korean Beef Bowl,Asian,17.95
4310,2023-03-14,0 days 13:47:57,111,California Roll,Asian,11.95
4310,2023-03-14,0 days 13:47:57,105,Mac & Cheese,American,7.0
4310,2023-03-14,0 days 13:47:57,122,Chips & Salsa,Mexican,7.0
4311,2023-03-14,0 days 14:12:12,117,Chicken Burrito,Mexican,12.95
4311,2023-03-14,0 days 14:12:12,129,Mushroom Ravioli,Italian,15.5
4311,2023-03-14,0 days 14:12:12,106,French Fries,American,7.0
4312,2023-03-14,0 days 14:29:59,102,Cheeseburger,American,13.95
4313,2023-03-14,0 days 14:34:28,118,Steak Burrito,Mexican,14.95
4314,2023-03-14,0 days 14:37:47,112,Salmon Roll,Asian,14.95
4314,2023-03-14,0 days 14:37:47,132,Eggplant Parmesan,Italian,16.95
4314,2023-03-14,0 days 14:37:47,132,Eggplant Parmesan,Italian,16.95
4314,2023-03-14,0 days 14:37:47,132,Eggplant Parmesan,Italian,16.95
4315,2023-03-14,0 days 15:19:31,125,Spaghetti & Meatballs,Italian,17.95
4315,2023-03-14,0 days 15:19:31,123,Chips & Guacamole,Mexican,9.0
4316,2023-03-14,0 days 15:35:43,124,Spaghetti,Italian,14.5
4317,2023-03-14,0 days 15:50:39,107,Orange Chicken,Asian,16.5
4317,2023-03-14,0 days 15:50:39,103,Hot Dog,American,9.0
4317,2023-03-14,0 days 15:50:39,112,Salmon Roll,Asian,14.95
4318,2023-03-14,0 days 16:10:10,120,Steak Torta,Mexican,13.95
4319,2023-03-14,0 days 16:10:40,111,California Roll,Asian,11.95
4319,2023-03-14,0 days 16:10:40,131,Chicken Parmesan,Italian,17.95
4320,2023-03-14,0 days 16:22:10,127,Meat Lasagna,Italian,17.95
4320,2023-03-14,0 days 16:22:10,111,California Roll,Asian,11.95
4320,2023-03-14,0 days 16:22:10,113,Edamame,Asian,5.0
4321,2023-03-14,0 days 16:28:24,123,Chips & Guacamole,Mexican,9.0
4322,2023-03-14,0 days 16:34:46,108,Tofu Pad Thai,Asian,14.5
4322,2023-03-14,0 days 16:34:46,110,Pork Ramen,Asian,17.95
4322,2023-03-14,0 days 16:34:46,120,Steak Torta,Mexican,13.95
4323,2023-03-14,0 days 16:38:05,111,California Roll,Asian,11.95
4323,2023-03-14,0 days 16:38:05,130,Shrimp Scampi,Italian,19.95
4324,2023-03-14,0 days 16:42:00,114,Potstickers,Asian,9.0
4325,2023-03-14,0 days 16:44:33,127,Meat Lasagna,Italian,17.95
4325,2023-03-14,0 days 16:44:33,120,Steak Torta,Mexican,13.95
4326,2023-03-14,0 days 16:50:34,107,Orange Chicken,Asian,16.5
4326,2023-03-14,0 days 16:50:34,122,Chips & Salsa,Mexican,7.0
4327,2023-03-14,0 days 16:54:36,119,Chicken Torta,Mexican,11.95
4328,2023-03-14,0 days 17:30:16,120,Steak Torta,Mexican,13.95
4329,2023-03-14,0 days 17:49:13,116,Steak Tacos,Mexican,13.95
4329,2023-03-14,0 days 17:49:13,120,Steak Torta,Mexican,13.95
4330,2023-03-14,0 days 17:50:48,102,Cheeseburger,American,13.95
4330,2023-03-14,0 days 17:50:48,108,Tofu Pad Thai,Asian,14.5
4331,2023-03-14,0 days 17:51:53,125,Spaghetti & Meatballs,Italian,17.95
4331,2023-03-14,0 days 17:51:53,113,Edamame,Asian,5.0
4332,2023-03-14,0 days 18:02:55,101,Hamburger,American,12.95
4333,2023-03-14,0 days 18:18:59,107,Orange Chicken,Asian,16.5
4333,2023-03-14,0 days 18:18:59,131,Chicken Parmesan,Italian,17.95
4334,2023-03-14,0 days 18:36:34,118,Steak Burrito,Mexican,14.95
4335,2023-03-14,0 days 18:38:17,129,Mushroom Ravioli,Italian,15.5
4336,2023-03-14,0 days 18:40:57,120,Steak Torta,Mexican,13.95
4337,2023-03-14,0 days 18:42:43,109,Korean Beef Bowl,Asian,17.95
4337,2023-03-14,0 days 18:42:43,122,Chips & Salsa,Mexican,7.0
4338,2023-03-14,0 days 18:43:22,122,Chips & Salsa,Mexican,7.0
4339,2023-03-14,0 days 18:44:41,121,Cheese Quesadillas,Mexican,10.5
4340,2023-03-14,0 days 18:45:37,116,Steak Tacos,Mexican,13.95
4340,2023-03-14,0 days 18:45:37,110,Pork Ramen,Asian,17.95
4341,2023-03-14,0 days 19:05:47,112,Salmon Roll,Asian,14.95
4341,2023-03-14,0 days 19:05:47,119,Chicken Torta,Mexican,11.95
4342,2023-03-14,0 days 19:43:00,117,Chicken Burrito,Mexican,12.95
4342,2023-03-14,0 days 19:43:00,112,Salmon Roll,Asian,14.95
4342,2023-03-14,0 days 19:43:00,118,Steak Burrito,Mexican,14.95
4342,2023-03-14,0 days 19:43:00,123,Chips & Guacamole,Mexican,9.0
4343,2023-03-14,0 days 19:53:17,109,Korean Beef Bowl,Asian,17.95
4343,2023-03-14,0 days 19:53:17,117,Chicken Burrito,Mexican,12.95
4343,2023-03-14,0 days 19:53:17,111,California Roll,Asian,11.95
4343,2023-03-14,0 days 19:53:17,119,Chicken Torta,Mexican,11.95
4344,2023-03-14,0 days 20:15:55,112,Salmon Roll,Asian,14.95
4344,2023-03-14,0 days 20:15:55,113,Edamame,Asian,5.0
4345,2023-03-14,0 days 20:18:21,102,Cheeseburger,American,13.95
4345,2023-03-14,0 days 20:18:21,111,California Roll,Asian,11.95
4345,2023-03-14,0 days 20:18:21,114,Potstickers,Asian,9.0
4346,2023-03-14,0 days 20:20:18,102,Cheeseburger,American,13.95
4346,2023-03-14,0 days 20:20:18,106,French Fries,American,7.0
4347,2023-03-14,0 days 20:31:44,115,Chicken Tacos,Mexican,11.95
4348,2023-03-14,0 days 20:37:13,132,Eggplant Parmesan,Italian,16.95
4349,2023-03-14,0 days 20:47:01,111,California Roll,Asian,11.95
4350,2023-03-14,0 days 21:02:43,102,Cheeseburger,American,13.95
4350,2023-03-14,0 days 21:02:43,108,Tofu Pad Thai,Asian,14.5
4350,2023-03-14,0 days 21:02:43,124,Spaghetti,Italian,14.5
4350,2023-03-14,0 days 21:02:43,122,Chips & Salsa,Mexican,7.0
4351,2023-03-14,0 days 21:05:17,101,Hamburger,American,12.95
4351,2023-03-14,0 days 21:05:17,109,Korean Beef Bowl,Asian,17.95
4351,2023-03-14,0 days 21:05:17,117,Chicken Burrito,Mexican,12.95
4351,2023-03-14,0 days 21:05:17,131,Chicken Parmesan,Italian,17.95
4352,2023-03-14,0 days 21:22:53,107,Orange Chicken,Asian,16.5
4352,2023-03-14,0 days 21:22:53,104,Veggie Burger,American,10.5
4353,2023-03-14,0 days 21:24:48,127,Meat Lasagna,Italian,17.95
4354,2023-03-14,0 days 22:23:19,130,Shrimp Scampi,Italian,19.95
4355,2023-03-15,0 days 11:40:06,125,Spaghetti & Meatballs,Italian,17.95
4356,2023-03-15,0 days 11:48:27,101,Hamburger,American,12.95
4356,2023-03-15,0 days 11:48:27,102,Cheeseburger,American,13.95
4356,2023-03-15,0 days 11:48:27,111,California Roll,Asian,11.95
4356,2023-03-15,0 days 11:48:27,120,Steak Torta,Mexican,13.95
4357,2023-03-15,0 days 11:49:01,101,Hamburger,American,12.95
4357,2023-03-15,0 days 11:49:01,107,Orange Chicken,Asian,16.5
4357,2023-03-15,0 days 11:49:01,109,Korean Beef Bowl,Asian,17.95
4357,2023-03-15,0 days 11:49:01,112,Salmon Roll,Asian,14.95
4358,2023-03-15,0 days 12:08:34,108,Tofu Pad Thai,Asian,14.5
4358,2023-03-15,0 days 12:08:34,124,Spaghetti,Italian,14.5
4358,2023-03-15,0 days 12:08:34,113,Edamame,Asian,5.0
4359,2023-03-15,0 days 12:42:51,117,Chicken Burrito,Mexican,12.95
4359,2023-03-15,0 days 12:42:51,111,California Roll,Asian,11.95
4359,2023-03-15,0 days 12:42:51,132,Eggplant Parmesan,Italian,16.95
4360,2023-03-15,0 days 13:08:00,117,Chicken Burrito,Mexican,12.95
4361,2023-03-15,0 days 13:08:26,110,Pork Ramen,Asian,17.95
4362,2023-03-15,0 days 13:36:20,116,Steak Tacos,Mexican,13.95
4363,2023-03-15,0 days 13:41:43,116,Steak Tacos,Mexican,13.95
4363,2023-03-15,0 days 13:41:43,125,Spaghetti & Meatballs,Italian,17.95
4363,2023-03-15,0 days 13:41:43,126,Fettuccine Alfredo,Italian,14.5
4363,2023-03-15,0 days 13:41:43,109,Korean Beef Bowl,Asian,17.95
4363,2023-03-15,0 days 13:41:43,117,Chicken Burrito,Mexican,12.95
4363,2023-03-15,0 days 13:41:43,113,Edamame,Asian,5.0
4363,2023-03-15,0 days 13:41:43,118,Steak Burrito,Mexican,14.95
4363,2023-03-15,0 days 13:41:43,131,Chicken Parmesan,Italian,17.95
4363,2023-03-15,0 days 13:41:43,106,French Fries,American,7.0
4363,2023-03-15,0 days 13:41:43,114,Potstickers,Asian,9.0
4364,2023-03-15,0 days 13:43:32,124,Spaghetti,Italian,14.5
4364,2023-03-15,0 days 13:43:32,125,Spaghetti & Meatballs,Italian,17.95
4364,2023-03-15,0 days 13:43:32,110,Pork Ramen,Asian,17.95
4364,2023-03-15,0 days 13:43:32,117,Chicken Burrito,Mexican,12.95
4364,2023-03-15,0 days 13:43:32,128,Cheese Lasagna,Italian,15.5
4364,2023-03-15,0 days 13:43:32,129,Mushroom Ravioli,Italian,15.5
4364,2023-03-15,0 days 13:43:32,131,Chicken Parmesan,Italian,17.95
4364,2023-03-15,0 days 13:43:32,106,French Fries,American,7.0
4365,2023-03-15,0 days 13:55:25,104,Veggie Burger,American,10.5
4365,2023-03-15,0 days 13:55:25,132,Eggplant Parmesan,Italian,16.95
4366,2023-03-15,0 days 14:12:24,125,Spaghetti & Meatballs,Italian,17.95
4367,2023-03-15,0 days 14:18:34,102,Cheeseburger,American,13.95
4368,2023-03-15,0 days 14:29:45,101,Hamburger,American,12.95
4369,2023-03-15,0 days 15:05:40,113,Edamame,Asian,5.0
4369,2023-03-15,0 days 15:05:40,131,Chicken Parmesan,Italian,17.95
4370,2023-03-15,0 days 15:29:07,110,Pork Ramen,Asian,17.95
4371,2023-03-15,0 days 15:42:34,107,Orange Chicken,Asian,16.5
4371,2023-03-15,0 days 15:42:34,124,Spaghetti,Italian,14.5
4371,2023-03-15,0 days 15:42:34,126,Fettuccine Alfredo,Italian,14.5
4372,2023-03-15,0 days 15:45:56,107,Orange Chicken,Asian,16.5
4372,2023-03-15,0 days 15:45:56,129,Mushroom Ravioli,Italian,15.5
4372,2023-03-15,0 days 15:45:56,113,Edamame,Asian,5.0
4372,2023-03-15,0 days 15:45:56,105,Mac & Cheese,American,7.0
4373,2023-03-15,0 days 15:47:01,107,Orange Chicken,Asian,16.5
4374,2023-03-15,0 days 15:48:11,101,Hamburger,American,12.95
4375,2023-03-15,0 days 16:00:44,107,Orange Chicken,Asian,16.5
4375,2023-03-15,0 days 16:00:44,122,Chips & Salsa,Mexican,7.0
4375,2023-03-15,0 days 16:00:44,130,Shrimp Scampi,Italian,19.95
4376,2023-03-15,0 days 16:03:18,118,Steak Burrito,Mexican,14.95
4376,2023-03-15,0 days 16:03:18,120,Steak Torta,Mexican,13.95
4377,2023-03-15,0 days 16:07:56,125,Spaghetti & Meatballs,Italian,17.95
4377,2023-03-15,0 days 16:07:56,120,Steak Torta,Mexican,13.95
4377,2023-03-15,0 days 16:07:56,123,Chips & Guacamole,Mexican,9.0
4378,2023-03-15,0 days 16:12:31,121,Cheese Quesadillas,Mexican,10.5
4378,2023-03-15,0 days 16:12:31,106,French Fries,American,7.0
4379,2023-03-15,0 days 16:12:56,129,Mushroom Ravioli,Italian,15.5
4379,2023-03-15,0 days 16:12:56,111,California Roll,Asian,11.95
4379,2023-03-15,0 days 16:12:56,113,Edamame,Asian,5.0
4380,2023-03-15,0 days 16:14:57,112,Salmon Roll,Asian,14.95
4380,2023-03-15,0 days 16:14:57,131,Chicken Parmesan,Italian,17.95
4380,2023-03-15,0 days 16:14:57,106,French Fries,American,7.0
4381,2023-03-15,0 days 16:31:44,110,Pork Ramen,Asian,17.95
4381,2023-03-15,0 days 16:31:44,112,Salmon Roll,Asian,14.95
4381,2023-03-15,0 days 16:31:44,120,Steak Torta,Mexican,13.95
4381,2023-03-15,0 days 16:31:44,122,Chips & Salsa,Mexican,7.0
4382,2023-03-15,0 days 16:33:38,103,Hot Dog,American,9.0
4382,2023-03-15,0 days 16:33:38,106,French Fries,American,7.0
4383,2023-03-15,0 days 16:38:07,115,Chicken Tacos,Mexican,11.95
4383,2023-03-15,0 days 16:38:07,116,Steak Tacos,Mexican,13.95
4383,2023-03-15,0 days 16:38:07,114,Potstickers,Asian,9.0
4384,2023-03-15,0 days 16:57:07,101,Hamburger,American,12.95
4384,2023-03-15,0 days 16:57:07,121,Cheese Quesadillas,Mexican,10.5
4385,2023-03-15,0 days 17:13:38,103,Hot Dog,American,9.0
4385,2023-03-15,0 days 17:13:38,108,Tofu Pad Thai,Asian,14.5
4385,2023-03-15,0 days 17:13:38,122,Chips & Salsa,Mexican,7.0
4385,2023-03-15,0 days 17:13:38,122,Chips & Salsa,Mexican,7.0
4386,2023-03-15,0 days 17:30:07,108,Tofu Pad Thai,Asian,14.5
4386,2023-03-15,0 days 17:30:07,111,California Roll,Asian,11.95
4386,2023-03-15,0 days 17:30:07,119,Chicken Torta,Mexican,11.95
4387,2023-03-15,0 days 18:01:50,129,Mushroom Ravioli,Italian,15.5
4387,2023-03-15,0 days 18:01:50,123,Chips & Guacamole,Mexican,9.0
4388,2023-03-15,0 days 18:18:55,122,Chips & Salsa,Mexican,7.0
4389,2023-03-15,0 days 18:28:12,108,Tofu Pad Thai,Asian,14.5
4389,2023-03-15,0 days 18:28:12,114,Potstickers,Asian,9.0
4390,2023-03-15,0 days 18:28:49,101,Hamburger,American,12.95
4390,2023-03-15,0 days 18:28:49,106,French Fries,American,7.0
4391,2023-03-15,0 days 18:35:20,102,Cheeseburger,American,13.95
4391,2023-03-15,0 days 18:35:20,126,Fettuccine Alfredo,Italian,14.5
4391,2023-03-15,0 days 18:35:20,112,Salmon Roll,Asian,14.95
4391,2023-03-15,0 days 18:35:20,106,French Fries,American,7.0
4392,2023-03-15,0 days 18:44:40,110,Pork Ramen,Asian,17.95
4392,2023-03-15,0 days 18:44:40,132,Eggplant Parmesan,Italian,16.95
4393,2023-03-15,0 days 18:48:37,109,Korean Beef Bowl,Asian,17.95
4393,2023-03-15,0 days 18:48:37,131,Chicken Parmesan,Italian,17.95
4394,2023-03-15,0 days 18:56:08,108,Tofu Pad Thai,Asian,14.5
4394,2023-03-15,0 days 18:56:08,111,California Roll,Asian,11.95
4395,2023-03-15,0 days 19:02:12,110,Pork Ramen,Asian,17.95
4395,2023-03-15,0 days 19:02:12,130,Shrimp Scampi,Italian,19.95
4395,2023-03-15,0 days 19:02:12,131,Chicken Parmesan,Italian,17.95
4396,2023-03-15,0 days 19:37:36,101,Hamburger,American,12.95
4396,2023-03-15,0 days 19:37:36,112,Salmon Roll,Asian,14.95
4396,2023-03-15,0 days 19:37:36,119,Chicken Torta,Mexican,11.95
4397,2023-03-15,0 days 19:49:03,101,Hamburger,American,12.95
4397,2023-03-15,0 days 19:49:03,101,Hamburger,American,12.95
4397,2023-03-15,0 days 19:49:03,109,Korean Beef Bowl,Asian,17.95
4398,2023-03-15,0 days 19:55:56,106,French Fries,American,7.0
4399,2023-03-15,0 days 20:19:34,107,Orange Chicken,Asian,16.5
4400,2023-03-15,0 days 20:49:02,110,Pork Ramen,Asian,17.95
4400,2023-03-15,0 days 20:49:02,105,Mac & Cheese,American,7.0
4400,2023-03-15,0 days 20:49:02,132,Eggplant Parmesan,Italian,16.95
4401,2023-03-15,0 days 21:03:16,125,Spaghetti & Meatballs,Italian,17.95
4401,2023-03-15,0 days 21:03:16,106,French Fries,American,7.0
4401,2023-03-15,0 days 21:03:16,106,French Fries,American,7.0
4402,2023-03-15,0 days 21:26:48,109,Korean Beef Bowl,Asian,17.95
4403,2023-03-15,0 days 22:17:47,108,Tofu Pad Thai,Asian,14.5
4403,2023-03-15,0 days 22:17:47,109,Korean Beef Bowl,Asian,17.95
4404,2023-03-16,0 days 11:18:16,111,California Roll,Asian,11.95
4404,2023-03-16,0 days 11:18:16,122,Chips & Salsa,Mexican,7.0
4405,2023-03-16,0 days 11:55:19,107,Orange Chicken,Asian,16.5
4405,2023-03-16,0 days 11:55:19,110,Pork Ramen,Asian,17.95
4406,2023-03-16,0 days 12:04:29,118,Steak Burrito,Mexican,14.95
4406,2023-03-16,0 days 12:04:29,119,Chicken Torta,Mexican,11.95
4406,2023-03-16,0 days 12:04:29,120,Steak Torta,Mexican,13.95
4407,2023-03-16,0 days 12:10:54,132,Eggplant Parmesan,Italian,16.95
4408,2023-03-16,0 days 12:11:56,130,Shrimp Scampi,Italian,19.95
4409,2023-03-16,0 days 12:14:11,118,Steak Burrito,Mexican,14.95
4411,2023-03-16,0 days 12:16:56,113,Edamame,Asian,5.0
4412,2023-03-16,0 days 12:18:01,125,Spaghetti & Meatballs,Italian,17.95
4412,2023-03-16,0 days 12:18:01,112,Salmon Roll,Asian,14.95
4413,2023-03-16,0 days 12:23:40,108,Tofu Pad Thai,Asian,14.5
4414,2023-03-16,0 days 12:24:49,108,Tofu Pad Thai,Asian,14.5
4415,2023-03-16,0 days 12:26:22,102,Cheeseburger,American,13.95
4416,2023-03-16,0 days 12:33:50,124,Spaghetti,Italian,14.5
4416,2023-03-16,0 days 12:33:50,125,Spaghetti & Meatballs,Italian,17.95
4416,2023-03-16,0 days 12:33:50,118,Steak Burrito,Mexican,14.95
4416,2023-03-16,0 days 12:33:50,131,Chicken Parmesan,Italian,17.95
4416,2023-03-16,0 days 12:33:50,114,Potstickers,Asian,9.0
4416,2023-03-16,0 days 12:33:50,132,Eggplant Parmesan,Italian,16.95
4417,2023-03-16,0 days 12:34:38,112,Salmon Roll,Asian,14.95
4418,2023-03-16,0 days 12:48:27,125,Spaghetti & Meatballs,Italian,17.95
4419,2023-03-16,0 days 13:09:10,104,Veggie Burger,American,10.5
4420,2023-03-16,0 days 13:12:50,107,Orange Chicken,Asian,16.5
4420,2023-03-16,0 days 13:12:50,105,Mac & Cheese,American,7.0
4421,2023-03-16,0 days 13:13:23,108,Tofu Pad Thai,Asian,14.5
4422,2023-03-16,0 days 13:14:57,101,Hamburger,American,12.95
4422,2023-03-16,0 days 13:14:57,125,Spaghetti & Meatballs,Italian,17.95
4422,2023-03-16,0 days 13:14:57,109,Korean Beef Bowl,Asian,17.95
4422,2023-03-16,0 days 13:14:57,111,California Roll,Asian,11.95
4422,2023-03-16,0 days 13:14:57,111,California Roll,Asian,11.95
4422,2023-03-16,0 days 13:14:57,112,Salmon Roll,Asian,14.95
4422,2023-03-16,0 days 13:14:57,119,Chicken Torta,Mexican,11.95
4422,2023-03-16,0 days 13:14:57,131,Chicken Parmesan,Italian,17.95
4422,2023-03-16,0 days 13:14:57,106,French Fries,American,7.0
4422,2023-03-16,0 days 13:14:57,106,French Fries,American,7.0
4422,2023-03-16,0 days 13:14:57,114,Potstickers,Asian,9.0
4423,2023-03-16,0 days 13:25:45,103,Hot Dog,American,9.0
4423,2023-03-16,0 days 13:25:45,104,Veggie Burger,American,10.5
4423,2023-03-16,0 days 13:25:45,109,Korean Beef Bowl,Asian,17.95
4423,2023-03-16,0 days 13:25:45,109,Korean Beef Bowl,Asian,17.95
4423,2023-03-16,0 days 13:25:45,118,Steak Burrito,Mexican,14.95
4423,2023-03-16,0 days 13:25:45,131,Chicken Parmesan,Italian,17.95
4423,2023-03-16,0 days 13:25:45,131,Chicken Parmesan,Italian,17.95
4424,2023-03-16,0 days 13:34:37,124,Spaghetti,Italian,14.5
4425,2023-03-16,0 days 13:39:34,107,Orange Chicken,Asian,16.5
4425,2023-03-16,0 days 13:39:34,110,Pork Ramen,Asian,17.95
4425,2023-03-16,0 days 13:39:34,117,Chicken Burrito,Mexican,12.95
4425,2023-03-16,0 days 13:39:34,121,Cheese Quesadillas,Mexican,10.5
4426,2023-03-16,0 days 13:45:41,118,Steak Burrito,Mexican,14.95
4426,2023-03-16,0 days 13:45:41,122,Chips & Salsa,Mexican,7.0
4427,2023-03-16,0 days 13:51:45,126,Fettuccine Alfredo,Italian,14.5
4428,2023-03-16,0 days 14:00:48,111,California Roll,Asian,11.95
4428,2023-03-16,0 days 14:00:48,112,Salmon Roll,Asian,14.95
4428,2023-03-16,0 days 14:00:48,119,Chicken Torta,Mexican,11.95
4429,2023-03-16,0 days 14:07:00,102,Cheeseburger,American,13.95
4430,2023-03-16,0 days 14:47:48,122,Chips & Salsa,Mexican,7.0
4431,2023-03-16,0 days 14:55:57,110,Pork Ramen,Asian,17.95
4432,2023-03-16,0 days 15:00:56,107,Orange Chicken,Asian,16.5
4432,2023-03-16,0 days 15:00:56,110,Pork Ramen,Asian,17.95
4432,2023-03-16,0 days 15:00:56,105,Mac & Cheese,American,7.0
4433,2023-03-16,0 days 15:36:28,122,Chips & Salsa,Mexican,7.0
4434,2023-03-16,0 days 16:01:07,132,Eggplant Parmesan,Italian,16.95
4435,2023-03-16,0 days 16:02:07,128,Cheese Lasagna,Italian,15.5
4436,2023-03-16,0 days 16:08:15,117,Chicken Burrito,Mexican,12.95
4436,2023-03-16,0 days 16:08:15,127,Meat Lasagna,Italian,17.95
4437,2023-03-16,0 days 16:16:14,128,Cheese Lasagna,Italian,15.5
4438,2023-03-16,0 days 16:30:22,101,Hamburger,American,12.95
4438,2023-03-16,0 days 16:30:22,107,Orange Chicken,Asian,16.5
4438,2023-03-16,0 days 16:30:22,125,Spaghetti & Meatballs,Italian,17.95
4439,2023-03-16,0 days 16:47:29,102,Cheeseburger,American,13.95
4439,2023-03-16,0 days 16:47:29,117,Chicken Burrito,Mexican,12.95
4439,2023-03-16,0 days 16:47:29,131,Chicken Parmesan,Italian,17.95
4440,2023-03-16,0 days 16:47:41,101,Hamburger,American,12.95
4440,2023-03-16,0 days 16:47:41,119,Chicken Torta,Mexican,11.95
4441,2023-03-16,0 days 16:57:19,107,Orange Chicken,Asian,16.5
4441,2023-03-16,0 days 16:57:19,103,Hot Dog,American,9.0
4441,2023-03-16,0 days 16:57:19,125,Spaghetti & Meatballs,Italian,17.95
4441,2023-03-16,0 days 16:57:19,109,Korean Beef Bowl,Asian,17.95
4442,2023-03-16,0 days 17:04:37,102,Cheeseburger,American,13.95
4442,2023-03-16,0 days 17:04:37,125,Spaghetti & Meatballs,Italian,17.95
4443,2023-03-16,0 days 17:27:27,120,Steak Torta,Mexican,13.95
4444,2023-03-16,0 days 17:28:55,108,Tofu Pad Thai,Asian,14.5
4444,2023-03-16,0 days 17:28:55,117,Chicken Burrito,Mexican,12.95
4444,2023-03-16,0 days 17:28:55,113,Edamame,Asian,5.0
4444,2023-03-16,0 days 17:28:55,130,Shrimp Scampi,Italian,19.95
4445,2023-03-16,0 days 17:33:20,124,Spaghetti,Italian,14.5
4445,2023-03-16,0 days 17:33:20,120,Steak Torta,Mexican,13.95
4445,2023-03-16,0 days 17:33:20,132,Eggplant Parmesan,Italian,16.95
4446,2023-03-16,0 days 17:35:10,126,Fettuccine Alfredo,Italian,14.5
4447,2023-03-16,0 days 17:46:16,101,Hamburger,American,12.95
4447,2023-03-16,0 days 17:46:16,112,Salmon Roll,Asian,14.95
4447,2023-03-16,0 days 17:46:16,113,Edamame,Asian,5.0
4447,2023-03-16,0 days 17:46:16,132,Eggplant Parmesan,Italian,16.95
4448,2023-03-16,0 days 17:47:46,131,Chicken Parmesan,Italian,17.95
4449,2023-03-16,0 days 17:49:16,125,Spaghetti & Meatballs,Italian,17.95
4449,2023-03-16,0 days 17:49:16,109,Korean Beef Bowl,Asian,17.95
4450,2023-03-16,0 days 18:16:34,122,Chips & Salsa,Mexican,7.0
4451,2023-03-16,0 days 18:21:03,126,Fettuccine Alfredo,Italian,14.5
4451,2023-03-16,0 days 18:21:03,106,French Fries,American,7.0
4452,2023-03-16,0 days 18:25:34,114,Potstickers,Asian,9.0
4453,2023-03-16,0 days 18:28:00,122,Chips & Salsa,Mexican,7.0
4454,2023-03-16,0 days 18:29:04,102,Cheeseburger,American,13.95
4454,2023-03-16,0 days 18:29:04,123,Chips & Guacamole,Mexican,9.0
4455,2023-03-16,0 days 18:30:50,101,Hamburger,American,12.95
4455,2023-03-16,0 days 18:30:50,112,Salmon Roll,Asian,14.95
4456,2023-03-16,0 days 18:33:20,131,Chicken Parmesan,Italian,17.95
4456,2023-03-16,0 days 18:33:20,131,Chicken Parmesan,Italian,17.95
4457,2023-03-16,0 days 18:41:34,111,California Roll,Asian,11.95
4457,2023-03-16,0 days 18:41:34,113,Edamame,Asian,5.0
4457,2023-03-16,0 days 18:41:34,118,Steak Burrito,Mexican,14.95
4457,2023-03-16,0 days 18:41:34,106,French Fries,American,7.0
4458,2023-03-16,0 days 19:02:27,124,Spaghetti,Italian,14.5
4458,2023-03-16,0 days 19:02:27,110,Pork Ramen,Asian,17.95
4458,2023-03-16,0 days 19:02:27,106,French Fries,American,7.0
4459,2023-03-16,0 days 19:07:02,122,Chips & Salsa,Mexican,7.0
4460,2023-03-16,0 days 19:08:35,107,Orange Chicken,Asian,16.5
4460,2023-03-16,0 days 19:08:35,116,Steak Tacos,Mexican,13.95
4460,2023-03-16,0 days 19:08:35,125,Spaghetti & Meatballs,Italian,17.95
4460,2023-03-16,0 days 19:08:35,129,Mushroom Ravioli,Italian,15.5
4461,2023-03-16,0 days 19:12:14,120,Steak Torta,Mexican,13.95
4462,2023-03-16,0 days 19:17:34,114,Potstickers,Asian,9.0
4463,2023-03-16,0 days 19:27:52,107,Orange Chicken,Asian,16.5
4463,2023-03-16,0 days 19:27:52,105,Mac & Cheese,American,7.0
4464,2023-03-16,0 days 19:28:38,103,Hot Dog,American,9.0
4464,2023-03-16,0 days 19:28:38,105,Mac & Cheese,American,7.0
4465,2023-03-16,0 days 19:47:28,127,Meat Lasagna,Italian,17.95
4466,2023-03-16,0 days 19:51:03,102,Cheeseburger,American,13.95
4466,2023-03-16,0 days 19:51:03,117,Chicken Burrito,Mexican,12.95
4467,2023-03-16,0 days 20:29:39,110,Pork Ramen,Asian,17.95
4467,2023-03-16,0 days 20:29:39,111,California Roll,Asian,11.95
4467,2023-03-16,0 days 20:29:39,123,Chips & Guacamole,Mexican,9.0
4468,2023-03-16,0 days 21:13:23,132,Eggplant Parmesan,Italian,16.95
4469,2023-03-16,0 days 22:47:49,104,Veggie Burger,American,10.5
4469,2023-03-16,0 days 22:47:49,122,Chips & Salsa,Mexican,7.0
4469,2023-03-16,0 days 22:47:49,132,Eggplant Parmesan,Italian,16.95
4470,2023-03-17,0 days 11:40:42,113,Edamame,Asian,5.0
4470,2023-03-17,0 days 11:40:42,120,Steak Torta,Mexican,13.95
4470,2023-03-17,0 days 11:40:42,131,Chicken Parmesan,Italian,17.95
4471,2023-03-17,0 days 11:43:47,107,Orange Chicken,Asian,16.5
4471,2023-03-17,0 days 11:43:47,110,Pork Ramen,Asian,17.95
4471,2023-03-17,0 days 11:43:47,131,Chicken Parmesan,Italian,17.95
4471,2023-03-17,0 days 11:43:47,106,French Fries,American,7.0
4472,2023-03-17,0 days 11:58:27,110,Pork Ramen,Asian,17.95
4473,2023-03-17,0 days 12:18:19,117,Chicken Burrito,Mexican,12.95
4474,2023-03-17,0 days 12:33:23,101,Hamburger,American,12.95
4474,2023-03-17,0 days 12:33:23,117,Chicken Burrito,Mexican,12.95
4475,2023-03-17,0 days 12:56:00,121,Cheese Quesadillas,Mexican,10.5
4476,2023-03-17,0 days 12:59:34,118,Steak Burrito,Mexican,14.95
4477,2023-03-17,0 days 13:03:10,101,Hamburger,American,12.95
4477,2023-03-17,0 days 13:03:10,107,Orange Chicken,Asian,16.5
4477,2023-03-17,0 days 13:03:10,105,Mac & Cheese,American,7.0
4477,2023-03-17,0 days 13:03:10,122,Chips & Salsa,Mexican,7.0
4478,2023-03-17,0 days 13:13:09,116,Steak Tacos,Mexican,13.95
4478,2023-03-17,0 days 13:13:09,126,Fettuccine Alfredo,Italian,14.5
4478,2023-03-17,0 days 13:13:09,131,Chicken Parmesan,Italian,17.95
4478,2023-03-17,0 days 13:13:09,114,Potstickers,Asian,9.0
4479,2023-03-17,0 days 13:33:20,107,Orange Chicken,Asian,16.5
4479,2023-03-17,0 days 13:33:20,103,Hot Dog,American,9.0
4479,2023-03-17,0 days 13:33:20,125,Spaghetti & Meatballs,Italian,17.95
4479,2023-03-17,0 days 13:33:20,126,Fettuccine Alfredo,Italian,14.5
4479,2023-03-17,0 days 13:33:20,129,Mushroom Ravioli,Italian,15.5
4479,2023-03-17,0 days 13:33:20,111,California Roll,Asian,11.95
4479,2023-03-17,0 days 13:33:20,121,Cheese Quesadillas,Mexican,10.5
4479,2023-03-17,0 days 13:33:20,105,Mac & Cheese,American,7.0
4479,2023-03-17,0 days 13:33:20,131,Chicken Parmesan,Italian,17.95
4479,2023-03-17,0 days 13:33:20,106,French Fries,American,7.0
4480,2023-03-17,0 days 13:41:29,101,Hamburger,American,12.95
4481,2023-03-17,0 days 13:46:18,108,Tofu Pad Thai,Asian,14.5
4482,2023-03-17,0 days 13:57:38,102,Cheeseburger,American,13.95
4482,2023-03-17,0 days 13:57:38,108,Tofu Pad Thai,Asian,14.5
4482,2023-03-17,0 days 13:57:38,125,Spaghetti & Meatballs,Italian,17.95
4482,2023-03-17,0 days 13:57:38,109,Korean Beef Bowl,Asian,17.95
4482,2023-03-17,0 days 13:57:38,117,Chicken Burrito,Mexican,12.95
4482,2023-03-17,0 days 13:57:38,117,Chicken Burrito,Mexican,12.95
4482,2023-03-17,0 days 13:57:38,129,Mushroom Ravioli,Italian,15.5
4482,2023-03-17,0 days 13:57:38,111,California Roll,Asian,11.95
4482,2023-03-17,0 days 13:57:38,118,Steak Burrito,Mexican,14.95
4482,2023-03-17,0 days 13:57:38,120,Steak Torta,Mexican,13.95
4482,2023-03-17,0 days 13:57:38,120,Steak Torta,Mexican,13.95
4482,2023-03-17,0 days 13:57:38,105,Mac & Cheese,American,7.0
4482,2023-03-17,0 days 13:57:38,132,Eggplant Parmesan,Italian,16.95
4483,2023-03-17,0 days 14:14:26,108,Tofu Pad Thai,Asian,14.5
4484,2023-03-17,0 days 14:22:39,101,Hamburger,American,12.95
4484,2023-03-17,0 days 14:22:39,123,Chips & Guacamole,Mexican,9.0
4485,2023-03-17,0 days 14:30:10,117,Chicken Burrito,Mexican,12.95
4485,2023-03-17,0 days 14:30:10,128,Cheese Lasagna,Italian,15.5
4486,2023-03-17,0 days 14:32:42,103,Hot Dog,American,9.0
4487,2023-03-17,0 days 14:41:19,116,Steak Tacos,Mexican,13.95
4487,2023-03-17,0 days 14:41:19,102,Cheeseburger,American,13.95
4487,2023-03-17,0 days 14:41:19,105,Mac & Cheese,American,7.0
4487,2023-03-17,0 days 14:41:19,131,Chicken Parmesan,Italian,17.95
4488,2023-03-17,0 days 14:57:23,108,Tofu Pad Thai,Asian,14.5
4488,2023-03-17,0 days 14:57:23,125,Spaghetti & Meatballs,Italian,17.95
4488,2023-03-17,0 days 14:57:23,109,Korean Beef Bowl,Asian,17.95
4488,2023-03-17,0 days 14:57:23,110,Pork Ramen,Asian,17.95
4489,2023-03-17,0 days 15:26:41,120,Steak Torta,Mexican,13.95
4489,2023-03-17,0 days 15:26:41,106,French Fries,American,7.0
4490,2023-03-17,0 days 15:35:21,111,California Roll,Asian,11.95
4491,2023-03-17,0 days 15:38:00,102,Cheeseburger,American,13.95
4491,2023-03-17,0 days 15:38:00,117,Chicken Burrito,Mexican,12.95
4492,2023-03-17,0 days 15:48:20,101,Hamburger,American,12.95
4492,2023-03-17,0 days 15:48:20,121,Cheese Quesadillas,Mexican,10.5
4493,2023-03-17,0 days 16:05:41,121,Cheese Quesadillas,Mexican,10.5
4493,2023-03-17,0 days 16:05:41,131,Chicken Parmesan,Italian,17.95
4494,2023-03-17,0 days 16:07:40,122,Chips & Salsa,Mexican,7.0
4494,2023-03-17,0 days 16:07:40,132,Eggplant Parmesan,Italian,16.95
4495,2023-03-17,0 days 16:09:57,109,Korean Beef Bowl,Asian,17.95
4495,2023-03-17,0 days 16:09:57,122,Chips & Salsa,Mexican,7.0
4496,2023-03-17,0 days 16:15:33,101,Hamburger,American,12.95
4496,2023-03-17,0 days 16:15:33,109,Korean Beef Bowl,Asian,17.95
4496,2023-03-17,0 days 16:15:33,117,Chicken Burrito,Mexican,12.95
4496,2023-03-17,0 days 16:15:33,118,Steak Burrito,Mexican,14.95
4497,2023-03-17,0 days 16:17:25,120,Steak Torta,Mexican,13.95
4498,2023-03-17,0 days 16:22:45,104,Veggie Burger,American,10.5
4499,2023-03-17,0 days 16:33:13,127,Meat Lasagna,Italian,17.95
4499,2023-03-17,0 days 16:33:13,120,Steak Torta,Mexican,13.95
4500,2023-03-17,0 days 16:45:03,101,Hamburger,American,12.95
4500,2023-03-17,0 days 16:45:03,106,French Fries,American,7.0
4501,2023-03-17,0 days 16:48:42,104,Veggie Burger,American,10.5
4501,2023-03-17,0 days 16:48:42,125,Spaghetti & Meatballs,Italian,17.95
4501,2023-03-17,0 days 16:48:42,109,Korean Beef Bowl,Asian,17.95
4502,2023-03-17,0 days 16:50:12,128,Cheese Lasagna,Italian,15.5
4502,2023-03-17,0 days 16:50:12,112,Salmon Roll,Asian,14.95
4503,2023-03-17,0 days 17:03:36,127,Meat Lasagna,Italian,17.95
4503,2023-03-17,0 days 17:03:36,113,Edamame,Asian,5.0
4504,2023-03-17,0 days 17:04:25,124,Spaghetti,Italian,14.5
4504,2023-03-17,0 days 17:04:25,106,French Fries,American,7.0
4505,2023-03-17,0 days 17:17:44,101,Hamburger,American,12.95
4505,2023-03-17,0 days 17:17:44,125,Spaghetti & Meatballs,Italian,17.95
4505,2023-03-17,0 days 17:17:44,109,Korean Beef Bowl,Asian,17.95
4506,2023-03-17,0 days 17:18:34,108,Tofu Pad Thai,Asian,14.5
4506,2023-03-17,0 days 17:18:34,109,Korean Beef Bowl,Asian,17.95
4506,2023-03-17,0 days 17:18:34,119,Chicken Torta,Mexican,11.95
4507,2023-03-17,0 days 17:25:02,101,Hamburger,American,12.95
4507,2023-03-17,0 days 17:25:02,130,Shrimp Scampi,Italian,19.95
4507,2023-03-17,0 days 17:25:02,132,Eggplant Parmesan,Italian,16.95
4508,2023-03-17,0 days 17:27:45,129,Mushroom Ravioli,Italian,15.5
4508,2023-03-17,0 days 17:27:45,130,Shrimp Scampi,Italian,19.95
4509,2023-03-17,0 days 17:29:30,113,Edamame,Asian,5.0
4510,2023-03-17,0 days 17:54:33,124,Spaghetti,Italian,14.5
4510,2023-03-17,0 days 17:54:33,125,Spaghetti & Meatballs,Italian,17.95
4510,2023-03-17,0 days 17:54:33,127,Meat Lasagna,Italian,17.95
4510,2023-03-17,0 days 17:54:33,118,Steak Burrito,Mexican,14.95
4511,2023-03-17,0 days 17:57:13,108,Tofu Pad Thai,Asian,14.5
4511,2023-03-17,0 days 17:57:13,117,Chicken Burrito,Mexican,12.95
4511,2023-03-17,0 days 17:57:13,105,Mac & Cheese,American,7.0
4512,2023-03-17,0 days 18:05:39,130,Shrimp Scampi,Italian,19.95
4512,2023-03-17,0 days 18:05:39,130,Shrimp Scampi,Italian,19.95
4513,2023-03-17,0 days 18:20:51,102,Cheeseburger,American,13.95
4513,2023-03-17,0 days 18:20:51,125,Spaghetti & Meatballs,Italian,17.95
4513,2023-03-17,0 days 18:20:51,109,Korean Beef Bowl,Asian,17.95
4513,2023-03-17,0 days 18:20:51,118,Steak Burrito,Mexican,14.95
4514,2023-03-17,0 days 18:29:17,107,Orange Chicken,Asian,16.5
4514,2023-03-17,0 days 18:29:17,119,Chicken Torta,Mexican,11.95
4515,2023-03-17,0 days 18:35:13,120,Steak Torta,Mexican,13.95
4515,2023-03-17,0 days 18:35:13,105,Mac & Cheese,American,7.0
4516,2023-03-17,0 days 18:59:02,109,Korean Beef Bowl,Asian,17.95
4517,2023-03-17,0 days 19:00:53,101,Hamburger,American,12.95
4518,2023-03-17,0 days 19:06:28,103,Hot Dog,American,9.0
4518,2023-03-17,0 days 19:06:28,123,Chips & Guacamole,Mexican,9.0
4519,2023-03-17,0 days 19:13:55,119,Chicken Torta,Mexican,11.95
4520,2023-03-17,0 days 19:18:13,104,Veggie Burger,American,10.5
4520,2023-03-17,0 days 19:18:13,112,Salmon Roll,Asian,14.95
4520,2023-03-17,0 days 19:18:13,105,Mac & Cheese,American,7.0
4521,2023-03-17,0 days 19:18:43,112,Salmon Roll,Asian,14.95
4521,2023-03-17,0 days 19:18:43,131,Chicken Parmesan,Italian,17.95
4521,2023-03-17,0 days 19:18:43,132,Eggplant Parmesan,Italian,16.95
4522,2023-03-17,0 days 19:21:11,107,Orange Chicken,Asian,16.5
4523,2023-03-17,0 days 19:27:52,108,Tofu Pad Thai,Asian,14.5
4524,2023-03-17,0 days 19:34:54,118,Steak Burrito,Mexican,14.95
4524,2023-03-17,0 days 19:34:54,119,Chicken Torta,Mexican,11.95
4525,2023-03-17,0 days 19:35:19,107,Orange Chicken,Asian,16.5
4525,2023-03-17,0 days 19:35:19,126,Fettuccine Alfredo,Italian,14.5
4525,2023-03-17,0 days 19:35:19,113,Edamame,Asian,5.0
4525,2023-03-17,0 days 19:35:19,131,Chicken Parmesan,Italian,17.95
4526,2023-03-17,0 days 19:37:48,128,Cheese Lasagna,Italian,15.5
4526,2023-03-17,0 days 19:37:48,119,Chicken Torta,Mexican,11.95
4527,2023-03-17,0 days 19:49:58,107,Orange Chicken,Asian,16.5
4527,2023-03-17,0 days 19:49:58,117,Chicken Burrito,Mexican,12.95
4527,2023-03-17,0 days 19:49:58,113,Edamame,Asian,5.0
4527,2023-03-17,0 days 19:49:58,123,Chips & Guacamole,Mexican,9.0
4528,2023-03-17,0 days 19:50:37,125,Spaghetti & Meatballs,Italian,17.95
4528,2023-03-17,0 days 19:50:37,113,Edamame,Asian,5.0
4529,2023-03-17,0 days 19:53:48,101,Hamburger,American,12.95
4530,2023-03-17,0 days 19:58:25,109,Korean Beef Bowl,Asian,17.95
4531,2023-03-17,0 days 20:12:16,101,Hamburger,American,12.95
4531,2023-03-17,0 days 20:12:16,113,Edamame,Asian,5.0
4532,2023-03-17,0 days 20:24:54,102,Cheeseburger,American,13.95
4532,2023-03-17,0 days 20:24:54,120,Steak Torta,Mexican,13.95
4532,2023-03-17,0 days 20:24:54,122,Chips & Salsa,Mexican,7.0
4533,2023-03-17,0 days 20:25:53,124,Spaghetti,Italian,14.5
4533,2023-03-17,0 days 20:25:53,129,Mushroom Ravioli,Italian,15.5
4533,2023-03-17,0 days 20:25:53,106,French Fries,American,7.0
4533,2023-03-17,0 days 20:25:53,114,Potstickers,Asian,9.0
4534,2023-03-17,0 days 20:45:20,110,Pork Ramen,Asian,17.95
4534,2023-03-17,0 days 20:45:20,120,Steak Torta,Mexican,13.95
4534,2023-03-17,0 days 20:45:20,131,Chicken Parmesan,Italian,17.95
4535,2023-03-17,0 days 20:49:48,125,Spaghetti & Meatballs,Italian,17.95
4536,2023-03-17,0 days 21:06:40,125,Spaghetti & Meatballs,Italian,17.95
4537,2023-03-17,0 days 21:09:17,118,Steak Burrito,Mexican,14.95
4537,2023-03-17,0 days 21:09:17,123,Chips & Guacamole,Mexican,9.0
4538,2023-03-17,0 days 21:31:30,101,Hamburger,American,12.95
4538,2023-03-17,0 days 21:31:30,107,Orange Chicken,Asian,16.5
4538,2023-03-17,0 days 21:31:30,122,Chips & Salsa,Mexican,7.0
4539,2023-03-17,0 days 21:34:31,117,Chicken Burrito,Mexican,12.95
4539,2023-03-17,0 days 21:34:31,112,Salmon Roll,Asian,14.95
4540,2023-03-17,0 days 21:58:59,129,Mushroom Ravioli,Italian,15.5
4540,2023-03-17,0 days 21:58:59,119,Chicken Torta,Mexican,11.95
4541,2023-03-18,0 days 11:34:26,102,Cheeseburger,American,13.95
4542,2023-03-18,0 days 11:37:55,131,Chicken Parmesan,Italian,17.95
4543,2023-03-18,0 days 12:06:46,115,Chicken Tacos,Mexican,11.95
4543,2023-03-18,0 days 12:06:46,127,Meat Lasagna,Italian,17.95
4544,2023-03-18,0 days 12:08:52,127,Meat Lasagna,Italian,17.95
4544,2023-03-18,0 days 12:08:52,112,Salmon Roll,Asian,14.95
4544,2023-03-18,0 days 12:08:52,118,Steak Burrito,Mexican,14.95
4545,2023-03-18,0 days 12:09:38,107,Orange Chicken,Asian,16.5
4546,2023-03-18,0 days 12:12:52,104,Veggie Burger,American,10.5
4546,2023-03-18,0 days 12:12:52,118,Steak Burrito,Mexican,14.95
4547,2023-03-18,0 days 12:12:58,114,Potstickers,Asian,9.0
4548,2023-03-18,0 days 12:29:44,108,Tofu Pad Thai,Asian,14.5
4548,2023-03-18,0 days 12:29:44,113,Edamame,Asian,5.0
4548,2023-03-18,0 days 12:29:44,122,Chips & Salsa,Mexican,7.0
4548,2023-03-18,0 days 12:29:44,132,Eggplant Parmesan,Italian,16.95
4549,2023-03-18,0 days 12:31:00,118,Steak Burrito,Mexican,14.95
4550,2023-03-18,0 days 12:45:18,101,Hamburger,American,12.95
4550,2023-03-18,0 days 12:45:18,106,French Fries,American,7.0
4551,2023-03-18,0 days 12:48:02,101,Hamburger,American,12.95
4552,2023-03-18,0 days 12:50:24,127,Meat Lasagna,Italian,17.95
4552,2023-03-18,0 days 12:50:24,105,Mac & Cheese,American,7.0
4553,2023-03-18,0 days 12:50:30,104,Veggie Burger,American,10.5
4554,2023-03-18,0 days 12:53:36,112,Salmon Roll,Asian,14.95
4555,2023-03-18,0 days 13:07:53,109,Korean Beef Bowl,Asian,17.95
4555,2023-03-18,0 days 13:07:53,109,Korean Beef Bowl,Asian,17.95
4555,2023-03-18,0 days 13:07:53,127,Meat Lasagna,Italian,17.95
4555,2023-03-18,0 days 13:07:53,118,Steak Burrito,Mexican,14.95
4555,2023-03-18,0 days 13:07:53,105,Mac & Cheese,American,7.0
4555,2023-03-18,0 days 13:07:53,122,Chips & Salsa,Mexican,7.0
4555,2023-03-18,0 days 13:07:53,122,Chips & Salsa,Mexican,7.0
4555,2023-03-18,0 days 13:07:53,106,French Fries,American,7.0
4556,2023-03-18,0 days 13:09:57,127,Meat Lasagna,Italian,17.95
4556,2023-03-18,0 days 13:09:57,105,Mac & Cheese,American,7.0
4557,2023-03-18,0 days 13:24:33,108,Tofu Pad Thai,Asian,14.5
4559,2023-03-18,0 days 13:26:03,102,Cheeseburger,American,13.95
4560,2023-03-18,0 days 13:33:58,108,Tofu Pad Thai,Asian,14.5
4560,2023-03-18,0 days 13:33:58,129,Mushroom Ravioli,Italian,15.5
4560,2023-03-18,0 days 13:33:58,122,Chips & Salsa,Mexican,7.0
4561,2023-03-18,0 days 13:37:16,101,Hamburger,American,12.95
4562,2023-03-18,0 days 13:45:29,111,California Roll,Asian,11.95
4562,2023-03-18,0 days 13:45:29,119,Chicken Torta,Mexican,11.95
4563,2023-03-18,0 days 14:03:10,109,Korean Beef Bowl,Asian,17.95
4563,2023-03-18,0 days 14:03:10,128,Cheese Lasagna,Italian,15.5
4563,2023-03-18,0 days 14:03:10,132,Eggplant Parmesan,Italian,16.95
4564,2023-03-18,0 days 14:15:58,111,California Roll,Asian,11.95
4565,2023-03-18,0 days 14:22:15,116,Steak Tacos,Mexican,13.95
4565,2023-03-18,0 days 14:22:15,132,Eggplant Parmesan,Italian,16.95
4566,2023-03-18,0 days 14:59:13,116,Steak Tacos,Mexican,13.95
4566,2023-03-18,0 days 14:59:13,108,Tofu Pad Thai,Asian,14.5
4566,2023-03-18,0 days 14:59:13,123,Chips & Guacamole,Mexican,9.0
4567,2023-03-18,0 days 15:44:50,107,Orange Chicken,Asian,16.5
4567,2023-03-18,0 days 15:44:50,113,Edamame,Asian,5.0
4568,2023-03-18,0 days 16:19:49,101,Hamburger,American,12.95
4568,2023-03-18,0 days 16:19:49,106,French Fries,American,7.0
4569,2023-03-18,0 days 16:27:52,101,Hamburger,American,12.95
4569,2023-03-18,0 days 16:27:52,125,Spaghetti & Meatballs,Italian,17.95
4570,2023-03-18,0 days 17:02:20,119,Chicken Torta,Mexican,11.95
4571,2023-03-18,0 days 17:13:04,109,Korean Beef Bowl,Asian,17.95
4572,2023-03-18,0 days 17:23:10,101,Hamburger,American,12.95
4572,2023-03-18,0 days 17:23:10,119,Chicken Torta,Mexican,11.95
4573,2023-03-18,0 days 17:24:44,102,Cheeseburger,American,13.95
4573,2023-03-18,0 days 17:24:44,124,Spaghetti,Italian,14.5
4573,2023-03-18,0 days 17:24:44,106,French Fries,American,7.0
4574,2023-03-18,0 days 17:27:06,123,Chips & Guacamole,Mexican,9.0
4575,2023-03-18,0 days 17:27:18,109,Korean Beef Bowl,Asian,17.95
4575,2023-03-18,0 days 17:27:18,132,Eggplant Parmesan,Italian,16.95
4576,2023-03-18,0 days 17:30:49,102,Cheeseburger,American,13.95
4576,2023-03-18,0 days 17:30:49,126,Fettuccine Alfredo,Italian,14.5
4576,2023-03-18,0 days 17:30:49,122,Chips & Salsa,Mexican,7.0
4576,2023-03-18,0 days 17:30:49,106,French Fries,American,7.0
4577,2023-03-18,0 days 17:51:20,106,French Fries,American,7.0
4578,2023-03-18,0 days 17:59:02,101,Hamburger,American,12.95
4578,2023-03-18,0 days 17:59:02,109,Korean Beef Bowl,Asian,17.95
4579,2023-03-18,0 days 18:04:32,104,Veggie Burger,American,10.5
4579,2023-03-18,0 days 18:04:32,122,Chips & Salsa,Mexican,7.0
4580,2023-03-18,0 days 18:11:13,109,Korean Beef Bowl,Asian,17.95
4580,2023-03-18,0 days 18:11:13,109,Korean Beef Bowl,Asian,17.95
4580,2023-03-18,0 days 18:11:13,128,Cheese Lasagna,Italian,15.5
4581,2023-03-18,0 days 18:15:20,105,Mac & Cheese,American,7.0
4582,2023-03-18,0 days 18:27:57,115,Chicken Tacos,Mexican,11.95
4582,2023-03-18,0 days 18:27:57,108,Tofu Pad Thai,Asian,14.5
4582,2023-03-18,0 days 18:27:57,120,Steak Torta,Mexican,13.95
4583,2023-03-18,0 days 18:37:23,107,Orange Chicken,Asian,16.5
4583,2023-03-18,0 days 18:37:23,128,Cheese Lasagna,Italian,15.5
4584,2023-03-18,0 days 18:55:30,118,Steak Burrito,Mexican,14.95
4584,2023-03-18,0 days 18:55:30,131,Chicken Parmesan,Italian,17.95
4585,2023-03-18,0 days 19:00:56,126,Fettuccine Alfredo,Italian,14.5
4586,2023-03-18,0 days 19:01:59,131,Chicken Parmesan,Italian,17.95
4587,2023-03-18,0 days 19:30:25,126,Fettuccine Alfredo,Italian,14.5
4587,2023-03-18,0 days 19:30:25,114,Potstickers,Asian,9.0
4588,2023-03-18,0 days 19:43:01,107,Orange Chicken,Asian,16.5
4589,2023-03-18,0 days 19:57:35,107,Orange Chicken,Asian,16.5
4589,2023-03-18,0 days 19:57:35,109,Korean Beef Bowl,Asian,17.95
4589,2023-03-18,0 days 19:57:35,130,Shrimp Scampi,Italian,19.95
4589,2023-03-18,0 days 19:57:35,123,Chips & Guacamole,Mexican,9.0
4590,2023-03-18,0 days 20:03:05,101,Hamburger,American,12.95
4590,2023-03-18,0 days 20:03:05,122,Chips & Salsa,Mexican,7.0
4591,2023-03-18,0 days 20:04:42,108,Tofu Pad Thai,Asian,14.5
4591,2023-03-18,0 days 20:04:42,117,Chicken Burrito,Mexican,12.95
4591,2023-03-18,0 days 20:04:42,112,Salmon Roll,Asian,14.95
4591,2023-03-18,0 days 20:04:42,121,Cheese Quesadillas,Mexican,10.5
4592,2023-03-18,0 days 20:05:46,114,Potstickers,Asian,9.0
4593,2023-03-18,0 days 20:08:10,132,Eggplant Parmesan,Italian,16.95
4594,2023-03-18,0 days 20:19:08,122,Chips & Salsa,Mexican,7.0
4595,2023-03-18,0 days 20:41:38,111,California Roll,Asian,11.95
4596,2023-03-18,0 days 20:42:12,125,Spaghetti & Meatballs,Italian,17.95
4596,2023-03-18,0 days 20:42:12,113,Edamame,Asian,5.0
4597,2023-03-18,0 days 20:45:48,115,Chicken Tacos,Mexican,11.95
4597,2023-03-18,0 days 20:45:48,109,Korean Beef Bowl,Asian,17.95
4597,2023-03-18,0 days 20:45:48,106,French Fries,American,7.0
4598,2023-03-18,0 days 21:05:40,120,Steak Torta,Mexican,13.95
4599,2023-03-18,0 days 21:13:49,120,Steak Torta,Mexican,13.95
4600,2023-03-18,0 days 21:35:26,110,Pork Ramen,Asian,17.95
4601,2023-03-18,0 days 22:27:51,124,Spaghetti,Italian,14.5
4602,2023-03-18,0 days 22:28:11,101,Hamburger,American,12.95
4602,2023-03-18,0 days 22:28:11,108,Tofu Pad Thai,Asian,14.5
4602,2023-03-18,0 days 22:28:11,109,Korean Beef Bowl,Asian,17.95
4603,2023-03-19,0 days 11:24:09,101,Hamburger,American,12.95
4603,2023-03-19,0 days 11:24:09,103,Hot Dog,American,9.0
4603,2023-03-19,0 days 11:24:09,121,Cheese Quesadillas,Mexican,10.5
4603,2023-03-19,0 days 11:24:09,106,French Fries,American,7.0
4603,2023-03-19,0 days 11:24:09,114,Potstickers,Asian,9.0
4604,2023-03-19,0 days 11:27:07,115,Chicken Tacos,Mexican,11.95
4604,2023-03-19,0 days 11:27:07,127,Meat Lasagna,Italian,17.95
4605,2023-03-19,0 days 11:31:04,118,Steak Burrito,Mexican,14.95
4606,2023-03-19,0 days 11:40:23,123,Chips & Guacamole,Mexican,9.0
4607,2023-03-19,0 days 11:40:57,117,Chicken Burrito,Mexican,12.95
4607,2023-03-19,0 days 11:40:57,111,California Roll,Asian,11.95
4608,2023-03-19,0 days 11:45:56,103,Hot Dog,American,9.0
4608,2023-03-19,0 days 11:45:56,108,Tofu Pad Thai,Asian,14.5
4608,2023-03-19,0 days 11:45:56,117,Chicken Burrito,Mexican,12.95
4608,2023-03-19,0 days 11:45:56,127,Meat Lasagna,Italian,17.95
4609,2023-03-19,0 days 12:02:16,118,Steak Burrito,Mexican,14.95
4610,2023-03-19,0 days 12:20:14,113,Edamame,Asian,5.0
4611,2023-03-19,0 days 12:26:04,102,Cheeseburger,American,13.95
4611,2023-03-19,0 days 12:26:04,104,Veggie Burger,American,10.5
4611,2023-03-19,0 days 12:26:04,108,Tofu Pad Thai,Asian,14.5
4611,2023-03-19,0 days 12:26:04,108,Tofu Pad Thai,Asian,14.5
4611,2023-03-19,0 days 12:26:04,129,Mushroom Ravioli,Italian,15.5
4611,2023-03-19,0 days 12:26:04,113,Edamame,Asian,5.0
4611,2023-03-19,0 days 12:26:04,121,Cheese Quesadillas,Mexican,10.5
4611,2023-03-19,0 days 12:26:04,121,Cheese Quesadillas,Mexican,10.5
4611,2023-03-19,0 days 12:26:04,122,Chips & Salsa,Mexican,7.0
4611,2023-03-19,0 days 12:26:04,106,French Fries,American,7.0
4611,2023-03-19,0 days 12:26:04,114,Potstickers,Asian,9.0
4612,2023-03-19,0 days 12:27:44,131,Chicken Parmesan,Italian,17.95
4613,2023-03-19,0 days 12:57:29,131,Chicken Parmesan,Italian,17.95
4614,2023-03-19,0 days 13:02:47,109,Korean Beef Bowl,Asian,17.95
4615,2023-03-19,0 days 13:04:55,116,Steak Tacos,Mexican,13.95
4615,2023-03-19,0 days 13:04:55,131,Chicken Parmesan,Italian,17.95
4616,2023-03-19,0 days 13:06:44,131,Chicken Parmesan,Italian,17.95
4617,2023-03-19,0 days 13:14:22,101,Hamburger,American,12.95
4617,2023-03-19,0 days 13:14:22,107,Orange Chicken,Asian,16.5
4617,2023-03-19,0 days 13:14:22,108,Tofu Pad Thai,Asian,14.5
4617,2023-03-19,0 days 13:14:22,125,Spaghetti & Meatballs,Italian,17.95
4618,2023-03-19,0 days 13:18:06,113,Edamame,Asian,5.0
4619,2023-03-19,0 days 13:21:51,103,Hot Dog,American,9.0
4619,2023-03-19,0 days 13:21:51,113,Edamame,Asian,5.0
4619,2023-03-19,0 days 13:21:51,132,Eggplant Parmesan,Italian,16.95
4620,2023-03-19,0 days 13:37:11,118,Steak Burrito,Mexican,14.95
4621,2023-03-19,0 days 13:39:12,117,Chicken Burrito,Mexican,12.95
4621,2023-03-19,0 days 13:39:12,117,Chicken Burrito,Mexican,12.95
4621,2023-03-19,0 days 13:39:12,113,Edamame,Asian,5.0
4621,2023-03-19,0 days 13:39:12,123,Chips & Guacamole,Mexican,9.0
4622,2023-03-19,0 days 14:31:45,111,California Roll,Asian,11.95
4622,2023-03-19,0 days 14:31:45,132,Eggplant Parmesan,Italian,16.95
4623,2023-03-19,0 days 14:41:44,101,Hamburger,American,12.95
4623,2023-03-19,0 days 14:41:44,101,Hamburger,American,12.95
4623,2023-03-19,0 days 14:41:44,107,Orange Chicken,Asian,16.5
4623,2023-03-19,0 days 14:41:44,115,Chicken Tacos,Mexican,11.95
4623,2023-03-19,0 days 14:41:44,126,Fettuccine Alfredo,Italian,14.5
4623,2023-03-19,0 days 14:41:44,109,Korean Beef Bowl,Asian,17.95
4623,2023-03-19,0 days 14:41:44,112,Salmon Roll,Asian,14.95
4623,2023-03-19,0 days 14:41:44,118,Steak Burrito,Mexican,14.95
4623,2023-03-19,0 days 14:41:44,120,Steak Torta,Mexican,13.95
4623,2023-03-19,0 days 14:41:44,121,Cheese Quesadillas,Mexican,10.5
4623,2023-03-19,0 days 14:41:44,105,Mac & Cheese,American,7.0
4623,2023-03-19,0 days 14:41:44,106,French Fries,American,7.0
4624,2023-03-19,0 days 14:59:35,119,Chicken Torta,Mexican,11.95
4625,2023-03-19,0 days 15:42:30,101,Hamburger,American,12.95
4625,2023-03-19,0 days 15:42:30,103,Hot Dog,American,9.0
4625,2023-03-19,0 days 15:42:30,119,Chicken Torta,Mexican,11.95
4625,2023-03-19,0 days 15:42:30,106,French Fries,American,7.0
4626,2023-03-19,0 days 15:45:01,102,Cheeseburger,American,13.95
4627,2023-03-19,0 days 16:04:23,108,Tofu Pad Thai,Asian,14.5
4627,2023-03-19,0 days 16:04:23,118,Steak Burrito,Mexican,14.95
4628,2023-03-19,0 days 16:16:31,109,Korean Beef Bowl,Asian,17.95
4628,2023-03-19,0 days 16:16:31,129,Mushroom Ravioli,Italian,15.5
4628,2023-03-19,0 days 16:16:31,118,Steak Burrito,Mexican,14.95
4629,2023-03-19,0 days 16:24:30,109,Korean Beef Bowl,Asian,17.95
4629,2023-03-19,0 days 16:24:30,120,Steak Torta,Mexican,13.95
4630,2023-03-19,0 days 16:51:19,101,Hamburger,American,12.95
4630,2023-03-19,0 days 16:51:19,108,Tofu Pad Thai,Asian,14.5
4630,2023-03-19,0 days 16:51:19,109,Korean Beef Bowl,Asian,17.95
4630,2023-03-19,0 days 16:51:19,122,Chips & Salsa,Mexican,7.0
4631,2023-03-19,0 days 17:20:17,117,Chicken Burrito,Mexican,12.95
4631,2023-03-19,0 days 17:20:17,131,Chicken Parmesan,Italian,17.95
4632,2023-03-19,0 days 17:25:31,107,Orange Chicken,Asian,16.5
4632,2023-03-19,0 days 17:25:31,110,Pork Ramen,Asian,17.95
4633,2023-03-19,0 days 17:28:29,130,Shrimp Scampi,Italian,19.95
4634,2023-03-19,0 days 17:44:39,110,Pork Ramen,Asian,17.95
4634,2023-03-19,0 days 17:44:39,111,California Roll,Asian,11.95
4634,2023-03-19,0 days 17:44:39,118,Steak Burrito,Mexican,14.95
4635,2023-03-19,0 days 17:45:58,107,Orange Chicken,Asian,16.5
4635,2023-03-19,0 days 17:45:58,108,Tofu Pad Thai,Asian,14.5
4636,2023-03-19,0 days 17:58:30,117,Chicken Burrito,Mexican,12.95
4636,2023-03-19,0 days 17:58:30,119,Chicken Torta,Mexican,11.95
4637,2023-03-19,0 days 18:04:27,103,Hot Dog,American,9.0
4637,2023-03-19,0 days 18:04:27,130,Shrimp Scampi,Italian,19.95
4638,2023-03-19,0 days 18:18:28,120,Steak Torta,Mexican,13.95
4638,2023-03-19,0 days 18:18:28,105,Mac & Cheese,American,7.0
4639,2023-03-19,0 days 18:19:16,124,Spaghetti,Italian,14.5
4639,2023-03-19,0 days 18:19:16,125,Spaghetti & Meatballs,Italian,17.95
4639,2023-03-19,0 days 18:19:16,110,Pork Ramen,Asian,17.95
4640,2023-03-19,0 days 18:35:46,104,Veggie Burger,American,10.5
4641,2023-03-19,0 days 18:37:11,102,Cheeseburger,American,13.95
4641,2023-03-19,0 days 18:37:11,129,Mushroom Ravioli,Italian,15.5
4642,2023-03-19,0 days 19:05:06,102,Cheeseburger,American,13.95
4642,2023-03-19,0 days 19:05:06,104,Veggie Burger,American,10.5
4642,2023-03-19,0 days 19:05:06,128,Cheese Lasagna,Italian,15.5
4642,2023-03-19,0 days 19:05:06,129,Mushroom Ravioli,Italian,15.5
4643,2023-03-19,0 days 19:11:53,120,Steak Torta,Mexican,13.95
4643,2023-03-19,0 days 19:11:53,105,Mac & Cheese,American,7.0
4644,2023-03-19,0 days 19:18:36,128,Cheese Lasagna,Italian,15.5
4644,2023-03-19,0 days 19:18:36,112,Salmon Roll,Asian,14.95
4644,2023-03-19,0 days 19:18:36,120,Steak Torta,Mexican,13.95
4644,2023-03-19,0 days 19:18:36,106,French Fries,American,7.0
4645,2023-03-19,0 days 19:21:02,101,Hamburger,American,12.95
4645,2023-03-19,0 days 19:21:02,107,Orange Chicken,Asian,16.5
4645,2023-03-19,0 days 19:21:02,108,Tofu Pad Thai,Asian,14.5
4645,2023-03-19,0 days 19:21:02,125,Spaghetti & Meatballs,Italian,17.95
4646,2023-03-19,0 days 19:22:44,116,Steak Tacos,Mexican,13.95
4646,2023-03-19,0 days 19:22:44,117,Chicken Burrito,Mexican,12.95
4646,2023-03-19,0 days 19:22:44,118,Steak Burrito,Mexican,14.95
4647,2023-03-19,0 days 19:36:47,102,Cheeseburger,American,13.95
4647,2023-03-19,0 days 19:36:47,126,Fettuccine Alfredo,Italian,14.5
4648,2023-03-19,0 days 19:40:10,127,Meat Lasagna,Italian,17.95
4648,2023-03-19,0 days 19:40:10,121,Cheese Quesadillas,Mexican,10.5
4649,2023-03-19,0 days 19:43:03,124,Spaghetti,Italian,14.5
4650,2023-03-19,0 days 19:48:15,104,Veggie Burger,American,10.5
4650,2023-03-19,0 days 19:48:15,108,Tofu Pad Thai,Asian,14.5
4651,2023-03-19,0 days 19:55:20,101,Hamburger,American,12.95
4651,2023-03-19,0 days 19:55:20,125,Spaghetti & Meatballs,Italian,17.95
4651,2023-03-19,0 days 19:55:20,121,Cheese Quesadillas,Mexican,10.5
4651,2023-03-19,0 days 19:55:20,123,Chips & Guacamole,Mexican,9.0
4652,2023-03-19,0 days 19:57:11,119,Chicken Torta,Mexican,11.95
4652,2023-03-19,0 days 19:57:11,105,Mac & Cheese,American,7.0
4653,2023-03-19,0 days 20:16:45,103,Hot Dog,American,9.0
4653,2023-03-19,0 days 20:16:45,117,Chicken Burrito,Mexican,12.95
4654,2023-03-19,0 days 20:23:12,107,Orange Chicken,Asian,16.5
4655,2023-03-19,0 days 20:30:29,128,Cheese Lasagna,Italian,15.5
4656,2023-03-19,0 days 20:43:33,125,Spaghetti & Meatballs,Italian,17.95
4656,2023-03-19,0 days 20:43:33,130,Shrimp Scampi,Italian,19.95
4657,2023-03-19,0 days 20:48:08,125,Spaghetti & Meatballs,Italian,17.95
4658,2023-03-19,0 days 21:34:17,106,French Fries,American,7.0
4659,2023-03-19,0 days 21:53:59,108,Tofu Pad Thai,Asian,14.5
4659,2023-03-19,0 days 21:53:59,124,Spaghetti,Italian,14.5
4660,2023-03-19,0 days 22:14:01,126,Fettuccine Alfredo,Italian,14.5
4661,2023-03-20,0 days 11:33:30,104,Veggie Burger,American,10.5
4661,2023-03-20,0 days 11:33:30,109,Korean Beef Bowl,Asian,17.95
4661,2023-03-20,0 days 11:33:30,105,Mac & Cheese,American,7.0
4661,2023-03-20,0 days 11:33:30,131,Chicken Parmesan,Italian,17.95
4662,2023-03-20,0 days 11:47:53,124,Spaghetti,Italian,14.5
4662,2023-03-20,0 days 11:47:53,130,Shrimp Scampi,Italian,19.95
4662,2023-03-20,0 days 11:47:53,123,Chips & Guacamole,Mexican,9.0
4663,2023-03-20,0 days 12:12:03,122,Chips & Salsa,Mexican,7.0
4664,2023-03-20,0 days 12:24:44,101,Hamburger,American,12.95
4664,2023-03-20,0 days 12:24:44,117,Chicken Burrito,Mexican,12.95
4664,2023-03-20,0 days 12:24:44,113,Edamame,Asian,5.0
4664,2023-03-20,0 days 12:24:44,121,Cheese Quesadillas,Mexican,10.5
4665,2023-03-20,0 days 12:39:39,103,Hot Dog,American,9.0
4665,2023-03-20,0 days 12:39:39,108,Tofu Pad Thai,Asian,14.5
4665,2023-03-20,0 days 12:39:39,124,Spaghetti,Italian,14.5
4665,2023-03-20,0 days 12:39:39,125,Spaghetti & Meatballs,Italian,17.95
4665,2023-03-20,0 days 12:39:39,112,Salmon Roll,Asian,14.95
4665,2023-03-20,0 days 12:39:39,106,French Fries,American,7.0
4666,2023-03-20,0 days 12:40:13,101,Hamburger,American,12.95
4666,2023-03-20,0 days 12:40:13,102,Cheeseburger,American,13.95
4667,2023-03-20,0 days 12:52:56,102,Cheeseburger,American,13.95
4667,2023-03-20,0 days 12:52:56,126,Fettuccine Alfredo,Italian,14.5
4667,2023-03-20,0 days 12:52:56,113,Edamame,Asian,5.0
4667,2023-03-20,0 days 12:52:56,122,Chips & Salsa,Mexican,7.0
4667,2023-03-20,0 days 12:52:56,130,Shrimp Scampi,Italian,19.95
4667,2023-03-20,0 days 12:52:56,131,Chicken Parmesan,Italian,17.95
4667,2023-03-20,0 days 12:52:56,123,Chips & Guacamole,Mexican,9.0
4668,2023-03-20,0 days 12:53:37,119,Chicken Torta,Mexican,11.95
4668,2023-03-20,0 days 12:53:37,132,Eggplant Parmesan,Italian,16.95
4669,2023-03-20,0 days 12:55:55,102,Cheeseburger,American,13.95
4669,2023-03-20,0 days 12:55:55,110,Pork Ramen,Asian,17.95
4669,2023-03-20,0 days 12:55:55,117,Chicken Burrito,Mexican,12.95
4669,2023-03-20,0 days 12:55:55,111,California Roll,Asian,11.95
4669,2023-03-20,0 days 12:55:55,113,Edamame,Asian,5.0
4670,2023-03-20,0 days 12:56:01,116,Steak Tacos,Mexican,13.95
4670,2023-03-20,0 days 12:56:01,130,Shrimp Scampi,Italian,19.95
4670,2023-03-20,0 days 12:56:01,106,French Fries,American,7.0
4671,2023-03-20,0 days 13:02:39,129,Mushroom Ravioli,Italian,15.5
4671,2023-03-20,0 days 13:02:39,131,Chicken Parmesan,Italian,17.95
4671,2023-03-20,0 days 13:02:39,106,French Fries,American,7.0
4672,2023-03-20,0 days 13:09:27,132,Eggplant Parmesan,Italian,16.95
4673,2023-03-20,0 days 13:18:11,101,Hamburger,American,12.95
4673,2023-03-20,0 days 13:18:11,110,Pork Ramen,Asian,17.95
4673,2023-03-20,0 days 13:18:11,113,Edamame,Asian,5.0
4674,2023-03-20,0 days 13:27:07,118,Steak Burrito,Mexican,14.95
4675,2023-03-20,0 days 13:27:10,111,California Roll,Asian,11.95
4675,2023-03-20,0 days 13:27:10,112,Salmon Roll,Asian,14.95
4676,2023-03-20,0 days 13:28:26,109,Korean Beef Bowl,Asian,17.95
4677,2023-03-20,0 days 13:43:36,124,Spaghetti,Italian,14.5
4678,2023-03-20,0 days 13:52:15,119,Chicken Torta,Mexican,11.95
4679,2023-03-20,0 days 14:03:43,102,Cheeseburger,American,13.95
4680,2023-03-20,0 days 14:09:05,105,Mac & Cheese,American,7.0
4681,2023-03-20,0 days 14:19:44,113,Edamame,Asian,5.0
4681,2023-03-20,0 days 14:19:44,105,Mac & Cheese,American,7.0
4682,2023-03-20,0 days 14:58:30,113,Edamame,Asian,5.0
4683,2023-03-20,0 days 15:03:44,101,Hamburger,American,12.95
4683,2023-03-20,0 days 15:03:44,108,Tofu Pad Thai,Asian,14.5
4684,2023-03-20,0 days 15:40:10,105,Mac & Cheese,American,7.0
4685,2023-03-20,0 days 15:40:29,124,Spaghetti,Italian,14.5
4685,2023-03-20,0 days 15:40:29,131,Chicken Parmesan,Italian,17.95
4686,2023-03-20,0 days 15:58:56,102,Cheeseburger,American,13.95
4686,2023-03-20,0 days 15:58:56,112,Salmon Roll,Asian,14.95
4687,2023-03-20,0 days 16:51:47,120,Steak Torta,Mexican,13.95
4687,2023-03-20,0 days 16:51:47,105,Mac & Cheese,American,7.0
4688,2023-03-20,0 days 16:52:55,117,Chicken Burrito,Mexican,12.95
4689,2023-03-20,0 days 16:54:26,110,Pork Ramen,Asian,17.95
4689,2023-03-20,0 days 16:54:26,106,French Fries,American,7.0
4690,2023-03-20,0 days 17:03:46,107,Orange Chicken,Asian,16.5
4690,2023-03-20,0 days 17:03:46,106,French Fries,American,7.0
4691,2023-03-20,0 days 17:06:29,126,Fettuccine Alfredo,Italian,14.5
4692,2023-03-20,0 days 17:35:37,112,Salmon Roll,Asian,14.95
4692,2023-03-20,0 days 17:35:37,105,Mac & Cheese,American,7.0
4692,2023-03-20,0 days 17:35:37,132,Eggplant Parmesan,Italian,16.95
4693,2023-03-20,0 days 17:37:54,111,California Roll,Asian,11.95
4693,2023-03-20,0 days 17:37:54,118,Steak Burrito,Mexican,14.95
4693,2023-03-20,0 days 17:37:54,106,French Fries,American,7.0
4694,2023-03-20,0 days 17:38:33,124,Spaghetti,Italian,14.5
4694,2023-03-20,0 days 17:38:33,131,Chicken Parmesan,Italian,17.95
4695,2023-03-20,0 days 18:04:31,125,Spaghetti & Meatballs,Italian,17.95
4695,2023-03-20,0 days 18:04:31,109,Korean Beef Bowl,Asian,17.95
4696,2023-03-20,0 days 18:10:14,102,Cheeseburger,American,13.95
4697,2023-03-20,0 days 18:24:39,111,California Roll,Asian,11.95
4697,2023-03-20,0 days 18:24:39,122,Chips & Salsa,Mexican,7.0
4698,2023-03-20,0 days 18:29:47,111,California Roll,Asian,11.95
4698,2023-03-20,0 days 18:29:47,105,Mac & Cheese,American,7.0
4698,2023-03-20,0 days 18:29:47,106,French Fries,American,7.0
4698,2023-03-20,0 days 18:29:47,132,Eggplant Parmesan,Italian,16.95
4699,2023-03-20,0 days 18:44:52,108,Tofu Pad Thai,Asian,14.5
4699,2023-03-20,0 days 18:44:52,112,Salmon Roll,Asian,14.95
4700,2023-03-20,0 days 18:49:15,112,Salmon Roll,Asian,14.95
4701,2023-03-20,0 days 18:49:32,116,Steak Tacos,Mexican,13.95
4701,2023-03-20,0 days 18:49:32,124,Spaghetti,Italian,14.5
4702,2023-03-20,0 days 18:54:47,103,Hot Dog,American,9.0
4702,2023-03-20,0 days 18:54:47,132,Eggplant Parmesan,Italian,16.95
4703,2023-03-20,0 days 18:54:51,126,Fettuccine Alfredo,Italian,14.5
4703,2023-03-20,0 days 18:54:51,117,Chicken Burrito,Mexican,12.95
4703,2023-03-20,0 days 18:54:51,113,Edamame,Asian,5.0
4703,2023-03-20,0 days 18:54:51,122,Chips & Salsa,Mexican,7.0
4704,2023-03-20,0 days 19:01:03,109,Korean Beef Bowl,Asian,17.95
4705,2023-03-20,0 days 19:07:12,102,Cheeseburger,American,13.95
4706,2023-03-20,0 days 19:16:21,104,Veggie Burger,American,10.5
4706,2023-03-20,0 days 19:16:21,110,Pork Ramen,Asian,17.95
4706,2023-03-20,0 days 19:16:21,119,Chicken Torta,Mexican,11.95
4706,2023-03-20,0 days 19:16:21,130,Shrimp Scampi,Italian,19.95
4707,2023-03-20,0 days 19:27:09,131,Chicken Parmesan,Italian,17.95
4707,2023-03-20,0 days 19:27:09,132,Eggplant Parmesan,Italian,16.95
4708,2023-03-20,0 days 19:31:55,127,Meat Lasagna,Italian,17.95
4708,2023-03-20,0 days 19:31:55,128,Cheese Lasagna,Italian,15.5
4708,2023-03-20,0 days 19:31:55,129,Mushroom Ravioli,Italian,15.5
4709,2023-03-20,0 days 19:34:01,102,Cheeseburger,American,13.95
4709,2023-03-20,0 days 19:34:01,108,Tofu Pad Thai,Asian,14.5
4710,2023-03-20,0 days 19:50:29,110,Pork Ramen,Asian,17.95
4710,2023-03-20,0 days 19:50:29,105,Mac & Cheese,American,7.0
4710,2023-03-20,0 days 19:50:29,106,French Fries,American,7.0
4711,2023-03-20,0 days 19:52:39,101,Hamburger,American,12.95
4711,2023-03-20,0 days 19:52:39,107,Orange Chicken,Asian,16.5
4711,2023-03-20,0 days 19:52:39,108,Tofu Pad Thai,Asian,14.5
4711,2023-03-20,0 days 19:52:39,111,California Roll,Asian,11.95
4712,2023-03-20,0 days 19:56:47,101,Hamburger,American,12.95
4713,2023-03-20,0 days 20:08:33,125,Spaghetti & Meatballs,Italian,17.95
4714,2023-03-20,0 days 20:08:46,129,Mushroom Ravioli,Italian,15.5
4715,2023-03-20,0 days 20:16:44,125,Spaghetti & Meatballs,Italian,17.95
4715,2023-03-20,0 days 20:16:44,125,Spaghetti & Meatballs,Italian,17.95
4715,2023-03-20,0 days 20:16:44,109,Korean Beef Bowl,Asian,17.95
4716,2023-03-20,0 days 20:33:22,108,Tofu Pad Thai,Asian,14.5
4716,2023-03-20,0 days 20:33:22,125,Spaghetti & Meatballs,Italian,17.95
4716,2023-03-20,0 days 20:33:22,109,Korean Beef Bowl,Asian,17.95
4717,2023-03-20,0 days 20:56:46,122,Chips & Salsa,Mexican,7.0
4718,2023-03-20,0 days 21:11:17,124,Spaghetti,Italian,14.5
4719,2023-03-20,0 days 21:21:56,103,Hot Dog,American,9.0
4720,2023-03-20,0 days 21:28:14,125,Spaghetti & Meatballs,Italian,17.95
4720,2023-03-20,0 days 21:28:14,122,Chips & Salsa,Mexican,7.0
4721,2023-03-20,0 days 21:37:57,122,Chips & Salsa,Mexican,7.0
4721,2023-03-20,0 days 21:37:57,131,Chicken Parmesan,Italian,17.95
4722,2023-03-20,0 days 21:49:53,108,Tofu Pad Thai,Asian,14.5
4722,2023-03-20,0 days 21:49:53,125,Spaghetti & Meatballs,Italian,17.95
4722,2023-03-20,0 days 21:49:53,119,Chicken Torta,Mexican,11.95
4722,2023-03-20,0 days 21:49:53,105,Mac & Cheese,American,7.0
4723,2023-03-20,0 days 21:52:10,101,Hamburger,American,12.95
4723,2023-03-20,0 days 21:52:10,110,Pork Ramen,Asian,17.95
4723,2023-03-20,0 days 21:52:10,120,Steak Torta,Mexican,13.95
4723,2023-03-20,0 days 21:52:10,122,Chips & Salsa,Mexican,7.0
4724,2023-03-20,0 days 22:09:09,101,Hamburger,American,12.95
4725,2023-03-20,0 days 22:20:00,111,California Roll,Asian,11.95
4725,2023-03-20,0 days 22:20:00,118,Steak Burrito,Mexican,14.95
4725,2023-03-20,0 days 22:20:00,105,Mac & Cheese,American,7.0
4726,2023-03-20,0 days 22:28:53,102,Cheeseburger,American,13.95
4726,2023-03-20,0 days 22:28:53,104,Veggie Burger,American,10.5
4727,2023-03-21,0 days 11:31:39,101,Hamburger,American,12.95
4727,2023-03-21,0 days 11:31:39,113,Edamame,Asian,5.0
4727,2023-03-21,0 days 11:31:39,118,Steak Burrito,Mexican,14.95
4728,2023-03-21,0 days 11:48:59,103,Hot Dog,American,9.0
4728,2023-03-21,0 days 11:48:59,112,Salmon Roll,Asian,14.95
4728,2023-03-21,0 days 11:48:59,105,Mac & Cheese,American,7.0
4729,2023-03-21,0 days 11:56:23,107,Orange Chicken,Asian,16.5
4729,2023-03-21,0 days 11:56:23,108,Tofu Pad Thai,Asian,14.5
4730,2023-03-21,0 days 12:40:30,101,Hamburger,American,12.95
4730,2023-03-21,0 days 12:40:30,115,Chicken Tacos,Mexican,11.95
4730,2023-03-21,0 days 12:40:30,125,Spaghetti & Meatballs,Italian,17.95
4730,2023-03-21,0 days 12:40:30,127,Meat Lasagna,Italian,17.95
4731,2023-03-21,0 days 12:50:12,103,Hot Dog,American,9.0
4732,2023-03-21,0 days 13:02:15,101,Hamburger,American,12.95
4732,2023-03-21,0 days 13:02:15,107,Orange Chicken,Asian,16.5
4732,2023-03-21,0 days 13:02:15,116,Steak Tacos,Mexican,13.95
4732,2023-03-21,0 days 13:02:15,102,Cheeseburger,American,13.95
4732,2023-03-21,0 days 13:02:15,102,Cheeseburger,American,13.95
4732,2023-03-21,0 days 13:02:15,124,Spaghetti,Italian,14.5
4732,2023-03-21,0 days 13:02:15,125,Spaghetti & Meatballs,Italian,17.95
4732,2023-03-21,0 days 13:02:15,117,Chicken Burrito,Mexican,12.95
4732,2023-03-21,0 days 13:02:15,117,Chicken Burrito,Mexican,12.95
4732,2023-03-21,0 days 13:02:15,129,Mushroom Ravioli,Italian,15.5
4732,2023-03-21,0 days 13:02:15,113,Edamame,Asian,5.0
4732,2023-03-21,0 days 13:02:15,114,Potstickers,Asian,9.0
4733,2023-03-21,0 days 13:08:31,107,Orange Chicken,Asian,16.5
4733,2023-03-21,0 days 13:08:31,102,Cheeseburger,American,13.95
4733,2023-03-21,0 days 13:08:31,131,Chicken Parmesan,Italian,17.95
4734,2023-03-21,0 days 13:10:35,113,Edamame,Asian,5.0
4735,2023-03-21,0 days 13:20:32,127,Meat Lasagna,Italian,17.95
4735,2023-03-21,0 days 13:20:32,120,Steak Torta,Mexican,13.95
4735,2023-03-21,0 days 13:20:32,123,Chips & Guacamole,Mexican,9.0
4735,2023-03-21,0 days 13:20:32,106,French Fries,American,7.0
4735,2023-03-21,0 days 13:20:32,132,Eggplant Parmesan,Italian,16.95
4736,2023-03-21,0 days 13:35:05,109,Korean Beef Bowl,Asian,17.95
4737,2023-03-21,0 days 13:37:53,107,Orange Chicken,Asian,16.5
4738,2023-03-21,0 days 13:50:27,130,Shrimp Scampi,Italian,19.95
4739,2023-03-21,0 days 13:56:44,130,Shrimp Scampi,Italian,19.95
4740,2023-03-21,0 days 14:06:07,102,Cheeseburger,American,13.95
4740,2023-03-21,0 days 14:06:07,127,Meat Lasagna,Italian,17.95
4740,2023-03-21,0 days 14:06:07,112,Salmon Roll,Asian,14.95
4740,2023-03-21,0 days 14:06:07,105,Mac & Cheese,American,7.0
4741,2023-03-21,0 days 14:06:09,117,Chicken Burrito,Mexican,12.95
4741,2023-03-21,0 days 14:06:09,106,French Fries,American,7.0
4741,2023-03-21,0 days 14:06:09,114,Potstickers,Asian,9.0
4741,2023-03-21,0 days 14:06:09,114,Potstickers,Asian,9.0
4742,2023-03-21,0 days 14:06:43,108,Tofu Pad Thai,Asian,14.5
4742,2023-03-21,0 days 14:06:43,126,Fettuccine Alfredo,Italian,14.5
4742,2023-03-21,0 days 14:06:43,109,Korean Beef Bowl,Asian,17.95
4742,2023-03-21,0 days 14:06:43,120,Steak Torta,Mexican,13.95
4743,2023-03-21,0 days 14:17:42,121,Cheese Quesadillas,Mexican,10.5
4744,2023-03-21,0 days 14:19:17,122,Chips & Salsa,Mexican,7.0
4745,2023-03-21,0 days 14:21:26,113,Edamame,Asian,5.0
4746,2023-03-21,0 days 14:31:37,102,Cheeseburger,American,13.95
4746,2023-03-21,0 days 14:31:37,102,Cheeseburger,American,13.95
4746,2023-03-21,0 days 14:31:37,124,Spaghetti,Italian,14.5
4747,2023-03-21,0 days 14:38:22,102,Cheeseburger,American,13.95
4747,2023-03-21,0 days 14:38:22,106,French Fries,American,7.0
4748,2023-03-21,0 days 14:40:36,131,Chicken Parmesan,Italian,17.95
4749,2023-03-21,0 days 14:46:54,109,Korean Beef Bowl,Asian,17.95
4749,2023-03-21,0 days 14:46:54,109,Korean Beef Bowl,Asian,17.95
4750,2023-03-21,0 days 15:17:26,108,Tofu Pad Thai,Asian,14.5
4750,2023-03-21,0 days 15:17:26,111,California Roll,Asian,11.95
4750,2023-03-21,0 days 15:17:26,122,Chips & Salsa,Mexican,7.0
4751,2023-03-21,0 days 15:21:55,121,Cheese Quesadillas,Mexican,10.5
4751,2023-03-21,0 days 15:21:55,132,Eggplant Parmesan,Italian,16.95
4752,2023-03-21,0 days 16:05:39,120,Steak Torta,Mexican,13.95
4753,2023-03-21,0 days 16:12:25,122,Chips & Salsa,Mexican,7.0
4754,2023-03-21,0 days 16:28:54,107,Orange Chicken,Asian,16.5
4755,2023-03-21,0 days 16:40:27,124,Spaghetti,Italian,14.5
4755,2023-03-21,0 days 16:40:27,118,Steak Burrito,Mexican,14.95
4755,2023-03-21,0 days 16:40:27,119,Chicken Torta,Mexican,11.95
4755,2023-03-21,0 days 16:40:27,120,Steak Torta,Mexican,13.95
4756,2023-03-21,0 days 16:51:43,124,Spaghetti,Italian,14.5
4756,2023-03-21,0 days 16:51:43,132,Eggplant Parmesan,Italian,16.95
4757,2023-03-21,0 days 16:52:17,104,Veggie Burger,American,10.5
4758,2023-03-21,0 days 17:07:20,127,Meat Lasagna,Italian,17.95
4759,2023-03-21,0 days 17:08:35,109,Korean Beef Bowl,Asian,17.95
4759,2023-03-21,0 days 17:08:35,117,Chicken Burrito,Mexican,12.95
4760,2023-03-21,0 days 17:26:32,102,Cheeseburger,American,13.95
4760,2023-03-21,0 days 17:26:32,127,Meat Lasagna,Italian,17.95
4760,2023-03-21,0 days 17:26:32,112,Salmon Roll,Asian,14.95
4761,2023-03-21,0 days 18:10:58,115,Chicken Tacos,Mexican,11.95
4761,2023-03-21,0 days 18:10:58,113,Edamame,Asian,5.0
4761,2023-03-21,0 days 18:10:58,105,Mac & Cheese,American,7.0
4762,2023-03-21,0 days 18:39:15,130,Shrimp Scampi,Italian,19.95
4763,2023-03-21,0 days 18:44:01,109,Korean Beef Bowl,Asian,17.95
4763,2023-03-21,0 days 18:44:01,122,Chips & Salsa,Mexican,7.0
4763,2023-03-21,0 days 18:44:01,114,Potstickers,Asian,9.0
4764,2023-03-21,0 days 18:52:00,124,Spaghetti,Italian,14.5
4764,2023-03-21,0 days 18:52:00,105,Mac & Cheese,American,7.0
4764,2023-03-21,0 days 18:52:00,122,Chips & Salsa,Mexican,7.0
4765,2023-03-21,0 days 18:53:49,108,Tofu Pad Thai,Asian,14.5
4765,2023-03-21,0 days 18:53:49,109,Korean Beef Bowl,Asian,17.95
4766,2023-03-21,0 days 19:04:51,109,Korean Beef Bowl,Asian,17.95
4766,2023-03-21,0 days 19:04:51,120,Steak Torta,Mexican,13.95
4767,2023-03-21,0 days 19:20:15,129,Mushroom Ravioli,Italian,15.5
4767,2023-03-21,0 days 19:20:15,105,Mac & Cheese,American,7.0
4767,2023-03-21,0 days 19:20:15,122,Chips & Salsa,Mexican,7.0
4767,2023-03-21,0 days 19:20:15,106,French Fries,American,7.0
4768,2023-03-21,0 days 19:32:01,117,Chicken Burrito,Mexican,12.95
4768,2023-03-21,0 days 19:32:01,113,Edamame,Asian,5.0
4768,2023-03-21,0 days 19:32:01,119,Chicken Torta,Mexican,11.95
4768,2023-03-21,0 days 19:32:01,105,Mac & Cheese,American,7.0
4769,2023-03-21,0 days 19:41:04,110,Pork Ramen,Asian,17.95
4770,2023-03-21,0 days 19:41:16,120,Steak Torta,Mexican,13.95
4770,2023-03-21,0 days 19:41:16,106,French Fries,American,7.0
4771,2023-03-21,0 days 19:49:47,124,Spaghetti,Italian,14.5
4771,2023-03-21,0 days 19:49:47,117,Chicken Burrito,Mexican,12.95
4771,2023-03-21,0 days 19:49:47,121,Cheese Quesadillas,Mexican,10.5
4771,2023-03-21,0 days 19:49:47,106,French Fries,American,7.0
4772,2023-03-21,0 days 19:53:41,101,Hamburger,American,12.95
4772,2023-03-21,0 days 19:53:41,120,Steak Torta,Mexican,13.95
4773,2023-03-21,0 days 20:04:52,106,French Fries,American,7.0
4774,2023-03-21,0 days 20:14:45,109,Korean Beef Bowl,Asian,17.95
4775,2023-03-21,0 days 20:15:09,129,Mushroom Ravioli,Italian,15.5
4775,2023-03-21,0 days 20:15:09,120,Steak Torta,Mexican,13.95
4775,2023-03-21,0 days 20:15:09,114,Potstickers,Asian,9.0
4775,2023-03-21,0 days 20:15:09,132,Eggplant Parmesan,Italian,16.95
4776,2023-03-21,0 days 20:15:27,102,Cheeseburger,American,13.95
4776,2023-03-21,0 days 20:15:27,106,French Fries,American,7.0
4777,2023-03-21,0 days 20:35:51,109,Korean Beef Bowl,Asian,17.95
4777,2023-03-21,0 days 20:35:51,129,Mushroom Ravioli,Italian,15.5
4778,2023-03-21,0 days 20:38:40,105,Mac & Cheese,American,7.0
4779,2023-03-21,0 days 21:35:31,105,Mac & Cheese,American,7.0
4779,2023-03-21,0 days 21:35:31,114,Potstickers,Asian,9.0
4780,2023-03-21,0 days 21:47:02,129,Mushroom Ravioli,Italian,15.5
4781,2023-03-21,0 days 21:58:12,105,Mac & Cheese,American,7.0
4782,2023-03-21,0 days 22:15:37,113,Edamame,Asian,5.0
4782,2023-03-21,0 days 22:15:37,113,Edamame,Asian,5.0
4782,2023-03-21,0 days 22:15:37,130,Shrimp Scampi,Italian,19.95
4783,2023-03-22,0 days 12:01:30,119,Chicken Torta,Mexican,11.95
4783,2023-03-22,0 days 12:01:30,131,Chicken Parmesan,Italian,17.95
4783,2023-03-22,0 days 12:01:30,106,French Fries,American,7.0
4784,2023-03-22,0 days 12:23:54,132,Eggplant Parmesan,Italian,16.95
4785,2023-03-22,0 days 12:31:46,122,Chips & Salsa,Mexican,7.0
4786,2023-03-22,0 days 12:54:56,108,Tofu Pad Thai,Asian,14.5
4786,2023-03-22,0 days 12:54:56,124,Spaghetti,Italian,14.5
4787,2023-03-22,0 days 13:01:37,118,Steak Burrito,Mexican,14.95
4788,2023-03-22,0 days 13:26:50,114,Potstickers,Asian,9.0
4789,2023-03-22,0 days 13:56:27,115,Chicken Tacos,Mexican,11.95
4789,2023-03-22,0 days 13:56:27,108,Tofu Pad Thai,Asian,14.5
4789,2023-03-22,0 days 13:56:27,108,Tofu Pad Thai,Asian,14.5
4789,2023-03-22,0 days 13:56:27,125,Spaghetti & Meatballs,Italian,17.95
4789,2023-03-22,0 days 13:56:27,117,Chicken Burrito,Mexican,12.95
4789,2023-03-22,0 days 13:56:27,113,Edamame,Asian,5.0
4789,2023-03-22,0 days 13:56:27,113,Edamame,Asian,5.0
4789,2023-03-22,0 days 13:56:27,118,Steak Burrito,Mexican,14.95
4790,2023-03-22,0 days 13:57:47,124,Spaghetti,Italian,14.5
4791,2023-03-22,0 days 14:25:24,113,Edamame,Asian,5.0
4791,2023-03-22,0 days 14:25:24,120,Steak Torta,Mexican,13.95
4792,2023-03-22,0 days 14:42:50,114,Potstickers,Asian,9.0
4793,2023-03-22,0 days 14:56:38,102,Cheeseburger,American,13.95
4793,2023-03-22,0 days 14:56:38,111,California Roll,Asian,11.95
4794,2023-03-22,0 days 15:54:26,102,Cheeseburger,American,13.95
4794,2023-03-22,0 days 15:54:26,132,Eggplant Parmesan,Italian,16.95
4795,2023-03-22,0 days 16:01:29,108,Tofu Pad Thai,Asian,14.5
4795,2023-03-22,0 days 16:01:29,118,Steak Burrito,Mexican,14.95
4795,2023-03-22,0 days 16:01:29,120,Steak Torta,Mexican,13.95
4796,2023-03-22,0 days 16:09:49,107,Orange Chicken,Asian,16.5
4797,2023-03-22,0 days 16:16:29,104,Veggie Burger,American,10.5
4797,2023-03-22,0 days 16:16:29,113,Edamame,Asian,5.0
4798,2023-03-22,0 days 16:21:33,116,Steak Tacos,Mexican,13.95
4798,2023-03-22,0 days 16:21:33,126,Fettuccine Alfredo,Italian,14.5
4798,2023-03-22,0 days 16:21:33,130,Shrimp Scampi,Italian,19.95
4799,2023-03-22,0 days 16:32:35,102,Cheeseburger,American,13.95
4799,2023-03-22,0 days 16:32:35,125,Spaghetti & Meatballs,Italian,17.95
4800,2023-03-22,0 days 16:49:55,132,Eggplant Parmesan,Italian,16.95
4801,2023-03-22,0 days 17:08:48,101,Hamburger,American,12.95
4801,2023-03-22,0 days 17:08:48,107,Orange Chicken,Asian,16.5
4801,2023-03-22,0 days 17:08:48,118,Steak Burrito,Mexican,14.95
4801,2023-03-22,0 days 17:08:48,123,Chips & Guacamole,Mexican,9.0
4802,2023-03-22,0 days 17:37:13,106,French Fries,American,7.0
4803,2023-03-22,0 days 17:50:14,109,Korean Beef Bowl,Asian,17.95
4804,2023-03-22,0 days 17:52:20,109,Korean Beef Bowl,Asian,17.95
4804,2023-03-22,0 days 17:52:20,127,Meat Lasagna,Italian,17.95
4805,2023-03-22,0 days 18:10:30,115,Chicken Tacos,Mexican,11.95
4805,2023-03-22,0 days 18:10:30,132,Eggplant Parmesan,Italian,16.95
4806,2023-03-22,0 days 18:14:21,103,Hot Dog,American,9.0
4806,2023-03-22,0 days 18:14:21,108,Tofu Pad Thai,Asian,14.5
4806,2023-03-22,0 days 18:14:21,125,Spaghetti & Meatballs,Italian,17.95
4806,2023-03-22,0 days 18:14:21,117,Chicken Burrito,Mexican,12.95
4807,2023-03-22,0 days 18:26:11,104,Veggie Burger,American,10.5
4807,2023-03-22,0 days 18:26:11,125,Spaghetti & Meatballs,Italian,17.95
4808,2023-03-22,0 days 18:57:35,103,Hot Dog,American,9.0
4808,2023-03-22,0 days 18:57:35,109,Korean Beef Bowl,Asian,17.95
4808,2023-03-22,0 days 18:57:35,109,Korean Beef Bowl,Asian,17.95
4809,2023-03-22,0 days 19:18:35,124,Spaghetti,Italian,14.5
4809,2023-03-22,0 days 19:18:35,128,Cheese Lasagna,Italian,15.5
4809,2023-03-22,0 days 19:18:35,129,Mushroom Ravioli,Italian,15.5
4809,2023-03-22,0 days 19:18:35,118,Steak Burrito,Mexican,14.95
4810,2023-03-22,0 days 19:23:28,115,Chicken Tacos,Mexican,11.95
4810,2023-03-22,0 days 19:23:28,120,Steak Torta,Mexican,13.95
4810,2023-03-22,0 days 19:23:28,130,Shrimp Scampi,Italian,19.95
4811,2023-03-22,0 days 19:34:54,111,California Roll,Asian,11.95
4811,2023-03-22,0 days 19:34:54,114,Potstickers,Asian,9.0
4812,2023-03-22,0 days 19:35:48,113,Edamame,Asian,5.0
4813,2023-03-22,0 days 19:52:54,114,Potstickers,Asian,9.0
4814,2023-03-22,0 days 20:30:11,128,Cheese Lasagna,Italian,15.5
4815,2023-03-22,0 days 20:52:46,101,Hamburger,American,12.95
4815,2023-03-22,0 days 20:52:46,127,Meat Lasagna,Italian,17.95
4816,2023-03-22,0 days 20:55:27,117,Chicken Burrito,Mexican,12.95
4817,2023-03-22,0 days 21:08:01,104,Veggie Burger,American,10.5
4817,2023-03-22,0 days 21:08:01,128,Cheese Lasagna,Italian,15.5
4818,2023-03-22,0 days 21:31:24,119,Chicken Torta,Mexican,11.95
4819,2023-03-22,0 days 21:58:31,131,Chicken Parmesan,Italian,17.95
4819,2023-03-22,0 days 21:58:31,106,French Fries,American,7.0
4820,2023-03-23,0 days 11:18:22,129,Mushroom Ravioli,Italian,15.5
4821,2023-03-23,0 days 11:23:52,109,Korean Beef Bowl,Asian,17.95
4821,2023-03-23,0 days 11:23:52,113,Edamame,Asian,5.0
4821,2023-03-23,0 days 11:23:52,123,Chips & Guacamole,Mexican,9.0
4822,2023-03-23,0 days 11:31:48,108,Tofu Pad Thai,Asian,14.5
4822,2023-03-23,0 days 11:31:48,120,Steak Torta,Mexican,13.95
4822,2023-03-23,0 days 11:31:48,121,Cheese Quesadillas,Mexican,10.5
4822,2023-03-23,0 days 11:31:48,121,Cheese Quesadillas,Mexican,10.5
4823,2023-03-23,0 days 11:38:21,118,Steak Burrito,Mexican,14.95
4824,2023-03-23,0 days 11:40:00,105,Mac & Cheese,American,7.0
4825,2023-03-23,0 days 11:48:12,101,Hamburger,American,12.95
4825,2023-03-23,0 days 11:48:12,108,Tofu Pad Thai,Asian,14.5
4825,2023-03-23,0 days 11:48:12,128,Cheese Lasagna,Italian,15.5
4825,2023-03-23,0 days 11:48:12,106,French Fries,American,7.0
4826,2023-03-23,0 days 11:56:58,109,Korean Beef Bowl,Asian,17.95
4827,2023-03-23,0 days 12:04:18,113,Edamame,Asian,5.0
4828,2023-03-23,0 days 12:10:12,101,Hamburger,American,12.95
4829,2023-03-23,0 days 12:14:01,101,Hamburger,American,12.95
4829,2023-03-23,0 days 12:14:01,105,Mac & Cheese,American,7.0
4830,2023-03-23,0 days 12:40:25,102,Cheeseburger,American,13.95
4830,2023-03-23,0 days 12:40:25,108,Tofu Pad Thai,Asian,14.5
4830,2023-03-23,0 days 12:40:25,122,Chips & Salsa,Mexican,7.0
4831,2023-03-23,0 days 12:46:10,103,Hot Dog,American,9.0
4832,2023-03-23,0 days 12:47:25,118,Steak Burrito,Mexican,14.95
4833,2023-03-23,0 days 12:49:53,127,Meat Lasagna,Italian,17.95
4834,2023-03-23,0 days 12:51:24,103,Hot Dog,American,9.0
4835,2023-03-23,0 days 12:55:41,124,Spaghetti,Italian,14.5
4835,2023-03-23,0 days 12:55:41,129,Mushroom Ravioli,Italian,15.5
4836,2023-03-23,0 days 12:57:49,101,Hamburger,American,12.95
4836,2023-03-23,0 days 12:57:49,104,Veggie Burger,American,10.5
4836,2023-03-23,0 days 12:57:49,108,Tofu Pad Thai,Asian,14.5
4836,2023-03-23,0 days 12:57:49,124,Spaghetti,Italian,14.5
4836,2023-03-23,0 days 12:57:49,126,Fettuccine Alfredo,Italian,14.5
4836,2023-03-23,0 days 12:57:49,109,Korean Beef Bowl,Asian,17.95
4836,2023-03-23,0 days 12:57:49,117,Chicken Burrito,Mexican,12.95
4836,2023-03-23,0 days 12:57:49,127,Meat Lasagna,Italian,17.95
4836,2023-03-23,0 days 12:57:49,128,Cheese Lasagna,Italian,15.5
4836,2023-03-23,0 days 12:57:49,113,Edamame,Asian,5.0
4836,2023-03-23,0 days 12:57:49,120,Steak Torta,Mexican,13.95
4836,2023-03-23,0 days 12:57:49,105,Mac & Cheese,American,7.0
4836,2023-03-23,0 days 12:57:49,130,Shrimp Scampi,Italian,19.95
4837,2023-03-23,0 days 13:04:56,101,Hamburger,American,12.95
4837,2023-03-23,0 days 13:04:56,120,Steak Torta,Mexican,13.95
4838,2023-03-23,0 days 13:14:04,101,Hamburger,American,12.95
4838,2023-03-23,0 days 13:14:04,101,Hamburger,American,12.95
4838,2023-03-23,0 days 13:14:04,102,Cheeseburger,American,13.95
4838,2023-03-23,0 days 13:14:04,103,Hot Dog,American,9.0
4838,2023-03-23,0 days 13:14:04,108,Tofu Pad Thai,Asian,14.5
4838,2023-03-23,0 days 13:14:04,113,Edamame,Asian,5.0
4838,2023-03-23,0 days 13:14:04,106,French Fries,American,7.0
4839,2023-03-23,0 days 13:39:44,118,Steak Burrito,Mexican,14.95
4840,2023-03-23,0 days 13:42:58,103,Hot Dog,American,9.0
4840,2023-03-23,0 days 13:42:58,109,Korean Beef Bowl,Asian,17.95
4841,2023-03-23,0 days 13:45:24,125,Spaghetti & Meatballs,Italian,17.95
4841,2023-03-23,0 days 13:45:24,111,California Roll,Asian,11.95
4841,2023-03-23,0 days 13:45:24,112,Salmon Roll,Asian,14.95
4841,2023-03-23,0 days 13:45:24,119,Chicken Torta,Mexican,11.95
4841,2023-03-23,0 days 13:45:24,131,Chicken Parmesan,Italian,17.95
4841,2023-03-23,0 days 13:45:24,123,Chips & Guacamole,Mexican,9.0
4842,2023-03-23,0 days 13:59:42,118,Steak Burrito,Mexican,14.95
4843,2023-03-23,0 days 14:03:50,109,Korean Beef Bowl,Asian,17.95
4843,2023-03-23,0 days 14:03:50,120,Steak Torta,Mexican,13.95
4844,2023-03-23,0 days 14:48:44,117,Chicken Burrito,Mexican,12.95
4845,2023-03-23,0 days 15:30:17,113,Edamame,Asian,5.0
4845,2023-03-23,0 days 15:30:17,105,Mac & Cheese,American,7.0
4846,2023-03-23,0 days 15:31:14,124,Spaghetti,Italian,14.5
4846,2023-03-23,0 days 15:31:14,128,Cheese Lasagna,Italian,15.5
4846,2023-03-23,0 days 15:31:14,112,Salmon Roll,Asian,14.95
4846,2023-03-23,0 days 15:31:14,120,Steak Torta,Mexican,13.95
4847,2023-03-23,0 days 16:08:52,108,Tofu Pad Thai,Asian,14.5
4848,2023-03-23,0 days 16:18:18,124,Spaghetti,Italian,14.5
4849,2023-03-23,0 days 16:30:24,125,Spaghetti & Meatballs,Italian,17.95
4850,2023-03-23,0 days 16:30:47,101,Hamburger,American,12.95
4850,2023-03-23,0 days 16:30:47,104,Veggie Burger,American,10.5
4850,2023-03-23,0 days 16:30:47,108,Tofu Pad Thai,Asian,14.5
4850,2023-03-23,0 days 16:30:47,120,Steak Torta,Mexican,13.95
4851,2023-03-23,0 days 16:36:52,126,Fettuccine Alfredo,Italian,14.5
4852,2023-03-23,0 days 16:41:38,116,Steak Tacos,Mexican,13.95
4853,2023-03-23,0 days 16:58:43,104,Veggie Burger,American,10.5
4854,2023-03-23,0 days 17:03:09,125,Spaghetti & Meatballs,Italian,17.95
4854,2023-03-23,0 days 17:03:09,129,Mushroom Ravioli,Italian,15.5
4856,2023-03-23,0 days 17:09:52,122,Chips & Salsa,Mexican,7.0
4857,2023-03-23,0 days 17:10:42,101,Hamburger,American,12.95
4857,2023-03-23,0 days 17:10:42,108,Tofu Pad Thai,Asian,14.5
4857,2023-03-23,0 days 17:10:42,127,Meat Lasagna,Italian,17.95
4857,2023-03-23,0 days 17:10:42,131,Chicken Parmesan,Italian,17.95
4858,2023-03-23,0 days 17:20:36,110,Pork Ramen,Asian,17.95
4858,2023-03-23,0 days 17:20:36,119,Chicken Torta,Mexican,11.95
4859,2023-03-23,0 days 17:30:36,103,Hot Dog,American,9.0
4859,2023-03-23,0 days 17:30:36,108,Tofu Pad Thai,Asian,14.5
4859,2023-03-23,0 days 17:30:36,105,Mac & Cheese,American,7.0
4860,2023-03-23,0 days 17:40:49,113,Edamame,Asian,5.0
4860,2023-03-23,0 days 17:40:49,123,Chips & Guacamole,Mexican,9.0
4861,2023-03-23,0 days 17:59:40,101,Hamburger,American,12.95
4861,2023-03-23,0 days 17:59:40,118,Steak Burrito,Mexican,14.95
4862,2023-03-23,0 days 18:11:50,112,Salmon Roll,Asian,14.95
4863,2023-03-23,0 days 18:18:12,111,California Roll,Asian,11.95
4863,2023-03-23,0 days 18:18:12,112,Salmon Roll,Asian,14.95
4864,2023-03-23,0 days 18:50:25,130,Shrimp Scampi,Italian,19.95
4864,2023-03-23,0 days 18:50:25,123,Chips & Guacamole,Mexican,9.0
4865,2023-03-23,0 days 18:58:05,121,Cheese Quesadillas,Mexican,10.5
4865,2023-03-23,0 days 18:58:05,132,Eggplant Parmesan,Italian,16.95
4866,2023-03-23,0 days 19:20:18,109,Korean Beef Bowl,Asian,17.95
4866,2023-03-23,0 days 19:20:18,118,Steak Burrito,Mexican,14.95
4867,2023-03-23,0 days 19:21:09,132,Eggplant Parmesan,Italian,16.95
4868,2023-03-23,0 days 19:39:40,103,Hot Dog,American,9.0
4868,2023-03-23,0 days 19:39:40,111,California Roll,Asian,11.95
4869,2023-03-23,0 days 19:43:40,126,Fettuccine Alfredo,Italian,14.5
4869,2023-03-23,0 days 19:43:40,118,Steak Burrito,Mexican,14.95
4869,2023-03-23,0 days 19:43:40,122,Chips & Salsa,Mexican,7.0
4870,2023-03-23,0 days 19:50:49,125,Spaghetti & Meatballs,Italian,17.95
4871,2023-03-23,0 days 19:54:00,102,Cheeseburger,American,13.95
4871,2023-03-23,0 days 19:54:00,110,Pork Ramen,Asian,17.95
4871,2023-03-23,0 days 19:54:00,129,Mushroom Ravioli,Italian,15.5
4872,2023-03-23,0 days 20:09:11,124,Spaghetti,Italian,14.5
4872,2023-03-23,0 days 20:09:11,109,Korean Beef Bowl,Asian,17.95
4873,2023-03-23,0 days 20:25:39,105,Mac & Cheese,American,7.0
4874,2023-03-23,0 days 20:31:44,106,French Fries,American,7.0
4875,2023-03-23,0 days 20:55:17,107,Orange Chicken,Asian,16.5
4875,2023-03-23,0 days 20:55:17,116,Steak Tacos,Mexican,13.95
4875,2023-03-23,0 days 20:55:17,113,Edamame,Asian,5.0
4876,2023-03-23,0 days 21:07:34,105,Mac & Cheese,American,7.0
4877,2023-03-23,0 days 22:05:32,102,Cheeseburger,American,13.95
4877,2023-03-23,0 days 22:05:32,112,Salmon Roll,Asian,14.95
4878,2023-03-23,0 days 22:12:04,119,Chicken Torta,Mexican,11.95
4879,2023-03-23,0 days 22:19:06,107,Orange Chicken,Asian,16.5
4879,2023-03-23,0 days 22:19:06,124,Spaghetti,Italian,14.5
4880,2023-03-23,0 days 22:39:18,109,Korean Beef Bowl,Asian,17.95
4880,2023-03-23,0 days 22:39:18,129,Mushroom Ravioli,Italian,15.5
4881,2023-03-24,0 days 11:16:40,107,Orange Chicken,Asian,16.5
4881,2023-03-24,0 days 11:16:40,105,Mac & Cheese,American,7.0
4881,2023-03-24,0 days 11:16:40,131,Chicken Parmesan,Italian,17.95
4881,2023-03-24,0 days 11:16:40,106,French Fries,American,7.0
4882,2023-03-24,0 days 11:20:32,102,Cheeseburger,American,13.95
4883,2023-03-24,0 days 11:44:46,118,Steak Burrito,Mexican,14.95
4884,2023-03-24,0 days 11:45:15,104,Veggie Burger,American,10.5
4885,2023-03-24,0 days 11:57:15,113,Edamame,Asian,5.0
4886,2023-03-24,0 days 12:00:25,125,Spaghetti & Meatballs,Italian,17.95
4886,2023-03-24,0 days 12:00:25,118,Steak Burrito,Mexican,14.95
4887,2023-03-24,0 days 12:04:00,107,Orange Chicken,Asian,16.5
4887,2023-03-24,0 days 12:04:00,105,Mac & Cheese,American,7.0
4887,2023-03-24,0 days 12:04:00,132,Eggplant Parmesan,Italian,16.95
4888,2023-03-24,0 days 12:19:14,106,French Fries,American,7.0
4889,2023-03-24,0 days 12:21:23,101,Hamburger,American,12.95
4890,2023-03-24,0 days 12:26:16,108,Tofu Pad Thai,Asian,14.5
4891,2023-03-24,0 days 12:26:41,102,Cheeseburger,American,13.95
4891,2023-03-24,0 days 12:26:41,103,Hot Dog,American,9.0
4891,2023-03-24,0 days 12:26:41,104,Veggie Burger,American,10.5
4891,2023-03-24,0 days 12:26:41,105,Mac & Cheese,American,7.0
4892,2023-03-24,0 days 12:49:05,116,Steak Tacos,Mexican,13.95
4892,2023-03-24,0 days 12:49:05,125,Spaghetti & Meatballs,Italian,17.95
4892,2023-03-24,0 days 12:49:05,109,Korean Beef Bowl,Asian,17.95
4893,2023-03-24,0 days 12:53:26,108,Tofu Pad Thai,Asian,14.5
4893,2023-03-24,0 days 12:53:26,125,Spaghetti & Meatballs,Italian,17.95
4893,2023-03-24,0 days 12:53:26,117,Chicken Burrito,Mexican,12.95
4893,2023-03-24,0 days 12:53:26,129,Mushroom Ravioli,Italian,15.5
4893,2023-03-24,0 days 12:53:26,120,Steak Torta,Mexican,13.95
4893,2023-03-24,0 days 12:53:26,131,Chicken Parmesan,Italian,17.95
4893,2023-03-24,0 days 12:53:26,106,French Fries,American,7.0
4893,2023-03-24,0 days 12:53:26,106,French Fries,American,7.0
4894,2023-03-24,0 days 12:54:29,116,Steak Tacos,Mexican,13.95
4894,2023-03-24,0 days 12:54:29,103,Hot Dog,American,9.0
4895,2023-03-24,0 days 12:57:03,117,Chicken Burrito,Mexican,12.95
4896,2023-03-24,0 days 13:05:31,130,Shrimp Scampi,Italian,19.95
4897,2023-03-24,0 days 13:11:23,109,Korean Beef Bowl,Asian,17.95
4898,2023-03-24,0 days 13:22:58,105,Mac & Cheese,American,7.0
4899,2023-03-24,0 days 14:14:11,109,Korean Beef Bowl,Asian,17.95
4899,2023-03-24,0 days 14:14:11,113,Edamame,Asian,5.0
4900,2023-03-24,0 days 14:28:06,122,Chips & Salsa,Mexican,7.0
4900,2023-03-24,0 days 14:28:06,106,French Fries,American,7.0
4901,2023-03-24,0 days 14:42:01,129,Mushroom Ravioli,Italian,15.5
4901,2023-03-24,0 days 14:42:01,111,California Roll,Asian,11.95
4901,2023-03-24,0 days 14:42:01,120,Steak Torta,Mexican,13.95
4902,2023-03-24,0 days 15:31:33,112,Salmon Roll,Asian,14.95
4902,2023-03-24,0 days 15:31:33,119,Chicken Torta,Mexican,11.95
4902,2023-03-24,0 days 15:31:33,105,Mac & Cheese,American,7.0
4903,2023-03-24,0 days 15:57:20,101,Hamburger,American,12.95
4903,2023-03-24,0 days 15:57:20,122,Chips & Salsa,Mexican,7.0
4904,2023-03-24,0 days 16:00:10,106,French Fries,American,7.0
4905,2023-03-24,0 days 16:07:27,108,Tofu Pad Thai,Asian,14.5
4905,2023-03-24,0 days 16:07:27,118,Steak Burrito,Mexican,14.95
4906,2023-03-24,0 days 16:25:58,107,Orange Chicken,Asian,16.5
4906,2023-03-24,0 days 16:25:58,120,Steak Torta,Mexican,13.95
4906,2023-03-24,0 days 16:25:58,106,French Fries,American,7.0
4907,2023-03-24,0 days 16:28:16,102,Cheeseburger,American,13.95
4907,2023-03-24,0 days 16:28:16,124,Spaghetti,Italian,14.5
4907,2023-03-24,0 days 16:28:16,113,Edamame,Asian,5.0
4908,2023-03-24,0 days 16:34:25,129,Mushroom Ravioli,Italian,15.5
4908,2023-03-24,0 days 16:34:25,129,Mushroom Ravioli,Italian,15.5
4909,2023-03-24,0 days 16:39:37,105,Mac & Cheese,American,7.0
4910,2023-03-24,0 days 16:43:09,121,Cheese Quesadillas,Mexican,10.5
4911,2023-03-24,0 days 16:50:08,103,Hot Dog,American,9.0
4911,2023-03-24,0 days 16:50:08,118,Steak Burrito,Mexican,14.95
4911,2023-03-24,0 days 16:50:08,106,French Fries,American,7.0
4911,2023-03-24,0 days 16:50:08,106,French Fries,American,7.0
4912,2023-03-24,0 days 16:58:45,107,Orange Chicken,Asian,16.5
4912,2023-03-24,0 days 16:58:45,111,California Roll,Asian,11.95
4912,2023-03-24,0 days 16:58:45,132,Eggplant Parmesan,Italian,16.95
4913,2023-03-24,0 days 17:04:55,117,Chicken Burrito,Mexican,12.95
4915,2023-03-24,0 days 17:08:31,101,Hamburger,American,12.95
4915,2023-03-24,0 days 17:08:31,112,Salmon Roll,Asian,14.95
4916,2023-03-24,0 days 17:10:38,107,Orange Chicken,Asian,16.5
4917,2023-03-24,0 days 17:28:09,108,Tofu Pad Thai,Asian,14.5
4918,2023-03-24,0 days 17:33:38,101,Hamburger,American,12.95
4919,2023-03-24,0 days 17:39:17,117,Chicken Burrito,Mexican,12.95
4919,2023-03-24,0 days 17:39:17,119,Chicken Torta,Mexican,11.95
4919,2023-03-24,0 days 17:39:17,106,French Fries,American,7.0
4920,2023-03-24,0 days 17:39:24,125,Spaghetti & Meatballs,Italian,17.95
4920,2023-03-24,0 days 17:39:24,117,Chicken Burrito,Mexican,12.95
4921,2023-03-24,0 days 17:59:12,120,Steak Torta,Mexican,13.95
4921,2023-03-24,0 days 17:59:12,106,French Fries,American,7.0
4922,2023-03-24,0 days 18:10:44,115,Chicken Tacos,Mexican,11.95
4922,2023-03-24,0 days 18:10:44,113,Edamame,Asian,5.0
4923,2023-03-24,0 days 18:48:54,124,Spaghetti,Italian,14.5
4924,2023-03-24,0 days 18:53:06,120,Steak Torta,Mexican,13.95
4924,2023-03-24,0 days 18:53:06,114,Potstickers,Asian,9.0
4925,2023-03-24,0 days 18:57:07,125,Spaghetti & Meatballs,Italian,17.95
4925,2023-03-24,0 days 18:57:07,106,French Fries,American,7.0
4926,2023-03-24,0 days 19:00:07,120,Steak Torta,Mexican,13.95
4927,2023-03-24,0 days 19:38:31,115,Chicken Tacos,Mexican,11.95
4927,2023-03-24,0 days 19:38:31,125,Spaghetti & Meatballs,Italian,17.95
4927,2023-03-24,0 days 19:38:31,114,Potstickers,Asian,9.0
4927,2023-03-24,0 days 19:38:31,132,Eggplant Parmesan,Italian,16.95
4928,2023-03-24,0 days 19:44:15,110,Pork Ramen,Asian,17.95
4928,2023-03-24,0 days 19:44:15,122,Chips & Salsa,Mexican,7.0
4929,2023-03-24,0 days 19:49:39,117,Chicken Burrito,Mexican,12.95
4929,2023-03-24,0 days 19:49:39,113,Edamame,Asian,5.0
4930,2023-03-24,0 days 19:57:44,124,Spaghetti,Italian,14.5
4930,2023-03-24,0 days 19:57:44,123,Chips & Guacamole,Mexican,9.0
4930,2023-03-24,0 days 19:57:44,114,Potstickers,Asian,9.0
4931,2023-03-24,0 days 20:01:03,101,Hamburger,American,12.95
4931,2023-03-24,0 days 20:01:03,107,Orange Chicken,Asian,16.5
4932,2023-03-24,0 days 20:20:11,117,Chicken Burrito,Mexican,12.95
4932,2023-03-24,0 days 20:20:11,129,Mushroom Ravioli,Italian,15.5
4933,2023-03-24,0 days 20:32:57,101,Hamburger,American,12.95
4933,2023-03-24,0 days 20:32:57,129,Mushroom Ravioli,Italian,15.5
4933,2023-03-24,0 days 20:32:57,122,Chips & Salsa,Mexican,7.0
4934,2023-03-24,0 days 20:37:52,125,Spaghetti & Meatballs,Italian,17.95
4935,2023-03-24,0 days 20:56:05,102,Cheeseburger,American,13.95
4935,2023-03-24,0 days 20:56:05,125,Spaghetti & Meatballs,Italian,17.95
4935,2023-03-24,0 days 20:56:05,127,Meat Lasagna,Italian,17.95
4936,2023-03-24,0 days 21:06:17,120,Steak Torta,Mexican,13.95
4937,2023-03-24,0 days 22:03:54,108,Tofu Pad Thai,Asian,14.5
4937,2023-03-24,0 days 22:03:54,110,Pork Ramen,Asian,17.95
4938,2023-03-24,0 days 22:14:02,107,Orange Chicken,Asian,16.5
4938,2023-03-24,0 days 22:14:02,108,Tofu Pad Thai,Asian,14.5
4938,2023-03-24,0 days 22:14:02,110,Pork Ramen,Asian,17.95
4938,2023-03-24,0 days 22:14:02,120,Steak Torta,Mexican,13.95
4939,2023-03-24,0 days 22:20:17,109,Korean Beef Bowl,Asian,17.95
4939,2023-03-24,0 days 22:20:17,118,Steak Burrito,Mexican,14.95
4939,2023-03-24,0 days 22:20:17,119,Chicken Torta,Mexican,11.95
4939,2023-03-24,0 days 22:20:17,120,Steak Torta,Mexican,13.95
4940,2023-03-24,0 days 22:20:25,110,Pork Ramen,Asian,17.95
4940,2023-03-24,0 days 22:20:25,131,Chicken Parmesan,Italian,17.95
4940,2023-03-24,0 days 22:20:25,132,Eggplant Parmesan,Italian,16.95
4941,2023-03-25,0 days 11:32:56,111,California Roll,Asian,11.95
4942,2023-03-25,0 days 11:37:54,101,Hamburger,American,12.95
4942,2023-03-25,0 days 11:37:54,107,Orange Chicken,Asian,16.5
4942,2023-03-25,0 days 11:37:54,112,Salmon Roll,Asian,14.95
4942,2023-03-25,0 days 11:37:54,106,French Fries,American,7.0
4943,2023-03-25,0 days 11:53:09,127,Meat Lasagna,Italian,17.95
4944,2023-03-25,0 days 11:53:50,103,Hot Dog,American,9.0
4945,2023-03-25,0 days 12:00:40,110,Pork Ramen,Asian,17.95
4946,2023-03-25,0 days 12:06:23,121,Cheese Quesadillas,Mexican,10.5
4946,2023-03-25,0 days 12:06:23,130,Shrimp Scampi,Italian,19.95
4947,2023-03-25,0 days 12:09:12,116,Steak Tacos,Mexican,13.95
4947,2023-03-25,0 days 12:09:12,109,Korean Beef Bowl,Asian,17.95
4948,2023-03-25,0 days 12:11:42,106,French Fries,American,7.0
4949,2023-03-25,0 days 12:20:42,125,Spaghetti & Meatballs,Italian,17.95
4950,2023-03-25,0 days 12:22:09,115,Chicken Tacos,Mexican,11.95
4950,2023-03-25,0 days 12:22:09,108,Tofu Pad Thai,Asian,14.5
4950,2023-03-25,0 days 12:22:09,125,Spaghetti & Meatballs,Italian,17.95
4951,2023-03-25,0 days 12:41:13,102,Cheeseburger,American,13.95
4951,2023-03-25,0 days 12:41:13,108,Tofu Pad Thai,Asian,14.5
4951,2023-03-25,0 days 12:41:13,125,Spaghetti & Meatballs,Italian,17.95
4951,2023-03-25,0 days 12:41:13,121,Cheese Quesadillas,Mexican,10.5
4952,2023-03-25,0 days 12:43:12,102,Cheeseburger,American,13.95
4953,2023-03-25,0 days 13:00:56,122,Chips & Salsa,Mexican,7.0
4954,2023-03-25,0 days 13:02:58,128,Cheese Lasagna,Italian,15.5
4954,2023-03-25,0 days 13:02:58,119,Chicken Torta,Mexican,11.95
4955,2023-03-25,0 days 13:10:57,108,Tofu Pad Thai,Asian,14.5
4955,2023-03-25,0 days 13:10:57,112,Salmon Roll,Asian,14.95
4955,2023-03-25,0 days 13:10:57,121,Cheese Quesadillas,Mexican,10.5
4955,2023-03-25,0 days 13:10:57,130,Shrimp Scampi,Italian,19.95
4955,2023-03-25,0 days 13:10:57,123,Chips & Guacamole,Mexican,9.0
4955,2023-03-25,0 days 13:10:57,106,French Fries,American,7.0
4956,2023-03-25,0 days 13:26:18,108,Tofu Pad Thai,Asian,14.5
4956,2023-03-25,0 days 13:26:18,122,Chips & Salsa,Mexican,7.0
4957,2023-03-25,0 days 13:34:24,118,Steak Burrito,Mexican,14.95
4958,2023-03-25,0 days 13:36:37,108,Tofu Pad Thai,Asian,14.5
4959,2023-03-25,0 days 13:49:25,105,Mac & Cheese,American,7.0
4960,2023-03-25,0 days 13:58:48,113,Edamame,Asian,5.0
4961,2023-03-25,0 days 14:01:43,120,Steak Torta,Mexican,13.95
4962,2023-03-25,0 days 14:34:44,112,Salmon Roll,Asian,14.95
4963,2023-03-25,0 days 14:57:26,118,Steak Burrito,Mexican,14.95
4964,2023-03-25,0 days 15:42:29,102,Cheeseburger,American,13.95
4964,2023-03-25,0 days 15:42:29,119,Chicken Torta,Mexican,11.95
4965,2023-03-25,0 days 16:12:29,104,Veggie Burger,American,10.5
4965,2023-03-25,0 days 16:12:29,131,Chicken Parmesan,Italian,17.95
4966,2023-03-25,0 days 16:43:47,108,Tofu Pad Thai,Asian,14.5
4967,2023-03-25,0 days 17:02:42,107,Orange Chicken,Asian,16.5
4967,2023-03-25,0 days 17:02:42,125,Spaghetti & Meatballs,Italian,17.95
4967,2023-03-25,0 days 17:02:42,120,Steak Torta,Mexican,13.95
4968,2023-03-25,0 days 17:07:45,107,Orange Chicken,Asian,16.5
4968,2023-03-25,0 days 17:07:45,121,Cheese Quesadillas,Mexican,10.5
4968,2023-03-25,0 days 17:07:45,105,Mac & Cheese,American,7.0
4968,2023-03-25,0 days 17:07:45,132,Eggplant Parmesan,Italian,16.95
4969,2023-03-25,0 days 17:13:34,104,Veggie Burger,American,10.5
4969,2023-03-25,0 days 17:13:34,104,Veggie Burger,American,10.5
4969,2023-03-25,0 days 17:13:34,129,Mushroom Ravioli,Italian,15.5
4970,2023-03-25,0 days 17:32:07,125,Spaghetti & Meatballs,Italian,17.95
4970,2023-03-25,0 days 17:32:07,110,Pork Ramen,Asian,17.95
4970,2023-03-25,0 days 17:32:07,120,Steak Torta,Mexican,13.95
4970,2023-03-25,0 days 17:32:07,122,Chips & Salsa,Mexican,7.0
4971,2023-03-25,0 days 17:37:50,104,Veggie Burger,American,10.5
4971,2023-03-25,0 days 17:37:50,122,Chips & Salsa,Mexican,7.0
4971,2023-03-25,0 days 17:37:50,132,Eggplant Parmesan,Italian,16.95
4971,2023-03-25,0 days 17:37:50,132,Eggplant Parmesan,Italian,16.95
4972,2023-03-25,0 days 17:43:05,124,Spaghetti,Italian,14.5
4972,2023-03-25,0 days 17:43:05,117,Chicken Burrito,Mexican,12.95
4972,2023-03-25,0 days 17:43:05,117,Chicken Burrito,Mexican,12.95
4973,2023-03-25,0 days 17:49:01,102,Cheeseburger,American,13.95
4973,2023-03-25,0 days 17:49:01,120,Steak Torta,Mexican,13.95
4974,2023-03-25,0 days 17:59:15,102,Cheeseburger,American,13.95
4974,2023-03-25,0 days 17:59:15,109,Korean Beef Bowl,Asian,17.95
4974,2023-03-25,0 days 17:59:15,128,Cheese Lasagna,Italian,15.5
4975,2023-03-25,0 days 18:05:54,124,Spaghetti,Italian,14.5
4976,2023-03-25,0 days 18:11:17,109,Korean Beef Bowl,Asian,17.95
4977,2023-03-25,0 days 18:20:35,101,Hamburger,American,12.95
4977,2023-03-25,0 days 18:20:35,102,Cheeseburger,American,13.95
4977,2023-03-25,0 days 18:20:35,113,Edamame,Asian,5.0
4978,2023-03-25,0 days 18:35:12,101,Hamburger,American,12.95
4978,2023-03-25,0 days 18:35:12,129,Mushroom Ravioli,Italian,15.5
4978,2023-03-25,0 days 18:35:12,122,Chips & Salsa,Mexican,7.0
4979,2023-03-25,0 days 18:57:01,101,Hamburger,American,12.95
4979,2023-03-25,0 days 18:57:01,125,Spaghetti & Meatballs,Italian,17.95
4979,2023-03-25,0 days 18:57:01,119,Chicken Torta,Mexican,11.95
4979,2023-03-25,0 days 18:57:01,121,Cheese Quesadillas,Mexican,10.5
4980,2023-03-25,0 days 19:02:39,127,Meat Lasagna,Italian,17.95
4980,2023-03-25,0 days 19:02:39,120,Steak Torta,Mexican,13.95
4981,2023-03-25,0 days 19:12:01,130,Shrimp Scampi,Italian,19.95
4981,2023-03-25,0 days 19:12:01,131,Chicken Parmesan,Italian,17.95
4981,2023-03-25,0 days 19:12:01,106,French Fries,American,7.0
4982,2023-03-25,0 days 19:21:56,106,French Fries,American,7.0
4983,2023-03-25,0 days 19:39:31,120,Steak Torta,Mexican,13.95
4983,2023-03-25,0 days 19:39:31,121,Cheese Quesadillas,Mexican,10.5
4983,2023-03-25,0 days 19:39:31,123,Chips & Guacamole,Mexican,9.0
4984,2023-03-25,0 days 19:52:33,124,Spaghetti,Italian,14.5
4984,2023-03-25,0 days 19:52:33,120,Steak Torta,Mexican,13.95
4985,2023-03-25,0 days 20:00:01,129,Mushroom Ravioli,Italian,15.5
4986,2023-03-25,0 days 20:06:38,117,Chicken Burrito,Mexican,12.95
4987,2023-03-25,0 days 20:34:13,103,Hot Dog,American,9.0
4987,2023-03-25,0 days 20:34:13,109,Korean Beef Bowl,Asian,17.95
4987,2023-03-25,0 days 20:34:13,128,Cheese Lasagna,Italian,15.5
4988,2023-03-25,0 days 20:44:56,102,Cheeseburger,American,13.95
4988,2023-03-25,0 days 20:44:56,128,Cheese Lasagna,Italian,15.5
4988,2023-03-25,0 days 20:44:56,112,Salmon Roll,Asian,14.95
4989,2023-03-25,0 days 20:54:18,102,Cheeseburger,American,13.95
4990,2023-03-25,0 days 21:02:20,105,Mac & Cheese,American,7.0
4991,2023-03-25,0 days 21:09:19,101,Hamburger,American,12.95
4991,2023-03-25,0 days 21:09:19,111,California Roll,Asian,11.95
4992,2023-03-25,0 days 21:11:28,113,Edamame,Asian,5.0
4992,2023-03-25,0 days 21:11:28,118,Steak Burrito,Mexican,14.95
4993,2023-03-25,0 days 21:13:53,121,Cheese Quesadillas,Mexican,10.5
4994,2023-03-25,0 days 21:26:47,109,Korean Beef Bowl,Asian,17.95
4994,2023-03-25,0 days 21:26:47,113,Edamame,Asian,5.0
4995,2023-03-25,0 days 21:26:57,117,Chicken Burrito,Mexican,12.95
4995,2023-03-25,0 days 21:26:57,113,Edamame,Asian,5.0
4996,2023-03-25,0 days 22:16:46,127,Meat Lasagna,Italian,17.95
4997,2023-03-26,0 days 11:22:59,109,Korean Beef Bowl,Asian,17.95
4998,2023-03-26,0 days 11:34:32,125,Spaghetti & Meatballs,Italian,17.95
4999,2023-03-26,0 days 11:37:06,108,Tofu Pad Thai,Asian,14.5
4999,2023-03-26,0 days 11:37:06,109,Korean Beef Bowl,Asian,17.95
5000,2023-03-26,0 days 11:37:43,116,Steak Tacos,Mexican,13.95
5000,2023-03-26,0 days 11:37:43,109,Korean Beef Bowl,Asian,17.95
5001,2023-03-26,0 days 11:44:02,104,Veggie Burger,American,10.5
5002,2023-03-26,0 days 11:46:28,101,Hamburger,American,12.95
5002,2023-03-26,0 days 11:46:28,113,Edamame,Asian,5.0
5003,2023-03-26,0 days 11:50:45,104,Veggie Burger,American,10.5
5003,2023-03-26,0 days 11:50:45,108,Tofu Pad Thai,Asian,14.5
5003,2023-03-26,0 days 11:50:45,118,Steak Burrito,Mexican,14.95
5003,2023-03-26,0 days 11:50:45,120,Steak Torta,Mexican,13.95
5004,2023-03-26,0 days 12:00:55,112,Salmon Roll,Asian,14.95
5005,2023-03-26,0 days 12:18:13,119,Chicken Torta,Mexican,11.95
5006,2023-03-26,0 days 12:24:39,128,Cheese Lasagna,Italian,15.5
5006,2023-03-26,0 days 12:24:39,132,Eggplant Parmesan,Italian,16.95
5007,2023-03-26,0 days 12:38:04,113,Edamame,Asian,5.0
5008,2023-03-26,0 days 12:39:34,115,Chicken Tacos,Mexican,11.95
5008,2023-03-26,0 days 12:39:34,113,Edamame,Asian,5.0
5009,2023-03-26,0 days 12:45:57,103,Hot Dog,American,9.0
5009,2023-03-26,0 days 12:45:57,105,Mac & Cheese,American,7.0
5010,2023-03-26,0 days 12:48:02,106,French Fries,American,7.0
5011,2023-03-26,0 days 12:55:44,101,Hamburger,American,12.95
5011,2023-03-26,0 days 12:55:44,113,Edamame,Asian,5.0
5011,2023-03-26,0 days 12:55:44,121,Cheese Quesadillas,Mexican,10.5
5011,2023-03-26,0 days 12:55:44,105,Mac & Cheese,American,7.0
5011,2023-03-26,0 days 12:55:44,122,Chips & Salsa,Mexican,7.0
5012,2023-03-26,0 days 13:12:34,130,Shrimp Scampi,Italian,19.95
5013,2023-03-26,0 days 13:14:23,102,Cheeseburger,American,13.95
5013,2023-03-26,0 days 13:14:23,117,Chicken Burrito,Mexican,12.95
5013,2023-03-26,0 days 13:14:23,129,Mushroom Ravioli,Italian,15.5
5013,2023-03-26,0 days 13:14:23,120,Steak Torta,Mexican,13.95
5014,2023-03-26,0 days 13:34:44,130,Shrimp Scampi,Italian,19.95
5015,2023-03-26,0 days 13:35:54,110,Pork Ramen,Asian,17.95
5015,2023-03-26,0 days 13:35:54,121,Cheese Quesadillas,Mexican,10.5
5016,2023-03-26,0 days 13:53:46,129,Mushroom Ravioli,Italian,15.5
5017,2023-03-26,0 days 13:58:44,107,Orange Chicken,Asian,16.5
5017,2023-03-26,0 days 13:58:44,116,Steak Tacos,Mexican,13.95
5017,2023-03-26,0 days 13:58:44,102,Cheeseburger,American,13.95
5017,2023-03-26,0 days 13:58:44,108,Tofu Pad Thai,Asian,14.5
5017,2023-03-26,0 days 13:58:44,108,Tofu Pad Thai,Asian,14.5
5017,2023-03-26,0 days 13:58:44,110,Pork Ramen,Asian,17.95
5017,2023-03-26,0 days 13:58:44,117,Chicken Burrito,Mexican,12.95
5017,2023-03-26,0 days 13:58:44,129,Mushroom Ravioli,Italian,15.5
5017,2023-03-26,0 days 13:58:44,120,Steak Torta,Mexican,13.95
5017,2023-03-26,0 days 13:58:44,106,French Fries,American,7.0
5017,2023-03-26,0 days 13:58:44,106,French Fries,American,7.0
5017,2023-03-26,0 days 13:58:44,114,Potstickers,Asian,9.0
5018,2023-03-26,0 days 14:06:09,122,Chips & Salsa,Mexican,7.0
5019,2023-03-26,0 days 14:12:31,101,Hamburger,American,12.95
5019,2023-03-26,0 days 14:12:31,104,Veggie Burger,American,10.5
5019,2023-03-26,0 days 14:12:31,109,Korean Beef Bowl,Asian,17.95
5019,2023-03-26,0 days 14:12:31,121,Cheese Quesadillas,Mexican,10.5
5020,2023-03-26,0 days 14:15:57,102,Cheeseburger,American,13.95
5021,2023-03-26,0 days 14:23:00,101,Hamburger,American,12.95
5021,2023-03-26,0 days 14:23:00,127,Meat Lasagna,Italian,17.95
5022,2023-03-26,0 days 14:23:37,102,Cheeseburger,American,13.95
5022,2023-03-26,0 days 14:23:37,122,Chips & Salsa,Mexican,7.0
5022,2023-03-26,0 days 14:23:37,131,Chicken Parmesan,Italian,17.95
5023,2023-03-26,0 days 14:37:13,116,Steak Tacos,Mexican,13.95
5023,2023-03-26,0 days 14:37:13,102,Cheeseburger,American,13.95
5024,2023-03-26,0 days 14:40:47,125,Spaghetti & Meatballs,Italian,17.95
5024,2023-03-26,0 days 14:40:47,105,Mac & Cheese,American,7.0
5025,2023-03-26,0 days 14:54:00,117,Chicken Burrito,Mexican,12.95
5026,2023-03-26,0 days 15:16:07,103,Hot Dog,American,9.0
5026,2023-03-26,0 days 15:16:07,118,Steak Burrito,Mexican,14.95
5027,2023-03-26,0 days 15:37:15,127,Meat Lasagna,Italian,17.95
5028,2023-03-26,0 days 15:46:49,115,Chicken Tacos,Mexican,11.95
5028,2023-03-26,0 days 15:46:49,120,Steak Torta,Mexican,13.95
5029,2023-03-26,0 days 15:55:20,111,California Roll,Asian,11.95
5030,2023-03-26,0 days 16:09:58,104,Veggie Burger,American,10.5
5030,2023-03-26,0 days 16:09:58,125,Spaghetti & Meatballs,Italian,17.95
5030,2023-03-26,0 days 16:09:58,105,Mac & Cheese,American,7.0
5030,2023-03-26,0 days 16:09:58,106,French Fries,American,7.0
5031,2023-03-26,0 days 16:17:47,127,Meat Lasagna,Italian,17.95
5032,2023-03-26,0 days 16:20:57,109,Korean Beef Bowl,Asian,17.95
5032,2023-03-26,0 days 16:20:57,105,Mac & Cheese,American,7.0
5033,2023-03-26,0 days 16:30:33,116,Steak Tacos,Mexican,13.95
5033,2023-03-26,0 days 16:30:33,119,Chicken Torta,Mexican,11.95
5034,2023-03-26,0 days 16:51:53,108,Tofu Pad Thai,Asian,14.5
5034,2023-03-26,0 days 16:51:53,109,Korean Beef Bowl,Asian,17.95
5034,2023-03-26,0 days 16:51:53,128,Cheese Lasagna,Italian,15.5
5034,2023-03-26,0 days 16:51:53,121,Cheese Quesadillas,Mexican,10.5
5035,2023-03-26,0 days 17:00:18,122,Chips & Salsa,Mexican,7.0
5036,2023-03-26,0 days 17:10:08,102,Cheeseburger,American,13.95
5036,2023-03-26,0 days 17:10:08,124,Spaghetti,Italian,14.5
5036,2023-03-26,0 days 17:10:08,109,Korean Beef Bowl,Asian,17.95
5036,2023-03-26,0 days 17:10:08,113,Edamame,Asian,5.0
5037,2023-03-26,0 days 17:10:13,122,Chips & Salsa,Mexican,7.0
5038,2023-03-26,0 days 17:12:05,110,Pork Ramen,Asian,17.95
5038,2023-03-26,0 days 17:12:05,111,California Roll,Asian,11.95
5039,2023-03-26,0 days 17:30:05,109,Korean Beef Bowl,Asian,17.95
5039,2023-03-26,0 days 17:30:05,121,Cheese Quesadillas,Mexican,10.5
5039,2023-03-26,0 days 17:30:05,122,Chips & Salsa,Mexican,7.0
5040,2023-03-26,0 days 17:40:27,107,Orange Chicken,Asian,16.5
5041,2023-03-26,0 days 17:43:00,113,Edamame,Asian,5.0
5042,2023-03-26,0 days 17:50:15,101,Hamburger,American,12.95
5043,2023-03-26,0 days 17:55:08,127,Meat Lasagna,Italian,17.95
5044,2023-03-26,0 days 17:58:03,104,Veggie Burger,American,10.5
5044,2023-03-26,0 days 17:58:03,112,Salmon Roll,Asian,14.95
5045,2023-03-26,0 days 18:12:55,108,Tofu Pad Thai,Asian,14.5
5046,2023-03-26,0 days 18:17:36,102,Cheeseburger,American,13.95
5047,2023-03-26,0 days 18:23:08,101,Hamburger,American,12.95
5047,2023-03-26,0 days 18:23:08,103,Hot Dog,American,9.0
5048,2023-03-26,0 days 18:34:53,108,Tofu Pad Thai,Asian,14.5
5048,2023-03-26,0 days 18:34:53,113,Edamame,Asian,5.0
5048,2023-03-26,0 days 18:34:53,105,Mac & Cheese,American,7.0
5048,2023-03-26,0 days 18:34:53,106,French Fries,American,7.0
5049,2023-03-26,0 days 18:40:21,109,Korean Beef Bowl,Asian,17.95
5050,2023-03-26,0 days 18:45:15,126,Fettuccine Alfredo,Italian,14.5
5050,2023-03-26,0 days 18:45:15,110,Pork Ramen,Asian,17.95
5050,2023-03-26,0 days 18:45:15,123,Chips & Guacamole,Mexican,9.0
5051,2023-03-26,0 days 18:49:21,102,Cheeseburger,American,13.95
5051,2023-03-26,0 days 18:49:21,119,Chicken Torta,Mexican,11.95
5052,2023-03-26,0 days 18:53:41,107,Orange Chicken,Asian,16.5
5053,2023-03-26,0 days 18:56:26,107,Orange Chicken,Asian,16.5
5054,2023-03-26,0 days 19:35:46,117,Chicken Burrito,Mexican,12.95
5055,2023-03-26,0 days 19:51:36,107,Orange Chicken,Asian,16.5
5055,2023-03-26,0 days 19:51:36,106,French Fries,American,7.0
5056,2023-03-26,0 days 20:01:53,101,Hamburger,American,12.95
5056,2023-03-26,0 days 20:01:53,119,Chicken Torta,Mexican,11.95
5056,2023-03-26,0 days 20:01:53,121,Cheese Quesadillas,Mexican,10.5
5056,2023-03-26,0 days 20:01:53,105,Mac & Cheese,American,7.0
5057,2023-03-26,0 days 20:08:07,109,Korean Beef Bowl,Asian,17.95
5057,2023-03-26,0 days 20:08:07,128,Cheese Lasagna,Italian,15.5
5057,2023-03-26,0 days 20:08:07,131,Chicken Parmesan,Italian,17.95
5057,2023-03-26,0 days 20:08:07,106,French Fries,American,7.0
5058,2023-03-26,0 days 20:21:14,107,Orange Chicken,Asian,16.5
5058,2023-03-26,0 days 20:21:14,126,Fettuccine Alfredo,Italian,14.5
5058,2023-03-26,0 days 20:21:14,131,Chicken Parmesan,Italian,17.95
5059,2023-03-26,0 days 20:25:19,109,Korean Beef Bowl,Asian,17.95
5059,2023-03-26,0 days 20:25:19,110,Pork Ramen,Asian,17.95
5060,2023-03-26,0 days 20:44:56,129,Mushroom Ravioli,Italian,15.5
5061,2023-03-26,0 days 21:23:45,105,Mac & Cheese,American,7.0
5062,2023-03-27,0 days 11:49:29,109,Korean Beef Bowl,Asian,17.95
5063,2023-03-27,0 days 11:50:10,122,Chips & Salsa,Mexican,7.0
5063,2023-03-27,0 days 11:50:10,106,French Fries,American,7.0
5063,2023-03-27,0 days 11:50:10,114,Potstickers,Asian,9.0
5064,2023-03-27,0 days 11:58:27,103,Hot Dog,American,9.0
5065,2023-03-27,0 days 12:07:05,114,Potstickers,Asian,9.0
5066,2023-03-27,0 days 12:20:59,116,Steak Tacos,Mexican,13.95
5066,2023-03-27,0 days 12:20:59,102,Cheeseburger,American,13.95
5066,2023-03-27,0 days 12:20:59,110,Pork Ramen,Asian,17.95
5066,2023-03-27,0 days 12:20:59,117,Chicken Burrito,Mexican,12.95
5066,2023-03-27,0 days 12:20:59,117,Chicken Burrito,Mexican,12.95
5066,2023-03-27,0 days 12:20:59,129,Mushroom Ravioli,Italian,15.5
5066,2023-03-27,0 days 12:20:59,111,California Roll,Asian,11.95
5066,2023-03-27,0 days 12:20:59,113,Edamame,Asian,5.0
5066,2023-03-27,0 days 12:20:59,120,Steak Torta,Mexican,13.95
5066,2023-03-27,0 days 12:20:59,120,Steak Torta,Mexican,13.95
5066,2023-03-27,0 days 12:20:59,105,Mac & Cheese,American,7.0
5066,2023-03-27,0 days 12:20:59,131,Chicken Parmesan,Italian,17.95
5066,2023-03-27,0 days 12:20:59,132,Eggplant Parmesan,Italian,16.95
5067,2023-03-27,0 days 12:26:17,109,Korean Beef Bowl,Asian,17.95
5068,2023-03-27,0 days 12:29:40,126,Fettuccine Alfredo,Italian,14.5
5068,2023-03-27,0 days 12:29:40,123,Chips & Guacamole,Mexican,9.0
5069,2023-03-27,0 days 12:29:41,108,Tofu Pad Thai,Asian,14.5
5070,2023-03-27,0 days 12:35:03,122,Chips & Salsa,Mexican,7.0
5071,2023-03-27,0 days 12:47:48,108,Tofu Pad Thai,Asian,14.5
5071,2023-03-27,0 days 12:47:48,120,Steak Torta,Mexican,13.95
5071,2023-03-27,0 days 12:47:48,122,Chips & Salsa,Mexican,7.0
5072,2023-03-27,0 days 12:53:56,120,Steak Torta,Mexican,13.95
5073,2023-03-27,0 days 12:56:32,124,Spaghetti,Italian,14.5
5074,2023-03-27,0 days 13:05:06,119,Chicken Torta,Mexican,11.95
5075,2023-03-27,0 days 13:08:15,108,Tofu Pad Thai,Asian,14.5
5075,2023-03-27,0 days 13:08:15,117,Chicken Burrito,Mexican,12.95
5076,2023-03-27,0 days 13:12:12,125,Spaghetti & Meatballs,Italian,17.95
5076,2023-03-27,0 days 13:12:12,110,Pork Ramen,Asian,17.95
5076,2023-03-27,0 days 13:12:12,131,Chicken Parmesan,Italian,17.95
5077,2023-03-27,0 days 13:21:18,102,Cheeseburger,American,13.95
5077,2023-03-27,0 days 13:21:18,111,California Roll,Asian,11.95
5077,2023-03-27,0 days 13:21:18,120,Steak Torta,Mexican,13.95
5077,2023-03-27,0 days 13:21:18,120,Steak Torta,Mexican,13.95
5078,2023-03-27,0 days 13:31:17,130,Shrimp Scampi,Italian,19.95
5079,2023-03-27,0 days 13:41:43,124,Spaghetti,Italian,14.5
5079,2023-03-27,0 days 13:41:43,127,Meat Lasagna,Italian,17.95
5079,2023-03-27,0 days 13:41:43,121,Cheese Quesadillas,Mexican,10.5
5079,2023-03-27,0 days 13:41:43,105,Mac & Cheese,American,7.0
5080,2023-03-27,0 days 13:43:35,102,Cheeseburger,American,13.95
5080,2023-03-27,0 days 13:43:35,126,Fettuccine Alfredo,Italian,14.5
5080,2023-03-27,0 days 13:43:35,113,Edamame,Asian,5.0
5080,2023-03-27,0 days 13:43:35,118,Steak Burrito,Mexican,14.95
5080,2023-03-27,0 days 13:43:35,105,Mac & Cheese,American,7.0
5080,2023-03-27,0 days 13:43:35,122,Chips & Salsa,Mexican,7.0
5080,2023-03-27,0 days 13:43:35,132,Eggplant Parmesan,Italian,16.95
5081,2023-03-27,0 days 13:59:35,110,Pork Ramen,Asian,17.95
5082,2023-03-27,0 days 14:22:32,130,Shrimp Scampi,Italian,19.95
5083,2023-03-27,0 days 14:33:01,121,Cheese Quesadillas,Mexican,10.5
5084,2023-03-27,0 days 14:33:30,119,Chicken Torta,Mexican,11.95
5085,2023-03-27,0 days 14:57:13,109,Korean Beef Bowl,Asian,17.95
5085,2023-03-27,0 days 14:57:13,132,Eggplant Parmesan,Italian,16.95
5086,2023-03-27,0 days 15:30:43,126,Fettuccine Alfredo,Italian,14.5
5087,2023-03-27,0 days 16:10:25,124,Spaghetti,Italian,14.5
5087,2023-03-27,0 days 16:10:25,117,Chicken Burrito,Mexican,12.95
5087,2023-03-27,0 days 16:10:25,122,Chips & Salsa,Mexican,7.0
5088,2023-03-27,0 days 16:12:26,103,Hot Dog,American,9.0
5088,2023-03-27,0 days 16:12:26,122,Chips & Salsa,Mexican,7.0
5089,2023-03-27,0 days 16:12:46,103,Hot Dog,American,9.0
5089,2023-03-27,0 days 16:12:46,108,Tofu Pad Thai,Asian,14.5
5089,2023-03-27,0 days 16:12:46,114,Potstickers,Asian,9.0
5090,2023-03-27,0 days 16:16:50,126,Fettuccine Alfredo,Italian,14.5
5090,2023-03-27,0 days 16:16:50,113,Edamame,Asian,5.0
5091,2023-03-27,0 days 16:25:42,101,Hamburger,American,12.95
5091,2023-03-27,0 days 16:25:42,125,Spaghetti & Meatballs,Italian,17.95
5091,2023-03-27,0 days 16:25:42,127,Meat Lasagna,Italian,17.95
5091,2023-03-27,0 days 16:25:42,112,Salmon Roll,Asian,14.95
5092,2023-03-27,0 days 16:48:30,105,Mac & Cheese,American,7.0
5092,2023-03-27,0 days 16:48:30,122,Chips & Salsa,Mexican,7.0
5093,2023-03-27,0 days 16:58:24,108,Tofu Pad Thai,Asian,14.5
5094,2023-03-27,0 days 17:00:09,102,Cheeseburger,American,13.95
5094,2023-03-27,0 days 17:00:09,124,Spaghetti,Italian,14.5
5095,2023-03-27,0 days 17:04:40,109,Korean Beef Bowl,Asian,17.95
5095,2023-03-27,0 days 17:04:40,129,Mushroom Ravioli,Italian,15.5
5095,2023-03-27,0 days 17:04:40,120,Steak Torta,Mexican,13.95
5095,2023-03-27,0 days 17:04:40,105,Mac & Cheese,American,7.0
5096,2023-03-27,0 days 17:28:05,108,Tofu Pad Thai,Asian,14.5
5096,2023-03-27,0 days 17:28:05,108,Tofu Pad Thai,Asian,14.5
5096,2023-03-27,0 days 17:28:05,131,Chicken Parmesan,Italian,17.95
5097,2023-03-27,0 days 17:31:39,123,Chips & Guacamole,Mexican,9.0
5098,2023-03-27,0 days 17:41:05,101,Hamburger,American,12.95
5099,2023-03-27,0 days 17:45:15,101,Hamburger,American,12.95
5099,2023-03-27,0 days 17:45:15,105,Mac & Cheese,American,7.0
5100,2023-03-27,0 days 17:49:28,109,Korean Beef Bowl,Asian,17.95
5100,2023-03-27,0 days 17:49:28,128,Cheese Lasagna,Italian,15.5
5100,2023-03-27,0 days 17:49:28,122,Chips & Salsa,Mexican,7.0
5100,2023-03-27,0 days 17:49:28,106,French Fries,American,7.0
5101,2023-03-27,0 days 17:51:15,105,Mac & Cheese,American,7.0
5102,2023-03-27,0 days 17:52:41,109,Korean Beef Bowl,Asian,17.95
5103,2023-03-27,0 days 17:52:55,117,Chicken Burrito,Mexican,12.95
5104,2023-03-27,0 days 17:56:27,124,Spaghetti,Italian,14.5
5104,2023-03-27,0 days 17:56:27,125,Spaghetti & Meatballs,Italian,17.95
5104,2023-03-27,0 days 17:56:27,118,Steak Burrito,Mexican,14.95
5104,2023-03-27,0 days 17:56:27,130,Shrimp Scampi,Italian,19.95
5105,2023-03-27,0 days 17:56:55,129,Mushroom Ravioli,Italian,15.5
5105,2023-03-27,0 days 17:56:55,113,Edamame,Asian,5.0
5105,2023-03-27,0 days 17:56:55,131,Chicken Parmesan,Italian,17.95
5106,2023-03-27,0 days 18:04:24,131,Chicken Parmesan,Italian,17.95
5107,2023-03-27,0 days 18:15:26,112,Salmon Roll,Asian,14.95
5107,2023-03-27,0 days 18:15:26,113,Edamame,Asian,5.0
5107,2023-03-27,0 days 18:15:26,120,Steak Torta,Mexican,13.95
5107,2023-03-27,0 days 18:15:26,130,Shrimp Scampi,Italian,19.95
5108,2023-03-27,0 days 18:16:47,124,Spaghetti,Italian,14.5
5108,2023-03-27,0 days 18:16:47,110,Pork Ramen,Asian,17.95
5108,2023-03-27,0 days 18:16:47,132,Eggplant Parmesan,Italian,16.95
5109,2023-03-27,0 days 18:19:24,126,Fettuccine Alfredo,Italian,14.5
5109,2023-03-27,0 days 18:19:24,117,Chicken Burrito,Mexican,12.95
5109,2023-03-27,0 days 18:19:24,131,Chicken Parmesan,Italian,17.95
5109,2023-03-27,0 days 18:19:24,132,Eggplant Parmesan,Italian,16.95
5110,2023-03-27,0 days 18:26:20,124,Spaghetti,Italian,14.5
5110,2023-03-27,0 days 18:26:20,113,Edamame,Asian,5.0
5110,2023-03-27,0 days 18:26:20,132,Eggplant Parmesan,Italian,16.95
5111,2023-03-27,0 days 18:46:46,108,Tofu Pad Thai,Asian,14.5
5111,2023-03-27,0 days 18:46:46,105,Mac & Cheese,American,7.0
5111,2023-03-27,0 days 18:46:46,122,Chips & Salsa,Mexican,7.0
5112,2023-03-27,0 days 18:54:36,110,Pork Ramen,Asian,17.95
5113,2023-03-27,0 days 19:14:27,105,Mac & Cheese,American,7.0
5114,2023-03-27,0 days 19:15:56,107,Orange Chicken,Asian,16.5
5114,2023-03-27,0 days 19:15:56,127,Meat Lasagna,Italian,17.95
5115,2023-03-27,0 days 19:18:58,113,Edamame,Asian,5.0
5116,2023-03-27,0 days 19:30:46,119,Chicken Torta,Mexican,11.95
5116,2023-03-27,0 days 19:30:46,114,Potstickers,Asian,9.0
5116,2023-03-27,0 days 19:30:46,132,Eggplant Parmesan,Italian,16.95
5117,2023-03-27,0 days 19:33:52,108,Tofu Pad Thai,Asian,14.5
5118,2023-03-27,0 days 19:40:48,104,Veggie Burger,American,10.5
5118,2023-03-27,0 days 19:40:48,128,Cheese Lasagna,Italian,15.5
5118,2023-03-27,0 days 19:40:48,112,Salmon Roll,Asian,14.95
5118,2023-03-27,0 days 19:40:48,118,Steak Burrito,Mexican,14.95
5119,2023-03-27,0 days 19:50:43,102,Cheeseburger,American,13.95
5119,2023-03-27,0 days 19:50:43,130,Shrimp Scampi,Italian,19.95
5120,2023-03-27,0 days 19:59:09,116,Steak Tacos,Mexican,13.95
5120,2023-03-27,0 days 19:59:09,110,Pork Ramen,Asian,17.95
5120,2023-03-27,0 days 19:59:09,119,Chicken Torta,Mexican,11.95
5120,2023-03-27,0 days 19:59:09,120,Steak Torta,Mexican,13.95
5121,2023-03-27,0 days 20:03:34,101,Hamburger,American,12.95
5121,2023-03-27,0 days 20:03:34,109,Korean Beef Bowl,Asian,17.95
5121,2023-03-27,0 days 20:03:34,110,Pork Ramen,Asian,17.95
5122,2023-03-27,0 days 20:26:45,113,Edamame,Asian,5.0
5122,2023-03-27,0 days 20:26:45,130,Shrimp Scampi,Italian,19.95
5123,2023-03-27,0 days 20:28:06,101,Hamburger,American,12.95
5123,2023-03-27,0 days 20:28:06,110,Pork Ramen,Asian,17.95
5123,2023-03-27,0 days 20:28:06,129,Mushroom Ravioli,Italian,15.5
5124,2023-03-27,0 days 20:53:44,104,Veggie Burger,American,10.5
5124,2023-03-27,0 days 20:53:44,126,Fettuccine Alfredo,Italian,14.5
5124,2023-03-27,0 days 20:53:44,122,Chips & Salsa,Mexican,7.0
5124,2023-03-27,0 days 20:53:44,123,Chips & Guacamole,Mexican,9.0
5125,2023-03-27,0 days 21:08:30,111,California Roll,Asian,11.95
5126,2023-03-27,0 days 21:21:49,104,Veggie Burger,American,10.5
5126,2023-03-27,0 days 21:21:49,131,Chicken Parmesan,Italian,17.95
5127,2023-03-27,0 days 21:43:10,101,Hamburger,American,12.95
5127,2023-03-27,0 days 21:43:10,104,Veggie Burger,American,10.5
5128,2023-03-27,0 days 21:58:19,122,Chips & Salsa,Mexican,7.0
5129,2023-03-27,0 days 22:16:53,128,Cheese Lasagna,Italian,15.5
5129,2023-03-27,0 days 22:16:53,112,Salmon Roll,Asian,14.95
5130,2023-03-27,0 days 22:19:13,107,Orange Chicken,Asian,16.5
5130,2023-03-27,0 days 22:19:13,122,Chips & Salsa,Mexican,7.0
5131,2023-03-27,0 days 22:37:50,107,Orange Chicken,Asian,16.5
5132,2023-03-27,0 days 22:52:56,125,Spaghetti & Meatballs,Italian,17.95
5132,2023-03-27,0 days 22:52:56,123,Chips & Guacamole,Mexican,9.0
5133,2023-03-28,0 days 11:41:16,131,Chicken Parmesan,Italian,17.95
5134,2023-03-28,0 days 12:15:35,109,Korean Beef Bowl,Asian,17.95
5135,2023-03-28,0 days 12:17:36,106,French Fries,American,7.0
5136,2023-03-28,0 days 12:37:40,101,Hamburger,American,12.95
5136,2023-03-28,0 days 12:37:40,102,Cheeseburger,American,13.95
5136,2023-03-28,0 days 12:37:40,104,Veggie Burger,American,10.5
5136,2023-03-28,0 days 12:37:40,124,Spaghetti,Italian,14.5
5136,2023-03-28,0 days 12:37:40,125,Spaghetti & Meatballs,Italian,17.95
5136,2023-03-28,0 days 12:37:40,129,Mushroom Ravioli,Italian,15.5
5136,2023-03-28,0 days 12:37:40,118,Steak Burrito,Mexican,14.95
5137,2023-03-28,0 days 12:40:38,102,Cheeseburger,American,13.95
5137,2023-03-28,0 days 12:40:38,124,Spaghetti,Italian,14.5
5137,2023-03-28,0 days 12:40:38,119,Chicken Torta,Mexican,11.95
5137,2023-03-28,0 days 12:40:38,120,Steak Torta,Mexican,13.95
5137,2023-03-28,0 days 12:40:38,106,French Fries,American,7.0
5137,2023-03-28,0 days 12:40:38,114,Potstickers,Asian,9.0
5138,2023-03-28,0 days 12:40:47,108,Tofu Pad Thai,Asian,14.5
5138,2023-03-28,0 days 12:40:47,126,Fettuccine Alfredo,Italian,14.5
5138,2023-03-28,0 days 12:40:47,111,California Roll,Asian,11.95
5138,2023-03-28,0 days 12:40:47,131,Chicken Parmesan,Italian,17.95
5139,2023-03-28,0 days 12:42:22,129,Mushroom Ravioli,Italian,15.5
5140,2023-03-28,0 days 12:45:45,125,Spaghetti & Meatballs,Italian,17.95
5140,2023-03-28,0 days 12:45:45,132,Eggplant Parmesan,Italian,16.95
5141,2023-03-28,0 days 12:57:51,101,Hamburger,American,12.95
5141,2023-03-28,0 days 12:57:51,109,Korean Beef Bowl,Asian,17.95
5141,2023-03-28,0 days 12:57:51,109,Korean Beef Bowl,Asian,17.95
5142,2023-03-28,0 days 13:35:21,101,Hamburger,American,12.95
5142,2023-03-28,0 days 13:35:21,113,Edamame,Asian,5.0
5142,2023-03-28,0 days 13:35:21,122,Chips & Salsa,Mexican,7.0
5142,2023-03-28,0 days 13:35:21,130,Shrimp Scampi,Italian,19.95
5143,2023-03-28,0 days 13:47:27,131,Chicken Parmesan,Italian,17.95
5144,2023-03-28,0 days 13:58:24,111,California Roll,Asian,11.95
5145,2023-03-28,0 days 14:15:53,132,Eggplant Parmesan,Italian,16.95
5146,2023-03-28,0 days 14:19:34,117,Chicken Burrito,Mexican,12.95
5146,2023-03-28,0 days 14:19:34,106,French Fries,American,7.0
5146,2023-03-28,0 days 14:19:34,114,Potstickers,Asian,9.0
5147,2023-03-28,0 days 14:44:43,105,Mac & Cheese,American,7.0
5148,2023-03-28,0 days 14:48:02,104,Veggie Burger,American,10.5
5149,2023-03-28,0 days 14:48:50,113,Edamame,Asian,5.0
5149,2023-03-28,0 days 14:48:50,122,Chips & Salsa,Mexican,7.0
5149,2023-03-28,0 days 14:48:50,130,Shrimp Scampi,Italian,19.95
5150,2023-03-28,0 days 15:08:03,108,Tofu Pad Thai,Asian,14.5
5150,2023-03-28,0 days 15:08:03,113,Edamame,Asian,5.0
5151,2023-03-28,0 days 15:08:24,101,Hamburger,American,12.95
5151,2023-03-28,0 days 15:08:24,113,Edamame,Asian,5.0
5151,2023-03-28,0 days 15:08:24,131,Chicken Parmesan,Italian,17.95
5152,2023-03-28,0 days 15:14:42,126,Fettuccine Alfredo,Italian,14.5
5152,2023-03-28,0 days 15:14:42,128,Cheese Lasagna,Italian,15.5
5152,2023-03-28,0 days 15:14:42,122,Chips & Salsa,Mexican,7.0
5153,2023-03-28,0 days 15:23:30,124,Spaghetti,Italian,14.5
5154,2023-03-28,0 days 15:50:03,117,Chicken Burrito,Mexican,12.95
5154,2023-03-28,0 days 15:50:03,113,Edamame,Asian,5.0
5154,2023-03-28,0 days 15:50:03,130,Shrimp Scampi,Italian,19.95
5155,2023-03-28,0 days 16:03:23,129,Mushroom Ravioli,Italian,15.5
5155,2023-03-28,0 days 16:03:23,130,Shrimp Scampi,Italian,19.95
5156,2023-03-28,0 days 16:07:33,101,Hamburger,American,12.95
5156,2023-03-28,0 days 16:07:33,107,Orange Chicken,Asian,16.5
5156,2023-03-28,0 days 16:07:33,122,Chips & Salsa,Mexican,7.0
5156,2023-03-28,0 days 16:07:33,106,French Fries,American,7.0
5157,2023-03-28,0 days 16:09:26,107,Orange Chicken,Asian,16.5
5157,2023-03-28,0 days 16:09:26,113,Edamame,Asian,5.0
5158,2023-03-28,0 days 16:16:37,101,Hamburger,American,12.95
5158,2023-03-28,0 days 16:16:37,117,Chicken Burrito,Mexican,12.95
5158,2023-03-28,0 days 16:16:37,112,Salmon Roll,Asian,14.95
5159,2023-03-28,0 days 16:38:35,122,Chips & Salsa,Mexican,7.0
5160,2023-03-28,0 days 16:53:33,102,Cheeseburger,American,13.95
5160,2023-03-28,0 days 16:53:33,108,Tofu Pad Thai,Asian,14.5
5160,2023-03-28,0 days 16:53:33,129,Mushroom Ravioli,Italian,15.5
5160,2023-03-28,0 days 16:53:33,120,Steak Torta,Mexican,13.95
5161,2023-03-28,0 days 16:56:08,117,Chicken Burrito,Mexican,12.95
5161,2023-03-28,0 days 16:56:08,121,Cheese Quesadillas,Mexican,10.5
5161,2023-03-28,0 days 16:56:08,122,Chips & Salsa,Mexican,7.0
5161,2023-03-28,0 days 16:56:08,130,Shrimp Scampi,Italian,19.95
5162,2023-03-28,0 days 16:59:31,112,Salmon Roll,Asian,14.95
5163,2023-03-28,0 days 17:08:46,114,Potstickers,Asian,9.0
5164,2023-03-28,0 days 17:14:30,120,Steak Torta,Mexican,13.95
5165,2023-03-28,0 days 17:26:43,128,Cheese Lasagna,Italian,15.5
5165,2023-03-28,0 days 17:26:43,119,Chicken Torta,Mexican,11.95
5165,2023-03-28,0 days 17:26:43,114,Potstickers,Asian,9.0
5166,2023-03-28,0 days 17:47:46,119,Chicken Torta,Mexican,11.95
5166,2023-03-28,0 days 17:47:46,122,Chips & Salsa,Mexican,7.0
5166,2023-03-28,0 days 17:47:46,106,French Fries,American,7.0
5167,2023-03-28,0 days 17:55:48,101,Hamburger,American,12.95
5167,2023-03-28,0 days 17:55:48,106,French Fries,American,7.0
5168,2023-03-28,0 days 17:58:23,120,Steak Torta,Mexican,13.95
5168,2023-03-28,0 days 17:58:23,131,Chicken Parmesan,Italian,17.95
5169,2023-03-28,0 days 18:04:45,132,Eggplant Parmesan,Italian,16.95
5170,2023-03-28,0 days 18:12:16,118,Steak Burrito,Mexican,14.95
5170,2023-03-28,0 days 18:12:16,122,Chips & Salsa,Mexican,7.0
5171,2023-03-28,0 days 18:43:40,102,Cheeseburger,American,13.95
5172,2023-03-28,0 days 18:49:27,122,Chips & Salsa,Mexican,7.0
5172,2023-03-28,0 days 18:49:27,122,Chips & Salsa,Mexican,7.0
5173,2023-03-28,0 days 18:55:29,121,Cheese Quesadillas,Mexican,10.5
5173,2023-03-28,0 days 18:55:29,122,Chips & Salsa,Mexican,7.0
5174,2023-03-28,0 days 18:55:54,109,Korean Beef Bowl,Asian,17.95
5174,2023-03-28,0 days 18:55:54,129,Mushroom Ravioli,Italian,15.5
5175,2023-03-28,0 days 19:25:20,112,Salmon Roll,Asian,14.95
5175,2023-03-28,0 days 19:25:20,121,Cheese Quesadillas,Mexican,10.5
5175,2023-03-28,0 days 19:25:20,105,Mac & Cheese,American,7.0
5176,2023-03-28,0 days 19:28:49,102,Cheeseburger,American,13.95
5177,2023-03-28,0 days 19:35:27,118,Steak Burrito,Mexican,14.95
5178,2023-03-28,0 days 19:37:09,117,Chicken Burrito,Mexican,12.95
5178,2023-03-28,0 days 19:37:09,122,Chips & Salsa,Mexican,7.0
5178,2023-03-28,0 days 19:37:09,132,Eggplant Parmesan,Italian,16.95
5179,2023-03-28,0 days 19:45:19,129,Mushroom Ravioli,Italian,15.5
5180,2023-03-28,0 days 19:48:11,125,Spaghetti & Meatballs,Italian,17.95
5180,2023-03-28,0 days 19:48:11,129,Mushroom Ravioli,Italian,15.5
5180,2023-03-28,0 days 19:48:11,123,Chips & Guacamole,Mexican,9.0
5181,2023-03-28,0 days 19:54:39,111,California Roll,Asian,11.95
5181,2023-03-28,0 days 19:54:39,106,French Fries,American,7.0
5182,2023-03-28,0 days 20:05:31,107,Orange Chicken,Asian,16.5
5182,2023-03-28,0 days 20:05:31,109,Korean Beef Bowl,Asian,17.95
5182,2023-03-28,0 days 20:05:31,127,Meat Lasagna,Italian,17.95
5182,2023-03-28,0 days 20:05:31,106,French Fries,American,7.0
5183,2023-03-28,0 days 20:13:50,109,Korean Beef Bowl,Asian,17.95
5184,2023-03-28,0 days 20:20:01,108,Tofu Pad Thai,Asian,14.5
5184,2023-03-28,0 days 20:20:01,105,Mac & Cheese,American,7.0
5185,2023-03-28,0 days 20:24:32,109,Korean Beef Bowl,Asian,17.95
5185,2023-03-28,0 days 20:24:32,122,Chips & Salsa,Mexican,7.0
5186,2023-03-28,0 days 20:28:50,113,Edamame,Asian,5.0
5186,2023-03-28,0 days 20:28:50,131,Chicken Parmesan,Italian,17.95
5187,2023-03-28,0 days 20:39:16,102,Cheeseburger,American,13.95
5187,2023-03-28,0 days 20:39:16,108,Tofu Pad Thai,Asian,14.5
5187,2023-03-28,0 days 20:39:16,130,Shrimp Scampi,Italian,19.95
5188,2023-03-28,0 days 20:43:58,107,Orange Chicken,Asian,16.5
5188,2023-03-28,0 days 20:43:58,124,Spaghetti,Italian,14.5
5188,2023-03-28,0 days 20:43:58,109,Korean Beef Bowl,Asian,17.95
5188,2023-03-28,0 days 20:43:58,132,Eggplant Parmesan,Italian,16.95
5189,2023-03-28,0 days 20:48:40,103,Hot Dog,American,9.0
5189,2023-03-28,0 days 20:48:40,129,Mushroom Ravioli,Italian,15.5
5189,2023-03-28,0 days 20:48:40,106,French Fries,American,7.0
5190,2023-03-28,0 days 22:27:17,107,Orange Chicken,Asian,16.5
5190,2023-03-28,0 days 22:27:17,103,Hot Dog,American,9.0
5190,2023-03-28,0 days 22:27:17,113,Edamame,Asian,5.0
5191,2023-03-28,0 days 22:34:56,128,Cheese Lasagna,Italian,15.5
5191,2023-03-28,0 days 22:34:56,106,French Fries,American,7.0
5192,2023-03-28,0 days 22:43:32,125,Spaghetti & Meatballs,Italian,17.95
5193,2023-03-29,0 days 11:32:32,115,Chicken Tacos,Mexican,11.95
5194,2023-03-29,0 days 11:39:53,115,Chicken Tacos,Mexican,11.95
5194,2023-03-29,0 days 11:39:53,108,Tofu Pad Thai,Asian,14.5
5195,2023-03-29,0 days 11:40:17,107,Orange Chicken,Asian,16.5
5196,2023-03-29,0 days 12:03:04,107,Orange Chicken,Asian,16.5
5196,2023-03-29,0 days 12:03:04,132,Eggplant Parmesan,Italian,16.95
5197,2023-03-29,0 days 12:07:16,103,Hot Dog,American,9.0
5197,2023-03-29,0 days 12:07:16,109,Korean Beef Bowl,Asian,17.95
5197,2023-03-29,0 days 12:07:16,131,Chicken Parmesan,Italian,17.95
5198,2023-03-29,0 days 12:09:12,128,Cheese Lasagna,Italian,15.5
5198,2023-03-29,0 days 12:09:12,114,Potstickers,Asian,9.0
5199,2023-03-29,0 days 12:12:15,108,Tofu Pad Thai,Asian,14.5
5200,2023-03-29,0 days 12:32:07,101,Hamburger,American,12.95
5200,2023-03-29,0 days 12:32:07,102,Cheeseburger,American,13.95
5200,2023-03-29,0 days 12:32:07,124,Spaghetti,Italian,14.5
5200,2023-03-29,0 days 12:32:07,125,Spaghetti & Meatballs,Italian,17.95
5200,2023-03-29,0 days 12:32:07,117,Chicken Burrito,Mexican,12.95
5200,2023-03-29,0 days 12:32:07,127,Meat Lasagna,Italian,17.95
5200,2023-03-29,0 days 12:32:07,113,Edamame,Asian,5.0
5200,2023-03-29,0 days 12:32:07,120,Steak Torta,Mexican,13.95
5200,2023-03-29,0 days 12:32:07,105,Mac & Cheese,American,7.0
5200,2023-03-29,0 days 12:32:07,105,Mac & Cheese,American,7.0
5200,2023-03-29,0 days 12:32:07,130,Shrimp Scampi,Italian,19.95
5200,2023-03-29,0 days 12:32:07,131,Chicken Parmesan,Italian,17.95
5200,2023-03-29,0 days 12:32:07,114,Potstickers,Asian,9.0
5201,2023-03-29,0 days 12:38:11,107,Orange Chicken,Asian,16.5
5201,2023-03-29,0 days 12:38:11,126,Fettuccine Alfredo,Italian,14.5
5201,2023-03-29,0 days 12:38:11,110,Pork Ramen,Asian,17.95
5201,2023-03-29,0 days 12:38:11,127,Meat Lasagna,Italian,17.95
5201,2023-03-29,0 days 12:38:11,106,French Fries,American,7.0
5202,2023-03-29,0 days 13:00:19,103,Hot Dog,American,9.0
5202,2023-03-29,0 days 13:00:19,104,Veggie Burger,American,10.5
5202,2023-03-29,0 days 13:00:19,124,Spaghetti,Italian,14.5
5202,2023-03-29,0 days 13:00:19,109,Korean Beef Bowl,Asian,17.95
5202,2023-03-29,0 days 13:00:19,117,Chicken Burrito,Mexican,12.95
5202,2023-03-29,0 days 13:00:19,105,Mac & Cheese,American,7.0
5202,2023-03-29,0 days 13:00:19,106,French Fries,American,7.0
5202,2023-03-29,0 days 13:00:19,132,Eggplant Parmesan,Italian,16.95
5203,2023-03-29,0 days 13:45:56,102,Cheeseburger,American,13.95
5203,2023-03-29,0 days 13:45:56,109,Korean Beef Bowl,Asian,17.95
5203,2023-03-29,0 days 13:45:56,131,Chicken Parmesan,Italian,17.95
5204,2023-03-29,0 days 13:50:34,102,Cheeseburger,American,13.95
5205,2023-03-29,0 days 13:54:15,128,Cheese Lasagna,Italian,15.5
5205,2023-03-29,0 days 13:54:15,119,Chicken Torta,Mexican,11.95
5205,2023-03-29,0 days 13:54:15,132,Eggplant Parmesan,Italian,16.95
5206,2023-03-29,0 days 13:58:37,117,Chicken Burrito,Mexican,12.95
5206,2023-03-29,0 days 13:58:37,113,Edamame,Asian,5.0
5207,2023-03-29,0 days 14:06:28,108,Tofu Pad Thai,Asian,14.5
5208,2023-03-29,0 days 14:15:37,103,Hot Dog,American,9.0
5208,2023-03-29,0 days 14:15:37,109,Korean Beef Bowl,Asian,17.95
5209,2023-03-29,0 days 14:40:49,111,California Roll,Asian,11.95
5210,2023-03-29,0 days 14:48:09,130,Shrimp Scampi,Italian,19.95
5211,2023-03-29,0 days 15:01:24,109,Korean Beef Bowl,Asian,17.95
5212,2023-03-29,0 days 15:08:01,128,Cheese Lasagna,Italian,15.5
5212,2023-03-29,0 days 15:08:01,113,Edamame,Asian,5.0
5212,2023-03-29,0 days 15:08:01,118,Steak Burrito,Mexican,14.95
5212,2023-03-29,0 days 15:08:01,131,Chicken Parmesan,Italian,17.95
5213,2023-03-29,0 days 15:11:52,102,Cheeseburger,American,13.95
5213,2023-03-29,0 days 15:11:52,128,Cheese Lasagna,Italian,15.5
5213,2023-03-29,0 days 15:11:52,106,French Fries,American,7.0
5214,2023-03-29,0 days 15:39:45,104,Veggie Burger,American,10.5
5214,2023-03-29,0 days 15:39:45,108,Tofu Pad Thai,Asian,14.5
5214,2023-03-29,0 days 15:39:45,129,Mushroom Ravioli,Italian,15.5
5215,2023-03-29,0 days 15:59:36,128,Cheese Lasagna,Italian,15.5
5215,2023-03-29,0 days 15:59:36,112,Salmon Roll,Asian,14.95
5215,2023-03-29,0 days 15:59:36,119,Chicken Torta,Mexican,11.95
5216,2023-03-29,0 days 16:10:29,107,Orange Chicken,Asian,16.5
5216,2023-03-29,0 days 16:10:29,118,Steak Burrito,Mexican,14.95
5216,2023-03-29,0 days 16:10:29,120,Steak Torta,Mexican,13.95
5217,2023-03-29,0 days 16:10:38,107,Orange Chicken,Asian,16.5
5217,2023-03-29,0 days 16:10:38,118,Steak Burrito,Mexican,14.95
5218,2023-03-29,0 days 16:17:59,108,Tofu Pad Thai,Asian,14.5
5218,2023-03-29,0 days 16:17:59,131,Chicken Parmesan,Italian,17.95
5218,2023-03-29,0 days 16:17:59,106,French Fries,American,7.0
5218,2023-03-29,0 days 16:17:59,132,Eggplant Parmesan,Italian,16.95
5219,2023-03-29,0 days 16:23:18,102,Cheeseburger,American,13.95
5219,2023-03-29,0 days 16:23:18,112,Salmon Roll,Asian,14.95
5219,2023-03-29,0 days 16:23:18,118,Steak Burrito,Mexican,14.95
5220,2023-03-29,0 days 16:50:51,114,Potstickers,Asian,9.0
5221,2023-03-29,0 days 16:50:56,101,Hamburger,American,12.95
5221,2023-03-29,0 days 16:50:56,102,Cheeseburger,American,13.95
5221,2023-03-29,0 days 16:50:56,102,Cheeseburger,American,13.95
5222,2023-03-29,0 days 16:58:46,112,Salmon Roll,Asian,14.95
5222,2023-03-29,0 days 16:58:46,113,Edamame,Asian,5.0
5223,2023-03-29,0 days 16:59:08,102,Cheeseburger,American,13.95
5223,2023-03-29,0 days 16:59:08,104,Veggie Burger,American,10.5
5223,2023-03-29,0 days 16:59:08,125,Spaghetti & Meatballs,Italian,17.95
5223,2023-03-29,0 days 16:59:08,109,Korean Beef Bowl,Asian,17.95
5224,2023-03-29,0 days 17:02:33,110,Pork Ramen,Asian,17.95
5225,2023-03-29,0 days 17:40:52,120,Steak Torta,Mexican,13.95
5226,2023-03-29,0 days 17:43:56,113,Edamame,Asian,5.0
5226,2023-03-29,0 days 17:43:56,119,Chicken Torta,Mexican,11.95
5226,2023-03-29,0 days 17:43:56,132,Eggplant Parmesan,Italian,16.95
5227,2023-03-29,0 days 17:44:17,104,Veggie Burger,American,10.5
5227,2023-03-29,0 days 17:44:17,129,Mushroom Ravioli,Italian,15.5
5228,2023-03-29,0 days 17:47:22,113,Edamame,Asian,5.0
5229,2023-03-29,0 days 18:33:39,118,Steak Burrito,Mexican,14.95
5230,2023-03-29,0 days 18:37:13,103,Hot Dog,American,9.0
5230,2023-03-29,0 days 18:37:13,104,Veggie Burger,American,10.5
5230,2023-03-29,0 days 18:37:13,123,Chips & Guacamole,Mexican,9.0
5231,2023-03-29,0 days 18:42:15,101,Hamburger,American,12.95
5231,2023-03-29,0 days 18:42:15,129,Mushroom Ravioli,Italian,15.5
5232,2023-03-29,0 days 18:52:20,102,Cheeseburger,American,13.95
5232,2023-03-29,0 days 18:52:20,113,Edamame,Asian,5.0
5233,2023-03-29,0 days 18:53:49,127,Meat Lasagna,Italian,17.95
5233,2023-03-29,0 days 18:53:49,105,Mac & Cheese,American,7.0
5234,2023-03-29,0 days 19:05:13,124,Spaghetti,Italian,14.5
5234,2023-03-29,0 days 19:05:13,117,Chicken Burrito,Mexican,12.95
5234,2023-03-29,0 days 19:05:13,128,Cheese Lasagna,Italian,15.5
5234,2023-03-29,0 days 19:05:13,119,Chicken Torta,Mexican,11.95
5235,2023-03-29,0 days 19:05:52,107,Orange Chicken,Asian,16.5
5236,2023-03-29,0 days 19:09:56,113,Edamame,Asian,5.0
5237,2023-03-29,0 days 19:17:09,122,Chips & Salsa,Mexican,7.0
5238,2023-03-29,0 days 19:23:01,127,Meat Lasagna,Italian,17.95
5239,2023-03-29,0 days 19:23:31,126,Fettuccine Alfredo,Italian,14.5
5239,2023-03-29,0 days 19:23:31,110,Pork Ramen,Asian,17.95
5240,2023-03-29,0 days 19:43:26,111,California Roll,Asian,11.95
5241,2023-03-29,0 days 19:53:21,102,Cheeseburger,American,13.95
5241,2023-03-29,0 days 19:53:21,110,Pork Ramen,Asian,17.95
5242,2023-03-29,0 days 19:56:06,108,Tofu Pad Thai,Asian,14.5
5243,2023-03-29,0 days 20:03:49,107,Orange Chicken,Asian,16.5
5243,2023-03-29,0 days 20:03:49,126,Fettuccine Alfredo,Italian,14.5
5244,2023-03-29,0 days 20:26:29,101,Hamburger,American,12.95
5244,2023-03-29,0 days 20:26:29,124,Spaghetti,Italian,14.5
5244,2023-03-29,0 days 20:26:29,110,Pork Ramen,Asian,17.95
5245,2023-03-29,0 days 20:29:18,119,Chicken Torta,Mexican,11.95
5246,2023-03-29,0 days 22:27:29,113,Edamame,Asian,5.0
5247,2023-03-30,0 days 10:50:46,102,Cheeseburger,American,13.95
5247,2023-03-30,0 days 10:50:46,103,Hot Dog,American,9.0
5247,2023-03-30,0 days 10:50:46,104,Veggie Burger,American,10.5
5248,2023-03-30,0 days 11:15:48,101,Hamburger,American,12.95
5248,2023-03-30,0 days 11:15:48,126,Fettuccine Alfredo,Italian,14.5
5248,2023-03-30,0 days 11:15:48,129,Mushroom Ravioli,Italian,15.5
5248,2023-03-30,0 days 11:15:48,118,Steak Burrito,Mexican,14.95
5249,2023-03-30,0 days 11:25:41,121,Cheese Quesadillas,Mexican,10.5
5249,2023-03-30,0 days 11:25:41,122,Chips & Salsa,Mexican,7.0
5249,2023-03-30,0 days 11:25:41,106,French Fries,American,7.0
5250,2023-03-30,0 days 11:42:06,113,Edamame,Asian,5.0
5251,2023-03-30,0 days 11:52:18,110,Pork Ramen,Asian,17.95
5251,2023-03-30,0 days 11:52:18,128,Cheese Lasagna,Italian,15.5
5251,2023-03-30,0 days 11:52:18,129,Mushroom Ravioli,Italian,15.5
5251,2023-03-30,0 days 11:52:18,132,Eggplant Parmesan,Italian,16.95
5252,2023-03-30,0 days 12:12:58,107,Orange Chicken,Asian,16.5
5253,2023-03-30,0 days 12:16:02,105,Mac & Cheese,American,7.0
5254,2023-03-30,0 days 12:18:47,101,Hamburger,American,12.95
5254,2023-03-30,0 days 12:18:47,113,Edamame,Asian,5.0
5255,2023-03-30,0 days 12:30:24,111,California Roll,Asian,11.95
5256,2023-03-30,0 days 12:36:09,110,Pork Ramen,Asian,17.95
5257,2023-03-30,0 days 12:37:26,116,Steak Tacos,Mexican,13.95
5258,2023-03-30,0 days 12:44:10,126,Fettuccine Alfredo,Italian,14.5
5258,2023-03-30,0 days 12:44:10,127,Meat Lasagna,Italian,17.95
5258,2023-03-30,0 days 12:44:10,122,Chips & Salsa,Mexican,7.0
5259,2023-03-30,0 days 12:52:24,117,Chicken Burrito,Mexican,12.95
5259,2023-03-30,0 days 12:52:24,121,Cheese Quesadillas,Mexican,10.5
5260,2023-03-30,0 days 12:57:03,125,Spaghetti & Meatballs,Italian,17.95
5261,2023-03-30,0 days 13:09:48,101,Hamburger,American,12.95
5261,2023-03-30,0 days 13:09:48,118,Steak Burrito,Mexican,14.95
5262,2023-03-30,0 days 13:20:55,107,Orange Chicken,Asian,16.5
5262,2023-03-30,0 days 13:20:55,108,Tofu Pad Thai,Asian,14.5
5263,2023-03-30,0 days 13:23:38,108,Tofu Pad Thai,Asian,14.5
5264,2023-03-30,0 days 13:24:35,101,Hamburger,American,12.95
5264,2023-03-30,0 days 13:24:35,107,Orange Chicken,Asian,16.5
5264,2023-03-30,0 days 13:24:35,115,Chicken Tacos,Mexican,11.95
5264,2023-03-30,0 days 13:24:35,124,Spaghetti,Italian,14.5
5264,2023-03-30,0 days 13:24:35,131,Chicken Parmesan,Italian,17.95
5264,2023-03-30,0 days 13:24:35,123,Chips & Guacamole,Mexican,9.0
5264,2023-03-30,0 days 13:24:35,106,French Fries,American,7.0
5264,2023-03-30,0 days 13:24:35,106,French Fries,American,7.0
5265,2023-03-30,0 days 13:29:48,103,Hot Dog,American,9.0
5266,2023-03-30,0 days 13:53:43,102,Cheeseburger,American,13.95
5266,2023-03-30,0 days 13:53:43,109,Korean Beef Bowl,Asian,17.95
5266,2023-03-30,0 days 13:53:43,111,California Roll,Asian,11.95
5266,2023-03-30,0 days 13:53:43,112,Salmon Roll,Asian,14.95
5266,2023-03-30,0 days 13:53:43,119,Chicken Torta,Mexican,11.95
5266,2023-03-30,0 days 13:53:43,119,Chicken Torta,Mexican,11.95
5266,2023-03-30,0 days 13:53:43,105,Mac & Cheese,American,7.0
5266,2023-03-30,0 days 13:53:43,132,Eggplant Parmesan,Italian,16.95
5267,2023-03-30,0 days 14:17:09,107,Orange Chicken,Asian,16.5
5267,2023-03-30,0 days 14:17:09,117,Chicken Burrito,Mexican,12.95
5268,2023-03-30,0 days 14:27:07,101,Hamburger,American,12.95
5269,2023-03-30,0 days 15:05:00,103,Hot Dog,American,9.0
5269,2023-03-30,0 days 15:05:00,105,Mac & Cheese,American,7.0
5270,2023-03-30,0 days 15:12:32,101,Hamburger,American,12.95
5270,2023-03-30,0 days 15:12:32,128,Cheese Lasagna,Italian,15.5
5271,2023-03-30,0 days 15:23:57,101,Hamburger,American,12.95
5272,2023-03-30,0 days 15:39:12,101,Hamburger,American,12.95
5272,2023-03-30,0 days 15:39:12,117,Chicken Burrito,Mexican,12.95
5272,2023-03-30,0 days 15:39:12,131,Chicken Parmesan,Italian,17.95
5273,2023-03-30,0 days 15:41:35,107,Orange Chicken,Asian,16.5
5274,2023-03-30,0 days 15:55:42,109,Korean Beef Bowl,Asian,17.95
5275,2023-03-30,0 days 16:00:53,102,Cheeseburger,American,13.95
5276,2023-03-30,0 days 16:17:55,126,Fettuccine Alfredo,Italian,14.5
5277,2023-03-30,0 days 16:18:59,107,Orange Chicken,Asian,16.5
5277,2023-03-30,0 days 16:18:59,115,Chicken Tacos,Mexican,11.95
5277,2023-03-30,0 days 16:18:59,128,Cheese Lasagna,Italian,15.5
5277,2023-03-30,0 days 16:18:59,123,Chips & Guacamole,Mexican,9.0
5278,2023-03-30,0 days 16:41:21,108,Tofu Pad Thai,Asian,14.5
5278,2023-03-30,0 days 16:41:21,131,Chicken Parmesan,Italian,17.95
5279,2023-03-30,0 days 16:44:53,120,Steak Torta,Mexican,13.95
5280,2023-03-30,0 days 16:52:59,104,Veggie Burger,American,10.5
5280,2023-03-30,0 days 16:52:59,125,Spaghetti & Meatballs,Italian,17.95
5280,2023-03-30,0 days 16:52:59,110,Pork Ramen,Asian,17.95
5280,2023-03-30,0 days 16:52:59,105,Mac & Cheese,American,7.0
5281,2023-03-30,0 days 16:56:04,116,Steak Tacos,Mexican,13.95
5281,2023-03-30,0 days 16:56:04,106,French Fries,American,7.0
5281,2023-03-30,0 days 16:56:04,106,French Fries,American,7.0
5282,2023-03-30,0 days 17:01:37,107,Orange Chicken,Asian,16.5
5282,2023-03-30,0 days 17:01:37,102,Cheeseburger,American,13.95
5282,2023-03-30,0 days 17:01:37,110,Pork Ramen,Asian,17.95
5283,2023-03-30,0 days 17:09:36,105,Mac & Cheese,American,7.0
5284,2023-03-30,0 days 17:11:39,102,Cheeseburger,American,13.95
5284,2023-03-30,0 days 17:11:39,113,Edamame,Asian,5.0
5284,2023-03-30,0 days 17:11:39,121,Cheese Quesadillas,Mexican,10.5
5284,2023-03-30,0 days 17:11:39,122,Chips & Salsa,Mexican,7.0
5285,2023-03-30,0 days 17:34:44,102,Cheeseburger,American,13.95
5285,2023-03-30,0 days 17:34:44,105,Mac & Cheese,American,7.0
5286,2023-03-30,0 days 17:49:12,101,Hamburger,American,12.95
5286,2023-03-30,0 days 17:49:12,110,Pork Ramen,Asian,17.95
5286,2023-03-30,0 days 17:49:12,112,Salmon Roll,Asian,14.95
5286,2023-03-30,0 days 17:49:12,120,Steak Torta,Mexican,13.95
5287,2023-03-30,0 days 18:03:19,124,Spaghetti,Italian,14.5
5288,2023-03-30,0 days 18:08:42,118,Steak Burrito,Mexican,14.95
5289,2023-03-30,0 days 18:17:13,131,Chicken Parmesan,Italian,17.95
5290,2023-03-30,0 days 18:18:27,107,Orange Chicken,Asian,16.5
5290,2023-03-30,0 days 18:18:27,117,Chicken Burrito,Mexican,12.95
5290,2023-03-30,0 days 18:18:27,132,Eggplant Parmesan,Italian,16.95
5291,2023-03-30,0 days 18:22:03,113,Edamame,Asian,5.0
5292,2023-03-30,0 days 18:36:47,103,Hot Dog,American,9.0
5292,2023-03-30,0 days 18:36:47,130,Shrimp Scampi,Italian,19.95
5292,2023-03-30,0 days 18:36:47,123,Chips & Guacamole,Mexican,9.0
5293,2023-03-30,0 days 18:45:13,102,Cheeseburger,American,13.95
5293,2023-03-30,0 days 18:45:13,119,Chicken Torta,Mexican,11.95
5294,2023-03-30,0 days 18:50:34,127,Meat Lasagna,Italian,17.95
5295,2023-03-30,0 days 19:10:56,108,Tofu Pad Thai,Asian,14.5
5296,2023-03-30,0 days 19:30:56,126,Fettuccine Alfredo,Italian,14.5
5297,2023-03-30,0 days 19:41:51,128,Cheese Lasagna,Italian,15.5
5298,2023-03-30,0 days 20:08:49,113,Edamame,Asian,5.0
5299,2023-03-30,0 days 20:10:10,106,French Fries,American,7.0
5300,2023-03-30,0 days 20:17:59,124,Spaghetti,Italian,14.5
5300,2023-03-30,0 days 20:17:59,118,Steak Burrito,Mexican,14.95
5300,2023-03-30,0 days 20:17:59,106,French Fries,American,7.0
5301,2023-03-30,0 days 21:04:56,129,Mushroom Ravioli,Italian,15.5
5301,2023-03-30,0 days 21:04:56,114,Potstickers,Asian,9.0
5302,2023-03-30,0 days 21:15:23,101,Hamburger,American,12.95
5303,2023-03-30,0 days 21:15:27,129,Mushroom Ravioli,Italian,15.5
5303,2023-03-30,0 days 21:15:27,105,Mac & Cheese,American,7.0
5303,2023-03-30,0 days 21:15:27,122,Chips & Salsa,Mexican,7.0
5304,2023-03-30,0 days 21:16:48,124,Spaghetti,Italian,14.5
5304,2023-03-30,0 days 21:16:48,122,Chips & Salsa,Mexican,7.0
5304,2023-03-30,0 days 21:16:48,123,Chips & Guacamole,Mexican,9.0
5305,2023-03-30,0 days 21:34:09,103,Hot Dog,American,9.0
5305,2023-03-30,0 days 21:34:09,108,Tofu Pad Thai,Asian,14.5
5306,2023-03-30,0 days 21:35:15,108,Tofu Pad Thai,Asian,14.5
5307,2023-03-30,0 days 21:44:36,103,Hot Dog,American,9.0
5307,2023-03-30,0 days 21:44:36,113,Edamame,Asian,5.0
5307,2023-03-30,0 days 21:44:36,105,Mac & Cheese,American,7.0
5307,2023-03-30,0 days 21:44:36,106,French Fries,American,7.0
5308,2023-03-30,0 days 21:53:36,106,French Fries,American,7.0
5309,2023-03-31,0 days 11:22:20,128,Cheese Lasagna,Italian,15.5
5310,2023-03-31,0 days 12:00:51,124,Spaghetti,Italian,14.5
5310,2023-03-31,0 days 12:00:51,106,French Fries,American,7.0
5311,2023-03-31,0 days 12:02:45,112,Salmon Roll,Asian,14.95
5312,2023-03-31,0 days 12:06:28,102,Cheeseburger,American,13.95
5312,2023-03-31,0 days 12:06:28,104,Veggie Burger,American,10.5
5312,2023-03-31,0 days 12:06:28,124,Spaghetti,Italian,14.5
5313,2023-03-31,0 days 12:24:23,130,Shrimp Scampi,Italian,19.95
5314,2023-03-31,0 days 12:33:13,110,Pork Ramen,Asian,17.95
5315,2023-03-31,0 days 12:48:46,124,Spaghetti,Italian,14.5
5315,2023-03-31,0 days 12:48:46,125,Spaghetti & Meatballs,Italian,17.95
5315,2023-03-31,0 days 12:48:46,125,Spaghetti & Meatballs,Italian,17.95
5315,2023-03-31,0 days 12:48:46,109,Korean Beef Bowl,Asian,17.95
5315,2023-03-31,0 days 12:48:46,117,Chicken Burrito,Mexican,12.95
5315,2023-03-31,0 days 12:48:46,129,Mushroom Ravioli,Italian,15.5
5315,2023-03-31,0 days 12:48:46,106,French Fries,American,7.0
5316,2023-03-31,0 days 12:59:45,101,Hamburger,American,12.95
5316,2023-03-31,0 days 12:59:45,113,Edamame,Asian,5.0
5317,2023-03-31,0 days 13:04:13,101,Hamburger,American,12.95
5317,2023-03-31,0 days 13:04:13,107,Orange Chicken,Asian,16.5
5317,2023-03-31,0 days 13:04:13,102,Cheeseburger,American,13.95
5317,2023-03-31,0 days 13:04:13,102,Cheeseburger,American,13.95
5317,2023-03-31,0 days 13:04:13,103,Hot Dog,American,9.0
5317,2023-03-31,0 days 13:04:13,117,Chicken Burrito,Mexican,12.95
5317,2023-03-31,0 days 13:04:13,111,California Roll,Asian,11.95
5317,2023-03-31,0 days 13:04:13,113,Edamame,Asian,5.0
5317,2023-03-31,0 days 13:04:13,119,Chicken Torta,Mexican,11.95
5317,2023-03-31,0 days 13:04:13,122,Chips & Salsa,Mexican,7.0
5317,2023-03-31,0 days 13:04:13,130,Shrimp Scampi,Italian,19.95
5318,2023-03-31,0 days 13:11:16,103,Hot Dog,American,9.0
5319,2023-03-31,0 days 13:19:18,116,Steak Tacos,Mexican,13.95
5319,2023-03-31,0 days 13:19:18,110,Pork Ramen,Asian,17.95
5320,2023-03-31,0 days 13:22:56,101,Hamburger,American,12.95
5320,2023-03-31,0 days 13:22:56,103,Hot Dog,American,9.0
5320,2023-03-31,0 days 13:22:56,108,Tofu Pad Thai,Asian,14.5
5320,2023-03-31,0 days 13:22:56,120,Steak Torta,Mexican,13.95
5321,2023-03-31,0 days 13:29:47,101,Hamburger,American,12.95
5321,2023-03-31,0 days 13:29:47,122,Chips & Salsa,Mexican,7.0
5322,2023-03-31,0 days 13:35:58,107,Orange Chicken,Asian,16.5
5322,2023-03-31,0 days 13:35:58,108,Tofu Pad Thai,Asian,14.5
5322,2023-03-31,0 days 13:35:58,125,Spaghetti & Meatballs,Italian,17.95
5322,2023-03-31,0 days 13:35:58,127,Meat Lasagna,Italian,17.95
5322,2023-03-31,0 days 13:35:58,111,California Roll,Asian,11.95
5322,2023-03-31,0 days 13:35:58,114,Potstickers,Asian,9.0
5322,2023-03-31,0 days 13:35:58,132,Eggplant Parmesan,Italian,16.95
5323,2023-03-31,0 days 13:41:03,117,Chicken Burrito,Mexican,12.95
5324,2023-03-31,0 days 13:41:15,107,Orange Chicken,Asian,16.5
5325,2023-03-31,0 days 13:44:52,116,Steak Tacos,Mexican,13.95
5325,2023-03-31,0 days 13:44:52,122,Chips & Salsa,Mexican,7.0
5326,2023-03-31,0 days 13:50:17,117,Chicken Burrito,Mexican,12.95
5326,2023-03-31,0 days 13:50:17,132,Eggplant Parmesan,Italian,16.95
5327,2023-03-31,0 days 13:51:47,116,Steak Tacos,Mexican,13.95
5327,2023-03-31,0 days 13:51:47,125,Spaghetti & Meatballs,Italian,17.95
5327,2023-03-31,0 days 13:51:47,119,Chicken Torta,Mexican,11.95
5327,2023-03-31,0 days 13:51:47,121,Cheese Quesadillas,Mexican,10.5
5328,2023-03-31,0 days 14:23:57,107,Orange Chicken,Asian,16.5
5328,2023-03-31,0 days 14:23:57,117,Chicken Burrito,Mexican,12.95
5328,2023-03-31,0 days 14:23:57,111,California Roll,Asian,11.95
5329,2023-03-31,0 days 14:48:27,108,Tofu Pad Thai,Asian,14.5
5329,2023-03-31,0 days 14:48:27,121,Cheese Quesadillas,Mexican,10.5
5330,2023-03-31,0 days 14:48:47,101,Hamburger,American,12.95
5330,2023-03-31,0 days 14:48:47,102,Cheeseburger,American,13.95
5330,2023-03-31,0 days 14:48:47,111,California Roll,Asian,11.95
5331,2023-03-31,0 days 14:50:38,101,Hamburger,American,12.95
5331,2023-03-31,0 days 14:50:38,109,Korean Beef Bowl,Asian,17.95
5331,2023-03-31,0 days 14:50:38,122,Chips & Salsa,Mexican,7.0
5332,2023-03-31,0 days 14:51:37,116,Steak Tacos,Mexican,13.95
5332,2023-03-31,0 days 14:51:37,126,Fettuccine Alfredo,Italian,14.5
5332,2023-03-31,0 days 14:51:37,128,Cheese Lasagna,Italian,15.5
5333,2023-03-31,0 days 15:16:44,107,Orange Chicken,Asian,16.5
5333,2023-03-31,0 days 15:16:44,117,Chicken Burrito,Mexican,12.95
5334,2023-03-31,0 days 15:29:36,115,Chicken Tacos,Mexican,11.95
5334,2023-03-31,0 days 15:29:36,108,Tofu Pad Thai,Asian,14.5
5334,2023-03-31,0 days 15:29:36,132,Eggplant Parmesan,Italian,16.95
5335,2023-03-31,0 days 15:31:09,127,Meat Lasagna,Italian,17.95
5336,2023-03-31,0 days 15:32:39,101,Hamburger,American,12.95
5336,2023-03-31,0 days 15:32:39,108,Tofu Pad Thai,Asian,14.5
5336,2023-03-31,0 days 15:32:39,126,Fettuccine Alfredo,Italian,14.5
5337,2023-03-31,0 days 15:34:31,117,Chicken Burrito,Mexican,12.95
5337,2023-03-31,0 days 15:34:31,119,Chicken Torta,Mexican,11.95
5337,2023-03-31,0 days 15:34:31,106,French Fries,American,7.0
5338,2023-03-31,0 days 16:06:36,108,Tofu Pad Thai,Asian,14.5
5339,2023-03-31,0 days 16:12:55,101,Hamburger,American,12.95
5339,2023-03-31,0 days 16:12:55,126,Fettuccine Alfredo,Italian,14.5
5339,2023-03-31,0 days 16:12:55,120,Steak Torta,Mexican,13.95
5339,2023-03-31,0 days 16:12:55,123,Chips & Guacamole,Mexican,9.0
5340,2023-03-31,0 days 16:21:00,106,French Fries,American,7.0
5341,2023-03-31,0 days 16:24:16,123,Chips & Guacamole,Mexican,9.0
5342,2023-03-31,0 days 17:17:38,129,Mushroom Ravioli,Italian,15.5
5343,2023-03-31,0 days 17:19:08,122,Chips & Salsa,Mexican,7.0
5344,2023-03-31,0 days 17:22:40,115,Chicken Tacos,Mexican,11.95
5344,2023-03-31,0 days 17:22:40,119,Chicken Torta,Mexican,11.95
5344,2023-03-31,0 days 17:22:40,105,Mac & Cheese,American,7.0
5344,2023-03-31,0 days 17:22:40,132,Eggplant Parmesan,Italian,16.95
5345,2023-03-31,0 days 17:30:29,103,Hot Dog,American,9.0
5345,2023-03-31,0 days 17:30:29,130,Shrimp Scampi,Italian,19.95
5346,2023-03-31,0 days 17:30:58,102,Cheeseburger,American,13.95
5346,2023-03-31,0 days 17:30:58,106,French Fries,American,7.0
5347,2023-03-31,0 days 17:33:17,125,Spaghetti & Meatballs,Italian,17.95
5347,2023-03-31,0 days 17:33:17,131,Chicken Parmesan,Italian,17.95
5347,2023-03-31,0 days 17:33:17,106,French Fries,American,7.0
5348,2023-03-31,0 days 17:37:44,107,Orange Chicken,Asian,16.5
5348,2023-03-31,0 days 17:37:44,125,Spaghetti & Meatballs,Italian,17.95
5349,2023-03-31,0 days 17:42:09,117,Chicken Burrito,Mexican,12.95
5349,2023-03-31,0 days 17:42:09,122,Chips & Salsa,Mexican,7.0
5350,2023-03-31,0 days 17:54:10,103,Hot Dog,American,9.0
5350,2023-03-31,0 days 17:54:10,130,Shrimp Scampi,Italian,19.95
5350,2023-03-31,0 days 17:54:10,106,French Fries,American,7.0
5351,2023-03-31,0 days 18:04:00,126,Fettuccine Alfredo,Italian,14.5
5351,2023-03-31,0 days 18:04:00,127,Meat Lasagna,Italian,17.95
5351,2023-03-31,0 days 18:04:00,118,Steak Burrito,Mexican,14.95
5351,2023-03-31,0 days 18:04:00,122,Chips & Salsa,Mexican,7.0
5352,2023-03-31,0 days 18:04:35,109,Korean Beef Bowl,Asian,17.95
5352,2023-03-31,0 days 18:04:35,122,Chips & Salsa,Mexican,7.0
5353,2023-03-31,0 days 18:40:10,113,Edamame,Asian,5.0
5353,2023-03-31,0 days 18:40:10,122,Chips & Salsa,Mexican,7.0
5353,2023-03-31,0 days 18:40:10,106,French Fries,American,7.0
5354,2023-03-31,0 days 18:50:19,102,Cheeseburger,American,13.95
5355,2023-03-31,0 days 18:51:00,132,Eggplant Parmesan,Italian,16.95
5356,2023-03-31,0 days 18:52:00,126,Fettuccine Alfredo,Italian,14.5
5356,2023-03-31,0 days 18:52:00,111,California Roll,Asian,11.95
5357,2023-03-31,0 days 18:55:22,113,Edamame,Asian,5.0
5357,2023-03-31,0 days 18:55:22,106,French Fries,American,7.0
5358,2023-03-31,0 days 19:07:27,101,Hamburger,American,12.95
5358,2023-03-31,0 days 19:07:27,128,Cheese Lasagna,Italian,15.5
5358,2023-03-31,0 days 19:07:27,105,Mac & Cheese,American,7.0
5358,2023-03-31,0 days 19:07:27,131,Chicken Parmesan,Italian,17.95
5359,2023-03-31,0 days 19:13:16,113,Edamame,Asian,5.0
5359,2023-03-31,0 days 19:13:16,121,Cheese Quesadillas,Mexican,10.5
5360,2023-03-31,0 days 19:15:48,116,Steak Tacos,Mexican,13.95
5361,2023-03-31,0 days 19:40:42,103,Hot Dog,American,9.0
5361,2023-03-31,0 days 19:40:42,113,Edamame,Asian,5.0
5362,2023-03-31,0 days 19:59:23,101,Hamburger,American,12.95
5362,2023-03-31,0 days 19:59:23,114,Potstickers,Asian,9.0
5363,2023-03-31,0 days 20:15:58,119,Chicken Torta,Mexican,11.95
5363,2023-03-31,0 days 20:15:58,120,Steak Torta,Mexican,13.95
5363,2023-03-31,0 days 20:15:58,122,Chips & Salsa,Mexican,7.0
5363,2023-03-31,0 days 20:15:58,123,Chips & Guacamole,Mexican,9.0
5364,2023-03-31,0 days 20:16:14,116,Steak Tacos,Mexican,13.95
5364,2023-03-31,0 days 20:16:14,103,Hot Dog,American,9.0
5364,2023-03-31,0 days 20:16:14,104,Veggie Burger,American,10.5
5364,2023-03-31,0 days 20:16:14,118,Steak Burrito,Mexican,14.95
5365,2023-03-31,0 days 20:31:48,117,Chicken Burrito,Mexican,12.95
5365,2023-03-31,0 days 20:31:48,129,Mushroom Ravioli,Italian,15.5
5365,2023-03-31,0 days 20:31:48,130,Shrimp Scampi,Italian,19.95
5366,2023-03-31,0 days 21:01:41,108,Tofu Pad Thai,Asian,14.5
5366,2023-03-31,0 days 21:01:41,111,California Roll,Asian,11.95
5366,2023-03-31,0 days 21:01:41,111,California Roll,Asian,11.95
5366,2023-03-31,0 days 21:01:41,122,Chips & Salsa,Mexican,7.0
5367,2023-03-31,0 days 21:58:06,119,Chicken Torta,Mexican,11.95
5368,2023-03-31,0 days 21:58:47,101,Hamburger,American,12.95
5368,2023-03-31,0 days 21:58:47,128,Cheese Lasagna,Italian,15.5
5368,2023-03-31,0 days 21:58:47,113,Edamame,Asian,5.0
5368,2023-03-31,0 days 21:58:47,118,Steak Burrito,Mexican,14.95
5369,2023-03-31,0 days 22:05:04,109,Korean Beef Bowl,Asian,17.95
5369,2023-03-31,0 days 22:05:04,129,Mushroom Ravioli,Italian,15.5
5369,2023-03-31,0 days 22:05:04,120,Steak Torta,Mexican,13.95
5369,2023-03-31,0 days 22:05:04,122,Chips & Salsa,Mexican,7.0
5370,2023-03-31,0 days 22:15:48,122,Chips & Salsa,Mexican,7.0
